stipulationid,share,text
078,0.8501965923984273,"FULL WIDTH OF ROADWAY, INCLUDING PARKING LANES, SHALL BE OPENED TO TRAFFIC WHEN SITE IS UNATTENDED."
016,0.828440366972477,FULL WIDTH OF SIDEWALK SHALL BE OPENED TO PEDESTRIANS WHEN SITE IS UNATTENDED EXCEPT FOR CONCRETE CURING WHEN THAT PORTION OF THE SIDEWALK MAY REMAIN CLOSED PROVIDED ALL OTHER STIPULATIONS ON THIS PERMIT ARE COMPLIED WITH. THIS EXCEPTION DOES NOT APPLY IF STIPULATION 014 IS ALSO APPLIED TO THIS PERMIT. 
PAPER1,0.6942332896461337,PERMITTEE IS AUTHORIZED TO RESTRICT PARKING IN FRONT OF WRK ZONE &amp; ALONG THE OPPOSITE CURB LN OF WRK ZONE USING NYPD PAPER SIGNS STATING DAY(S) OF WRK. SIGNS SHALL BE POSTED MIN OF 48-HRS PRIOR TO START OF WRK &amp; IMMEDIATELY REMOVED UPON COMPLETION OF WRK OR PERMIT EXPIRATION. WHEN POSTING SIGNS ON TREES ONLY ELASTIC BANDS MAY BE USED. POSTING OF SIGNS ON MTA/NYCT ANTENNA POLES IS PROHIBITED 
107,0.6425950196592398,"LOADING AND UNLOADING, STANDING OR PARKING IN A LANE ADJACENT TO THE WORK ZONE IN THE ROADWAY IS PROHIBITED. THIS APPLIES TO PERMITTEES AND ALL OF THEIR SUBCONTRACTORS. "
101,0.564875491480996,"THE PERMITTEE IS REQUIRED TO INSTALL, MAINTAIN, AND REMOVE ALL NECESSARY TEMPORARY PARKING AND REGULATORY SIGNS AND PAVEMENT MARKINGS AND RESTORE TO THEIR ORIGINAL CONDITION PER NYCDOT STANDARDS PRIOR TO THE EXPIRATION OF THE PERMIT. PERMITTEE MUST NOTIFY NYPD/TRAFFIC MANAGEMENT CENTER 48 HOURS PRIOR TO CHANGING ANY SIGNS/MARKINGS. APPROVED PLANS MUST BE ON SITE. "
013,0.46985583224115335,MAINTAIN A MINIMUM 5 FOOT CLEAR PEDESTRIAN WALK ON THE SIDEWALK
022,0.4581913499344692,"PLACE BARRICADES AND POST SIGNS MEETING FED MUTCD STANDARDS STATING ""ROAD CLOSED TO THRU TRAFFIC"""
111,0.4511140235910878,"A 4' X 4' FIXED ORANGE CONSTRUCTION SIGN WITH 5"" BLACK LETTERING MUST BE PLACED A MINIMUM OF 7 CALENDAR DAYS PRIOR TO CLOSURE AT A LOCATION ENTERING THE STREET TO BE CLOSED.  THE SIGN MUST BE PLACED AT A HEIGHT OF 7 TO 10 FEET AND STATE THE STREET TO BE CLOSED AND THE DATES AND TIMES OF SUCH CLOSURE.  FIXED SIGN MUST BE REMOVED UPON COMPLETION OF THE APPROVED CLOSURE. "
STFURN,0.4380078636959371,"THERE IS EXISTING NYC DOT STREET FURNITURE LOCATED ON THIS STREET. THE PERMITTEE SHALL NOT MOVE, DAMAGE, OR DISRUPT ANY CITYBENCHES, BIKE RACKS, LEANING BARS OR STREET SEATS. IF THE FURNITURE IMPACTS THE WORK, THE PERMITTEE MUST CONTACT NYC DOT AT 212-839-6569 OR VIA EMAIL AT CITYBENCH@DOT.NYC.GOV PRIOR TO WORK. THE PERMITTEE IS RESPONSIBLE FOR THE REPLACEMENT OF DAMAGED STREET FURNITURE."
074,0.28034076015727394,"WORK SATURDAY, 8AM-6PM AND SUNDAY 9AM-6P M. SECTION 24-224 ADMINISTRATIVE CODE VARIANCE GRANTED FOR HOURS AND DAYS STIPULATED HEREIN. "
106,0.27889908256880735,"CONTRACTORS SHALL NOTIFY IN WRITING BY LETTER POLICE, FIRE, EMS, COMMUNITY BOARDS, AND ALL PROPERTY OWNERS ON THE AFFECTED STREET SEGMENT A MINIMUM OF 7 CALENDAR DAYS PRIOR TO CLOSURE.  WHEN APPLICABLE, NYCT OR PRIVATE BUS COMPANIES MUST ALSO BE NOTIFIED. "
104,0.273656618610747,LOCAL AND EMGERGENCY ACCESS MUST BE PROVIDED FROM EACH END OF THE BLOCK AT THE INTERSECTIONS WITH USE OF FLAGGERS AND SIGNAGE. 
011,0.2501965923984273,POST SIGNS MEETING NYCDOT SPECIFICATIONS FOR DIRECTING PEDESTRIANS TO OPPOSITE SIDEWALK. SIGNS MUST BE POSTED AT WORK ZONES AS WELL AS BOTH INTERSECTIONS OF AFFECTED SIDEWALK. 
037,0.21861074705111402,SECTION 24-224 ADMINISTRATIVE CODE VARIANCE GRANTED FOR HOURS AND DAYS STIPULATED HEREIN 
023,0.17182175622542595,MAINTAIN ONE 11 FOOT LANE FOR TRAFFIC 
BIKE01,0.14980340760157274,"THE PERMITTEE MUST CREATE A TEMPORARY BIKEWAY AROUND THE WORK ZONE DELINEATED BY CONES OR SIMILAR VERTICAL TRAFFIC DEVICES IF THE WORK IMPACTS A PROTECTED BICYCLE LANE. THE MINIMUM WIDTH FOR A TEMPORARY ONE-WAY BIKEWAY MUST BE 5 FEET AND 8 FEET FOR A TWO-WAY BIKEWAY. WHERE A TWO-WAY BICYCLE LANE EXISTS ON A ONE-WAY STREET, THE BICYCLE LANE IN THE OPPOSITE DIRECTION OF TRAFFIC SHOULD ALWAYS BE ACCOMMODATED BY A TEMPORARY FIVE-FOOT BIKEWAY AND DELINEATED BY CONES. THE MOVING LANE MUST BECOME A TEMPORARY SHARED VEHICLE AND BICYCLE LANE. NO REDUCTION OF MOVING LANES IS PERMITTED UNLESS STIPULATED ON THIS PERMIT. PARKING RESTRICTIONS MAY APPLY. WHEN A ONE-WAY TEMPORARY BIKEWAY CANNOT BE CREATED, THE NEAREST MOVING LANE TO THE BICYCLE LANE MUST BECOME A SHARED VEHICLE AND BICYCLE LANE. PERMITTEE MUST COMPLY WITH THE BIKE MPT DESIGN GUIDELINES, WHICH ARE AVAILABLE AT https://www1.nyc.gov/html/dot/downloads/pdf/bike-mpt-guidelines.pdf"
OCMC92,0.14600262123197902,DURING WORKING HOURS SIDEWALK MAY BE CLOSED PROVIDED FLAGGERS ARE AT EACH INTERSECTION AND AT BOTH ENDS OF WORK SITE TO SAFELY CROSS PEDESTRIANS. DURING NON-WORKING HOURS PEDESTRIAN WALK WAY MUST BE MAINTAINED ON SIDEWALK OR ON ROADWAY. 
BIKE02,0.12647444298820446,"THE PERMITTEE MUST CREATE A TEMPORARY BIKEWAY AROUND THE WORK ZONE DELINEATED BY CONES OR SIMILAR VERTICAL TRAFFIC DEVICES IF THE WORK IMPACTS A BICYCLE LANE. THE MINIMUM WIDTH FOR A ONE-WAY BIKEWAY MUST BE 5 FEET AND 8 FEET FOR A TWO-WAY BIKEWAY. WHERE A TWO-WAY BICYCLE LANE EXISTS ON A ONE-WAY STREET, THE BICYCLE LANE IN THE OPPOSITE DIRECTION OF TRAFFIC SHOULD ALWAYS BE ACCOMMODATED BY A TEMPORARY FIVE-FOOT BIKEWAY AND DELINEATED BY CONES. THE MOVING LANE MUST BECOME A TEMPORARY SHARED VEHICLE AND BICYCLE LANE. NO REDUCTION OF MOVING LANES IS PERMITTED UNLESS STIPULATED ON THIS PERMIT. PARKING RESTRICTIONS MAY APPLY. WHEN A ONE-WAY TEMPORARY BIKEWAY CANNOT BE CREATED, THE NEAREST MOVING LANE MUST BECOME A SHARED VEHICLE AND BICYCLE LANE. PERMITTEE MUST COMPLY WITH THE BIKE MPT DESIGN GUIDELINES, WHICH ARE AVAILABLE AT https://www1.nyc.gov/html/dot/downloads/pdf/bike-mpt-guidelines.pdf"
BSHLTR,0.12332896461336829,"THERE IS EXISTING NYC DOT STREET FURNITURE LOCATED ON THIS STREET. THE PERMITTEE SHALL NOT MOVE, DAMAGE, OR DISRUPT THE SURROUNDING SIDEWALK OF ANY BUS SHELTER, BIKE SHELTER, OR NEWSSTAND. IF THE FURNITURE IMPACTS THE WORK, THE PERMITTEE MUST CONTACT NYC DOT AT 212-839-4482 OR VIA EMAIL AT CSFFPERMITS@DOT.NYC.GOV PRIOR TO WORK. THE PERMITTEE IS RESPONSIBLE FOR THE REPLACEMENT OF DAMAGED STREET FURNITURE."
BIKESH,0.1163826998689384,"A BIKE SHARE STATION IS/WILL BE LOCATED ON THIS STREET. PERMITTEE SHALL NOT MOVE, DAMAGE OR DISRUPT THE OPERATION OF THE STATION. IF WORK IMPACTS THE STATION, THE PERMITTEE MUST CONTACT NYC BIKE SHARE AT 855-245-3311 FOR THEIR REQUIREMENTS PRIOR TO WORK. THE PERMITTEE MAY BE REQUIRED TO PAY STATION DEACTIVIATION AND/OR REMOVAL CHARGES. "
087,0.09318479685452162,"WORK 9AM - 3PM, MONDAY THROUGH FRIDAY "
024,0.08794233289646133,MAINTAIN TWO 11 FOOT LANES FOR TRAFFIC 
BIKE03,0.0872870249017038,"IF WORK IMPACTS A SHARED VEHICLE AND BICYCLE LANE, THE PERMITTEE MUST POST THE SIGN ASSEMBLY SC-151 AND SC-152 AT THE WORK ZONE AND THE SIGN ASSEMBLY SC-145 AND SC-152. IF THE 50 FEET FALLS WITHIN THE INTERSECTION, IT SHOULD BE INSTALLED ON THE APPROACH TO THE INTERSECTION AND ON THE SIDEWALK AT A LOCATION BETWEEN THE CROSSWALK AND STOP BAR. FOR SIGN ASSEMBLY INFORMATION SEE BIKE MPT DESIGN GUIDELINES. PERMITTEE MUST COMPLY WITH THE BIKE MPT DESIGN GUIDELINES, WHICH ARE AVAILABLE AT https://www1.nyc.gov/html/dot/downloads/pdf/bike-mpt-guidelines.pdf"
025,0.07483617300131061,MAINTAIN THREE 11 FOOT LANES FOR TRAFFIC 
OCMC95,0.058846657929226734,"THE CONTRACTOR SHALL MAINTAIN (1) EITHER A 5-FOOT CLEAR SIDEWALK FOR PEDESTRIAN ACCESS AT ALL TIMES,(2) A PROTECTED WALKWAY IN THE ROADWAY MEETING ALL NYCDOT SPECIFICATIONS AND RAMPED AT ENTRY TO SIDEWALK FOR HANDICAPPED ACCESSIBILITY OR,(3) A NYCDOB APPROVED  PROTECTED WALKWAY THROUGH THE BUILDING."
MTRPRK,0.05727391874180865,"If metered parking regulations are within your project area, either on the sidewalk or in the roadway, DOT Parking Unit must be notified before work begins to determine if meters need to be removed, relocated and to identify metered space loss. The contractor shall not relocate, remove, enclose, or attempt to barricade the meters. DOT Parking Unit must be notified upon work completion to restore metered parking. Please complete the DOT Parking Meter Construction Impact Webform to initiate the process: https://nyc.gov/meterconstruction. For more information call (212) 839-3230."
072,0.05648754914809961,"WORK 9AM-4PM, MONDAY TO FRIDAY "
102,0.055701179554390565,WORK 10PM TO 6AM NIGHTLY. SECTION 24-224 ADMINISTRATIVE CODE VARIANCE GRANTED FOR HOURS AND DAYS STIPULATED HEREIN.
AUTHPK,0.05019659239842726,"PRIOR TO PERFORMING ANY NON-EMERGENCY WORK WHICH IMPACTS AUTHORIZED PARKING, THE CONTRACTOR SHALL NOTIFY AND COORDINATE WITH NYC DOT AUTHORIZED PARKING UNIT AT: AUTHORIZEDPARKING@DOT.NYC.GOV, PRIOR TO OCCUPYING THESE AREAS. STORAGE OF MATERIAL OR EQUIPMENT DURING NON-WORKING HOURS IN AUTHORIZED PARKING ZONES IS PROHIBITED WITHOUT PRIOR APPROVAL FROM NYC DOT AUTHORIZED PARKING."
TFHV24,0.048099606815203144,"TAXI/FHV STAND(S) ARE LOCATED ON THIS STREET. PERMITTEE SHALL NOT DISRUPT THE OPERATION OF TAXI/FHV STAND(S). IF WORK IMPACTS THE TAXI/FHV STAND(S), THE PERMITTEE MUST EMAIL NYC DOT AT TAXIFHV@DOT.NYC.GOV FOR THEIR REQUIREMENTS PRIOR TO WORK. THE PERMITTEE IS RESPONSIBLE FOR RESTORATION OF SIGNAGE AS DIRECTED BY NYC DOT."
027,0.04665792922673657,"MAINTAIN 2 LANES FOR TRAFFIC, 1 LANE IN EACH DIRECTION "
019,0.04534731323722149,"WORK 7AM - 6PM, MONDAY THROUGH FRIDAY "
410,0.04442988204456094,"VARIANCE GRANTED TO WORK DURING THE ""HOLIDAY""EMBARGO-NOVEMBER TO JANUARY, AS STIPULATED BY THE O.C.M.C. OFFICE. "
029,0.043905635648754916,COORDINATE CONSTRUCTION ACTIVITY WITH THEATRE GROUPS PRIOR TO WORK. 
SE1888,0.038269986893840105,WORK EMBARGO: 09/10/24 12:01am to 09/24/24 11:59pm for UNGA EMBARGO. Full street closure. *NYC DOT requires full restoration of roadway and/or sidewalk for public use as it relates to the event. Please contact DOT Special Events (SpecialEvents@dot.nyc.gov) for further information.
083,0.036435124508519004,WORK 9AM TO 2PM MONDAY TO FRIDAY 
OCMC17,0.03525557011795544,WORK ALLOWED 8AM TO 4PM SATURDAY. SECTION 24-224 ADMINISTRATIVE CODE VARIANCE GRANTED FOR HOURS AND DAYS STIPULATED HEREIN. 
SE5W84,0.03473132372214941,WORK EMBARGO: 11/13/23 12am-11:59pm for Veterans Day Parade Embargo. Full street closure. *NYC DOT requires full restoration of roadway and/or sidewalk for public use as it relates to the event. Please contact DOT Special Events (SpecialEvents@dot.nyc.gov) for further information.
082,0.03420707732634338,"WORK 7AM - 4PM, MONDAY THROUGH FRIDAY "
VAR001,0.032503276539973786,VARIANCE GRANTED TO WORK DURING SCHOOL HOURS AS STIPULATED BY O.C.M.C. OFFICE. 
SE2S31,0.02961992136304063,"WORK EMBARGO: 08/13/23 12:01am to 08/19/23 6pm for 2023 Embargo Summer Streets (August 19). Full street closure. *NYC DOT REQUIRES FULL RESTORATION OF ROADWAY AND/OR SIDEWALK FOR PUBLIC USE AS IT RELATES TO THE EVENT. PLEASE CONTACT DOT SPECIAL EVENTS (SPECIALEVENTS@DOT.NYC.GOV) FOR FURTHER INFORMATION. Also includes"" Brooklyn and Manhattan Bridges, entire length of 23 St. All inclusive: Area bounded by East 110th Street on the North, East 8th Street on the South, 3rd Avenue on the East, 5th Avenue on the West. • Area bounded by 59th Street on the North, 23rd Street on the South, 5th Avenue on the East, 6th Avenue on the West. • Area bounded by East 8th Street on the North, Park Row on the South, Cooper Square / Bowery / Chatham Square / Park Row on the East, Broadway on the West."
SE2S28,0.02948885976408912,"WORK EMBARGO: 08/06/23 12:01am to 08/12/23 6pm for 2023 Embargo Summer Streets (August 12). Full street closure. *NYC DOT REQUIRES FULL RESTORATION OF ROADWAY AND/OR SIDEWALK FOR PUBLIC USE AS IT RELATES TO THE EVENT. PLEASE CONTACT DOT SPECIAL EVENTS (SPECIALEVENTS@DOT.NYC.GOV) FOR FURTHER INFORMATION. Also includes"" Brooklyn and Manhattan Bridges, entire length of 23 St. All inclusive: Area bounded by East 110th Street on the North, East 8th Street on the South, 3rd Avenue on the East, 5th Avenue on the West. • Area bounded by 59th Street on the North, 23rd Street on the South, 5th Avenue on the East, 6th Avenue on the West. • Area bounded by East 8th Street on the North, Park Row on the South, Cooper Square / Bowery / Chatham Square / Park Row on the East, Broadway on the West."
SE91A8,0.026998689384010486,"WORK EMBARGO: 07/28/24 12:01am to 08/03/24 6pm for 2024 Embargo Summer Streets - Manhattan August 3. Full street closure. *NYC DOT requires full restoration of roadway and/or sidewalk for public use as it relates to the event. Please contact DOT Special Events (SpecialEvents@dot.nyc.gov) for further information. Note: Includes areas between E 125 St, Central Park North, Lenox Ave and Adam Clayton Powell Jr. Blvd; between E 110 St, E 8 St, 3rd Ave and 5 Ave; between 59 St, 23 St, 5 Ave and 6 Ave; between E 8 St, Park Row and Cooper Square/Bowery/Chatham Square/Park Row, Broadway. Brooklyn and Manhattan Bridges"
STP001,0.026998689384010486,THIS PERMIT REQUIRES REVIEW AND RELEASE FOR SPECIAL TRAFFIC PROJECT RESTORATION. 
SE1S69,0.026867627785058978,"WORK EMBARGO: 07/30/23 12:01am to 08/05/23 6pm for 2023 Embargo Summer Streets (August 5). Full street closure. *NYC DOT REQUIRES FULL RESTORATION OF ROADWAY AND/OR SIDEWALK FOR PUBLIC USE AS IT RELATES TO THE EVENT. PLEASE CONTACT DOT SPECIAL EVENTS (SPECIALEVENTS@DOT.NYC.GOV) FOR FURTHER INFORMATION. Also includes"" Brooklyn and Manhattan Bridges, entire length of 23 St. All inclusive: Area bounded by East 110th Street on the North, East 8th Street on the South, 3rd Avenue on the East, 5th Avenue on the West. • Area bounded by 59th Street on the North, 23rd Street on the South, 5th Avenue on the East, 6th Avenue on the West. • Area bounded by East 8th Street on the North, Park Row on the South, Cooper Square / Bowery / Chatham Square / Park Row on the East, Broadway on the West."
SE61B9,0.02581913499344692,"WORK EMBARGO: 08/04/24 12:01am to 08/10/24 6pm for 2024 Embargo Summer Streets - Manhattan August 10. Full street closure. *NYC DOT requires full restoration of roadway and/or sidewalk for public use as it relates to the event. Please contact DOT Special Events (SpecialEvents@dot.nyc.gov) for further information. Note: Includes areas between E 125 St, Central Park North, Lenox Ave and Adam Clayton Powell Jr. Blvd; between E 110 St, E 8 St, 3rd Ave and 5 Ave; between 59 St, 23 St, 5 Ave and 6 Ave; between E 8 St, Park Row and Cooper Square/Bowery/Chatham Square/Park Row, Broadway. Brooklyn and Manhattan Bridges"
SE62B1,0.02490170380078637,"WORK EMBARGO: 08/11/24 12:01am to 08/17/24 6pm for 2024 Embargo Summer Streets - Manhattan August 17. Full street closure. *NYC DOT requires full restoration of roadway and/or sidewalk for public use as it relates to the event. Please contact DOT Special Events (SpecialEvents@dot.nyc.gov) for further information. Note: Includes areas between E 125 St, Central Park North, Lenox Ave and Adam Clayton Powell Jr. Blvd; between E 110 St, E 8 St, 3rd Ave and 5 Ave; between 59 St, 23 St, 5 Ave and 6 Ave; between E 8 St, Park Row and Cooper Square/Bowery/Chatham Square/Park Row, Broadway. Brooklyn and Manhattan Bridges"
086,0.022935779816513763,"WORK 7 AM TO 3 PM, MONDAY THROUGH FRIDAY "
SE68V9,0.022804718217562255,"WORK EMBARGO: 00/00 - 00/00/2016 FOR SPECIAL EVENT NAME TIME: 12:01 AM - 6 PM *NYC DOT REQUIRES FULL RESTORATION OF ROADWAY AND/OR SIDEWALK FOR PUBLIC USE AS IT RELATES TO THE EVENT. PLEASE CONTACT DOT SPECIAL EVENTS (SPECIALEVENTS@DOT.NYC.GOV) FOR FURTHER INFORMATION. Note: Include Cleveland Place between Spring Street and Kenmare Street, Centre Street between Worth St and Reade St, Park Row between Beekman Street and Ann Street"
REDBUS,0.022542595019659238,"RESTORATION OF ROADWAY WHICH HAS RED COLORED BUS LANE MARKING MUST BE RESTORED WITH METHYL METHACRYLATE (MMA) OR APPROVED EQUIVALENT ON NYCDOT's APPROVED LIST. FOR PRODUCT LISTING AND COMPLETE MMA SPECIFICATION, SEE https://www1.nyc.gov/html/dot/downloads/pdf/pavement-marking-specs-mma-cst.pdf ."
015,0.022018348623853212,MAINTAIN A MINIMUM 8 FOOT CLEAR PEDESTRIAN WALK ON SIDEWALK.
901,0.02162516382699869,"ONE SPEED REDUCER  IS LOCATED IN THE ROADWAY OF YOUR PROPOSED WORK AREA. PRIOR TO BEGINING ANY WORK, TO ENSURE THAT YOU RESTORE THE AREA IN-KIND,YOU MUST CONTACT THE NYC TRAFFIC PLANNING DIVISION TO OBTAIN THE CONSTRUCTION AND MARKING PLANS FOR SPEED REDUCER INSTALLATION AND ANY SIGNAGE ASSOCIATED WITH THE REDUCER. "
SE48K9,0.020052424639580603,"WORK EMBARGO : 08/01/25 12:01am to 08/02/25 8pm for 2025 Embargo Summer Streets Manhattan - August 1-2. Full street closure. *NYC DOT requires full restoration of roadway and/or sidewalk for public use as it relates to the event. Please contact DOT Special Events (SpecialEvents@dot.nyc.gov) for further information. Note: Also includes the areas: Bounded on the north by E125 St, south by Central Park North, east by Lenox Ave, west by Adam Clayton Powell Jr. Blvd; Bounded on the north by E110 St, south by E 8 St, east by 3 Ave, west by 5 Ave; Bounded on the north by by 59 St, south by 23 St, east by 5 Ave, west by 6 Ave; Bounded by north by E 8 St, south by Park Row, west by Broadway, east by Cooper Square/Bowery/Chatham Square/Park Row. Entire length for the ff streets: 110 St, 124 St, 125 St, 14 St, 23 St, 30 St, 34 St, 42 St, 57 St, 65 St, 66 St, 72 St, 79 St, 86 St, 96 St, Canal St, Central Park N , Leonard St, Reade St, Worth St."
014,0.020052424639580603,"MAINTAIN A 5 FOOT CLEAR PROTECTED PEDESTRIAN WALKWAY IN ROADWAY. WALKWAY MUST MEET NYCDOT SPECIFICATIONS AND MUST BE PROTECTED BY TIMBER BARRIER, WATER-FILLED BARRIER OR CONCRETE JERSEY BARRIER (CONCRETE JERSEY BARRIER MUST BE PERMITTED SEPARATELY) . WALKWAY MUST BE RAMPED AT ENTRY TO SIDEWALK FOR HANDICAPPED ACCESSIBILITY."
SE73K7,0.020052424639580603,"WORK EMBARGO : 08/15/25 12:01am to 08/16/25 8pm for 2025 Embargo Summer Streets Manhattan - August 15-16. Full street closure. *NYC DOT requires full restoration of roadway and/or sidewalk for public use as it relates to the event. Please contact DOT Special Events (SpecialEvents@dot.nyc.gov) for further information. Note: Also includes the areas: Bounded on the north by E125 St, south by Central Park North, east by Lenox Ave, west by Adam Clayton Powell Jr. Blvd; Bounded on the north by E110 St, south by E 8 St, east by 3 Ave, west by 5 Ave; Bounded on the north by by 59 St, south by 23 St, east by 5 Ave, west by 6 Ave; Bounded by north by E 8 St, south by Park Row, west by Broadway, east by Cooper Square/Bowery/Chatham Square/Park Row. Entire length for the ff streets: 110 St, 124 St, 125 St, 14 St, 23 St, 30 St, 34 St, 42 St, 57 St, 65 St, 66 St, 72 St, 79 St, 86 St, 96 St, Canal St, Central Park N , Leonard St, Reade St, Worth St."
035,0.019528178243774574,MAINTAIN 1 - 11 FOOT LANE FOR 2 WAY THRU TRAFFIC W/FLAGGERS AT EACH END OF WORK ZONE. 
SE0H81,0.01926605504587156,"WORK EMBARGO: 07/31/22 12:01am to 08/06/22 6pm for 2022 Embargo Summer Streets (August 6). Full street closure. *NYC DOT REQUIRES FULL RESTORATION OF ROADWAY AND/OR SIDEWALK FOR PUBLIC USE AS IT RELATES TO THE EVENT. PLEASE CONTACT DOT SPECIAL EVENTS (SPECIALEVENTS@DOT.NYC.GOV) FOR FURTHER INFORMATION. Also includes: Brooklyn Bridge, Manhattan Bridge; all (4) sides of Gramercy Park. All inclusive: E 72 St-3 Ave-5 Ave-E 8 St. All inclusive: E8 St-Cooper/BoweryChatham Sq/Park Row-Broadway-Park Row"
PLZ001,0.019134993446920052,"THE SITE OF YOUR PROPOSED WORK FALLS WITHININ THE VICINITY OF A NYC DOT PEDESTRIAN PLAZA. TO DETERMINE IMPACT, YOU MUST SUBMIT A SCALED DRAWING, SHOWING THE EXTENTS OF THE PROPOSED WORK, TO THE NYC DOT PUBLIC SPACE UNIT AT PLAZAS@DOT.NYC.GOV PRIOR TO ISSUANCE OF YOUR PERMIT. THE PERMITTEE IS RESPONSIBLE TO REPLACE ALL MATERIALS IN KIND."
BRIDGE,0.01887287024901704,"THE SITE OF YOUR PROPOSED WORK MAY BE WITHIN 100FT OF A BRIDGE STRUCTURE. YOU MUST SURVEY THE SITE. IF WORK IS WITHIN 100FT OF A BRIDGE STRUCTURE, YOU MUST SUBMIT A SCALED DRAWING SHOWING THE WORK AND EXACT LOCATION. IF WORK IS MORE THAN 100FT AWAY, YOU MUST FORWARD CERTIFICATION. SEND RESPONSES TO NYCDOT DIV. OF BRIDGES: BRIDGESHOLD@DOT.NYC.GOV OR CALL 212-839-9222/9223 PRIOR TO WORK. "
GRNBIK,0.018610747051114023,"RESTORATION OF ROADWAY WHICH HAS GREEN COLORED BIKE LANE MARKING MUST BE RESTORED WITH METHYL METHACRYLATE (MMA) OR APPROVED EQUIVALENT ON NYCDOT'S APPROVED LIST. FOR PRODUCT LISTING AND COMPLETE MMA SPECIFICATION, SEE https://www1.nyc.gov/html/dot/downloads/pdf/pavement-marking-specs-mma-cst.pdf ."
SE4H54,0.01834862385321101,"WORK EMBARGO: 08/14/22 12:01am to 08/20/22 6pm for 2022 Embargo Summer Streets (August 20). Full street closure. *NYC DOT REQUIRES FULL RESTORATION OF ROADWAY AND/OR SIDEWALK FOR PUBLIC USE AS IT RELATES TO THE EVENT. PLEASE CONTACT DOT SPECIAL EVENTS (SPECIALEVENTS@DOT.NYC.GOV) FOR FURTHER INFORMATION. Also includes: Brooklyn Bridge, Manhattan Bridge; all (4) sides of Gramercy Park. All inclusive: E 72 St-3 Ave-5 Ave-E 8 St. All inclusive: E8 St-Cooper/Bowery/Chatham Sq/Park Row-Broadway-Park Row"
SE73K6,0.01795543905635649,"WORK EMBARGO : 08/08/25 12:01am to 08/09/25 8pm for 2025 Embargo Summer Streets Manhattan - August 8-9. Full street closure. *NYC DOT requires full restoration of roadway and/or sidewalk for public use as it relates to the event. Please contact DOT Special Events (SpecialEvents@dot.nyc.gov) for further information. Note: Also includes the areas: Bounded on the north by E125 St, south by Central Park North, east by Lenox Ave, west by Adam Clayton Powell Jr. Blvd; Bounded on the north by E110 St, south by E 8 St, east by 3 Ave, west by 5 Ave; Bounded on the north by by 59 St, south by 23 St, east by 5 Ave, west by 6 Ave; Bounded by north by E 8 St, south by Park Row, west by Broadway, east by Cooper Square/Bowery/Chatham Square/Park Row. Entire length for the ff streets: 110 St, 124 St, 125 St, 14 St, 23 St, 30 St, 34 St, 42 St, 57 St, 65 St, 66 St, 72 St, 79 St, 86 St, 96 St, Canal St, Central Park N , Leonard St, Reade St, Worth St."
SE4H53,0.017693315858453473,"WORK EMBARGO: 08/07/22 12:01am to 08/13/22 6pm for 2022 Embargo Summer Streets (August 13). Full street closure. *NYC DOT REQUIRES FULL RESTORATION OF ROADWAY AND/OR SIDEWALK FOR PUBLIC USE AS IT RELATES TO THE EVENT. PLEASE CONTACT DOT SPECIAL EVENTS (SPECIALEVENTS@DOT.NYC.GOV) FOR FURTHER INFORMATION. Also includes: Brooklyn Bridge, Manhattan Bridge; all (4) sides of Gramercy Park. All inclusive: E 72 St-3 Ave-5 Ave-E 8 St. All inclusive: E8 St-Cooper/BoweryChatham Sq/Park Row-Broadway-Park Row"
BIKE04,0.01703800786369594,"IF WORK IMPACTS AN INTERSECTION, THE PERMITTEE MUST POST THE SIGN ASSEMBLY SC-151 AND SC-152 AT THE WORK ZONE AND THE SIGN ASSEMBLY SC-145 AND SC-152. IF THE 50 FEET FALLS WITHIN THE INTERSECTION, IT SHOULD BE INSTALLED ON THE APPROACH TO THE INTERSECTION AND ON THE SIDEWALK AT A LOCATION BETWEEN THE CROSSWALK AND STOP BAR. FOR SIGN ASSEMBLY INFORMATION SEE BIKE MPT DESIGN GUIDELINES. PERMITTEE MUST COMPLY WITH THE BIKE MPT DESIGN GUIDELINES, WHICH ARE AVAILABLE AT https://www1.nyc.gov/html/dot/downloads/pdf/bike-mpt-guidelines.pdf"
SE39Y9,0.01598951507208388,"WORK EMBARGO: 08/14/2026 12:01AM - 08/15/2026 8:00PM for 2026 Embargo Summer Streets: Manhattan (August 15 2026) *NYC DOT REQUIRES FULL RESTORATION OF ROADWAY AND/OR SIDEWALK FOR PUBLIC USE AS IT RELATES TO THE EVENT. PLEASE CONTACT DOT SPECIAL EVENTS (SPECIALEVENTS@DOT.NYC.GOV) FOR FURTHER INFORMATION. Note: Include Cleveland Place between Spring Street and Kenmare Street, Centre Street between Worth St and Reade St, Park Row between Beekman Street and Ann Street, East 49th street between 3 avenue and FDR Drive, East 23 street between 1 Avenue and Avenue C, East 65 Street between Central Park West and 5 Avenue, W 81 St Transverse, 97 St Transverse Road, West 155 St between Frederick Douglas Blvd and Harlem River Drive, Brooklyn Bridge, Manhattan Bridge between Canal St and Tillary St, Nagle Avenue (entire length), Riverside Drive (entire length)"
SE39Y8,0.01507208387942333,"WORK EMBARGO: 08/7/2026 12:01AM - 08/8/2026 8:00PM for 2026 Embargo Summer Streets: Manhattan (August 8 2026) *NYC DOT REQUIRES FULL RESTORATION OF ROADWAY AND/OR SIDEWALK FOR PUBLIC USE AS IT RELATES TO THE EVENT. PLEASE CONTACT DOT SPECIAL EVENTS (SPECIALEVENTS@DOT.NYC.GOV) FOR FURTHER INFORMATION. Note: Include Cleveland Place between Spring Street and Kenmare Street, Centre Street between Worth St and Reade St, Park Row between Beekman Street and Ann Street, East 49th street between 3 avenue and FDR Drive, East 23 street between 1 Avenue and Avenue C, East 65 Street between Central Park West and 5 Avenue, W 81 St Transverse, 97 St Transverse Road, West 155 St between Frederick Douglas Blvd and Harlem River Drive, Brooklyn Bridge, Manhattan Bridge between Canal St and Tillary St, Nagle Avenue (entire length), Riverside Drive (entire length)"
OCMC20,0.0145478374836173,WORK IN ACCORDANCE WITH OCMC STIP SHEET AND ALL VALID AMENDMENTS WHICH MUST BE ATTACHED TO THIS PERMIT AND ON SITE. 
BENCH1,0.012581913499344692,"A CITYBENCH IS/WILL BE LOCATED ON THIS STREET. PERMITTEE SHALL NOT MOVE, DAMAGE OR DISRUPT THE BENCH. IF WORK IMPACTS ON THE BENCH, THE PERMITTEE MUST CONTACT NYC DOT AT 212-839-6569 OR VIA EMAIL AT CITYBENCH@DOT.NYC.GOV PRIOR TO WORK. THE PERMITTEE IS RESPONSIBLE FOR THE REPLACEMENT OF DAMAGED BENCHES. "
SE84B3,0.012450851900393184,"WORK EMBARGO: 09/11/24 12:01am to 09/24/24 11:59pm for 2024 Embargo UN General Assembly. Full street closure. *NYC DOT requires full restoration of roadway and/or sidewalk for public use as it relates to the event. Please contact DOT Special Events (SpecialEvents@dot.nyc.gov) for further information. Note: Include all areas bounded by 60th Street on the North, 34th Street on the South, 1st Avenue on the East and 3rd Avenue on the West; 57th Street on the North, 45th Street on the South,1st Avenue on the East and Madison Avenue on the West; 47th Street on the North, 44th Street on the South, 7th Avenue on the East and 8th Avenue on the West; East 86th Street on the North, East 80th Street on the South, Park Avenue on the East, and 5th Avenue on the West. Also includes East 49-48 Sts between Madison Ave-FDR Dr Svc Rd"
018,0.012319790301441678,NO NOISY OPERATIONS MAY OCCUR AFTER 10:00PM. 
SE00N3,0.01218872870249017,WORK EMBARGO: 06/29/2025 12:01am - 09/28/2025 11:59pm for 2025 Embargo UN General Assembly. Full Street Closure. *NYC DOT REQUIRES FULL RESTORATION OF ROADWAY AND/OR SIDEWALK FOR PUBLIC USE AS IT RELATES TO THE EVENT. PLEASE CONTACT DOT SPECIAL EVENTS (SPECIALEVENTS@DOT.NYC.GOV) FOR FURTHER INFORMATION
902,0.011926605504587157,"TWO   SPEED REDUCERS ARE LOCATED IN THE ROADWAY OF YOUR PROPOSED WORK AREA. PRIOR TO BEGINING ANY WORK, YOU MUST CONTACT THE NYC TRAFFIC PLANNING DIVISION TO OBTAIN THE CONSTRUCTION AND MARKING PLANS FOR SPEED REDUCER INSTALLATION AND ANY SIGNAGE ASSOCIATED WITH THE REDUCER. "
SE6931,0.011271297509829619,WORK EMBARGO: 11/27/24 12am to 01/03/25 11:59pm for Holiday Embargo. Sidewalk and street closure. *NYC DOT requires full restoration of roadway and/or sidewalk for public use as it relates to the event. Please contact DOT Special Events (SpecialEvents@dot.nyc.gov) for further information.
SE18N7,0.010747051114023591,WORK EMBARGO: 12/24/25 12:01am to 01/02/26 11:59pm for Times Square New Year's Eve Celebration. Full street closure. *NYC DOT requires full restoration of roadway and/or sidewalk for public use as it relates to the event. Please contact DOT Special Events (SpecialEvents@dot.nyc.gov) for further information. Note: Area bounded by West 34th Street on the South; West 59th Street on the North; 6th Avenue on theEast; 8th Avenue on the West (All inclusive)
L00007,0.009698558322411533,"CONTRACTOR SHALL BE RESPONSIBLE FOR ALL EQUIPMENT, VEHICLES AND PERSONNEL ON OR AROUND WORK SITE. "
112,0.009043250327653997,MAINTAIN ONE 11-FOOT LANE ON ONE-WAY STREETS AND TWO 11-FOOT LANES ON TWO-WAY STREETS.
CARSH,0.00891218872870249,"CARSHARE PARKING SPACE(S) ARE/WILL BE LOCATED ON THIS STREET. PERMITTEE SHALL NOT DISRUPT THE OPERATION OF CARSHARE PARKING SPACE(S). IF WORK IMPACTS THE CARSHARE PARKING SPACE(S), THE PERMITTEE MUST EMAIL NYC DOT AT Carshare@dot.nyc.gov FOR THEIR REQUIREMENTS PRIOR TO WORK. THE PERMITTEE IS RESPONSIBLE FOR RESTORATION OF ON-STREET PAVEMENT MARKINGS AS DIRECTED BY NYC DOT."
SE75A0,0.00851900393184797,WORK EMBARGO: 12/10/23 6am-3pm for Virgen de Guadalupe Procession . Full street closure. *NYC DOT requires full restoration of roadway and/or sidewalk for public use as it relates to the event. Please contact DOT Special Events (SpecialEvents@dot.nyc.gov) for further information.
SE8R89,0.008387942332896461,WORK EMBARGO: 12/26/23 12am to 01/07/24 11:59pm for New Years Eve 2024. Full street closure. *NYC DOT REQUIRES FULL RESTORATION OF ROADWAY AND/OR SIDEWALK FOR PUBLIC USE AS IT RELATES TO THE EVENT. PLEASE CONTACT DOT SPECIAL EVENTS (SPECIALEVENTS@DOT.NYC.GOV) FOR FURTHER INFORMATION
060,0.008256880733944955,"WORK MAY OCCUR 24 HOURS A DAY, SEVEN DAYS A WEEK. SECTION 24-224 ADMINISTRATIVE CODE VARIANCE GRANTED FOR HOURS AND DAYS STIPULATED HEREIN. "
SE1B37,0.008256880733944955,WORK EMBARGO: 11/23/22 12:01am to 11/25/22 11:59pm for Thanksgiving Embargo . Full street closure. *NYC DOT REQUIRES FULL RESTORATION OF ROADWAY AND/OR SIDEWALK FOR PUBLIC USE AS IT RELATES TO THE EVENT. PLEASE CONTACT DOT SPECIAL EVENTS (SPECIALEVENTS@DOT.NYC.GOV) FOR FURTHER INFORMATION
SE48U5,0.007863695937090432,"WORK EMBARGO: 06/08/2026 12:01AM - 07/20/2026 11:59PM for 2026 Embargo FIFA World Cup. Full Street Closure. *NYC DOT REQUIRES FULL RESTORATION OF ROADWAY AND/OR SIDEWALK FOR PUBLIC USE AS IT RELATES TO THE EVENT. PLEASE CONTACT DOT SPECIAL EVENTS (SPECIALEVENTS@DOT.NYC.GOV) FOR FURTHER INFORMATION. Note: Includes Columbus Circle, West Drive between Center Drive/ Central Park South and 86th Street Transverse, East Drive between Grand Army Plaza and 86th Street Transverse, Center Drive between West Drive and East Drive, Terrace Drive between Central Park West and 5th Avenue"
088,0.007863695937090432,"WORK 10AM - 3PM, MONDAY THROUGH FRIDAY "
OCMC19,0.007732634338138925,"WORK IN ACCORDANCE WITH OCMC STIP SHEET AND ALL VALID AMENDMENTS, AND LOCATION SHEET WHICH MUST BE ATTACHED TO THIS PERMIT AND ON SITE. "
SE7H33,0.007732634338138925,"WORK EMBARGO: 09/01/22 12:01am to 09/30/22 11:59pm for 2022 Embargo UN General Assembly. Full street closure. *NYC DOT REQUIRES FULL RESTORATION OF ROADWAY AND/OR SIDEWALK FOR PUBLIC USE AS IT RELATES TO THE EVENT. PLEASE CONTACT DOT SPECIAL EVENTS (SPECIALEVENTS@DOT.NYC.GOV) FOR FURTHER INFORMATION. All inclusive areas bounded by E60 St. 1 Ave, 3 Ave, E34 St. All inclusive areas bounded by E 54 St, 1 Ave, Madison Ave, E 48 St."
SE6I74,0.006946264744429882,WORK EMBARGO: 11/24/22 12:01am-11:59pm for 2022 Embargo Macy's Thanksgiving Day Parade (Event Day). Full street closure. *NYC DOT REQUIRES FULL RESTORATION OF ROADWAY AND/OR SIDEWALK FOR PUBLIC USE AS IT RELATES TO THE EVENT. PLEASE CONTACT DOT SPECIAL EVENTS (SPECIALEVENTS@DOT.NYC.GOV) FOR FURTHER INFORMATION
SE5R14,0.006422018348623854,WORK EMBARGO: 08/12/23 8am-7:30pm for Morrison Avenue Festival. Full street closure. *NYC DOT REQUIRES FULL RESTORATION OF ROADWAY AND/OR SIDEWALK FOR PUBLIC USE AS IT RELATES TO THE EVENT. PLEASE CONTACT DOT SPECIAL EVENTS (SPECIALEVENTS@DOT.NYC.GOV) FOR FURTHER INFORMATION.
PEDRMP,0.006290956749672346,"RESTORATION MAY REQUIRE PEDESTRIAN RAMP RESTORATION AS PER CURRENT STANDARD DETAIL DRAWING H-1011. A SEPARATE PERMIT (TYPE 0410, 0411, OR 0412) IS REQUIRED FOR THIS INSTALLATION/MODIFICATION OF THE CORNER. IF NEEDED, CONTACT HIQA'S PEDESTRIAN RAMP ENFORCEMENT UNIT VIA EMAIL AT HIQAPEDRAMP@DOT.NYC.GOV TO SCHEDULE AN ON-SITE INSPECTION"
SE58A6,0.005897771952817824,WORK EMBARGO: 06/07/24 12:01am to 06/09/24 11:59pm for 2024 Embargo National Puerto Rican Day Parade. Full street closure. *NYC DOT requires full restoration of roadway and/or sidewalk for public use as it relates to the event. Please contact DOT Special Events (SpecialEvents@dot.nyc.gov) for further information.
SE7342,0.0056356487549148095,WORK EMBARGO: 11/03/24 12:01am-11:59pm for NYC Marathon Embargo. Full street closure. *NYC DOT requires full restoration of roadway and/or sidewalk for public use as it relates to the event. Please contact DOT Special Events (SpecialEvents@dot.nyc.gov) for further information. Note: Includes Bay St bet Richmond Terr-School Rd.
SE94J1,0.005373525557011796,WORK EMBARGO: 12/31 12:01AM - 01/01/2025 12:01AM FOR SPECIAL EVENT New Years Eve 2025 / Full Street Closure *NYC DOT REQUIRES FULL RESTORATION OF ROADWAY AND/OR SIDEWALK FOR PUBLIC USE AS IT RELATES TO THE EVENT. PLEASE CONTACT DOT SPECIAL EVENTS (SPECIALEVENTS@DOT.NYC.GOV) FOR FURTHER INFORMATION
OCMC09,0.005373525557011796,WORK HOURS 9PM TO 5AM. SECTION 24-224 ADMINISTRATIVE CODE VARIANCE GRANTED FOR HOURS AND DAYS STIPULATED HEREIN. 
SE5G32,0.005373525557011796,WORK EMBARGO: 06/10/22 12:01am to 06/12/22 11:59pm for 2022 Embargo National Puerto Rican Day Parade. Full street closure. *NYC DOT REQUIRES FULL RESTORATION OF ROADWAY AND/OR SIDEWALK FOR PUBLIC USE AS IT RELATES TO THE EVENT. PLEASE CONTACT DOT SPECIAL EVENTS (SPECIALEVENTS@DOT.NYC.GOV) FOR FURTHER INFORMATION
SE4S39,0.005242463958060288,WORK EMBARGO: 09/12/23 12:01am to 09/29/23 11:59pm for 2023 Embargo UN General Assembly. Full street closure. *NYC DOT requires full restoration of roadway and/or sidewalk for public use as it relates to the event. Please contact DOT Special Events (specialevents@dot.nyc.gov) for further information. Also includes: Grand Army Plz btwn East Drive and 5 Ave.
048,0.005242463958060288,OCCUPY 8 FOOT WIDTH OF ROADWAY ADJACENT  TO SOUTH CURBLINE 
SE4G93,0.005242463958060288,WORK EMBARGO: 05/21/22 12:01am to 05/22/22 11:59pm for 2022 Embargo Celebrate Israel Parade. Full street closure. *NYC DOT REQUIRES FULL RESTORATION OF ROADWAY AND/OR SIDEWALK FOR PUBLIC USE AS IT RELATES TO THE EVENT. PLEASE CONTACT DOT SPECIAL EVENTS (SPECIALEVENTS@DOT.NYC.GOV) FOR FURTHER INFORMATION
SE22P2,0.005242463958060288,WORK EMBARGO: 06/11/2026 12:01am to 06/14/2026 11:59pm for 2026 Embargo National Puerto Rican Day Parade. Full street closure. *NYC DOT REQUIRES FULL RESTORATION OF ROADWAY AND/OR SIDEWALK FOR PUBLIC USE AS IT RELATES TO THE EVENT. PLEASE CONTACT DOT SPECIAL EVENTS (SPECIALEVENTS@DOT.NYC.GOV) FOR FURTHER INFORMATION
SE08B7,0.005111402359108781,WORK EMBARGO: 06/09/24 6am-7pm for National Puerto Rican Day Parade. Full street closure. *NYC DOT requires full restoration of roadway and/or sidewalk for public use as it relates to the event. Please contact DOT Special Events (SpecialEvents@dot.nyc.gov) for further information.
SEA059,0.005111402359108781,WORK EMBARGO: 04/23/22 12am - 11:59pm for Earth Day Embargo Full street closure. NYC DOT MAY REQUIRE FULL RESTORATION OF ROADWAY AND/OR SIDEWALK FOR PUBLIC USE AS IT RELATES TO THE EVENT. PLEASE CONTACT DOT SPECIAL EVENTS (SPECIALEVENTS@DOT.NYC.GOV) FOR FURTHER INFORMATION
SE7O64,0.004980340760157274,WORK EMBARGO: 03/23/23 12:01am to 03/17/23 11:59pm for 2023 Embargo St. Patrick's Day Parade. Full street closure. *NYC DOT REQUIRES FULL RESTORATION OF ROADWAY AND/OR SIDEWALK FOR PUBLIC USE AS IT RELATES TO THE EVENT. PLEASE CONTACT DOT SPECIAL EVENTS (SPECIALEVENTS@DOT.NYC.GOV) FOR FURTHER INFORMATION
SE54A4,0.00471821756225426,WORK EMBARGO: 05/31/24 12:01am to 06/02/24 11:59pm for 2024 Embargo Celebrate Israel Parade. Full street closure. *NYC DOT requires full restoration of roadway and/or sidewalk for public use as it relates to the event. Please contact DOT Special Events (SpecialEvents@dot.nyc.gov) for further information.
SE3R77,0.00471821756225426,WORK EMBARGO: 06/02/23 12:01am to 06/04/23 11:59pm for 2023 Embargo Celebrate Israel. Full street closure. *NYC DOT REQUIRES FULL RESTORATION OF ROADWAY AND/OR SIDEWALK FOR PUBLIC USE AS IT RELATES TO THE EVENT. PLEASE CONTACT DOT SPECIAL EVENTS (SPECIALEVENTS@DOT.NYC.GOV) FOR FURTHER INFORMATION
SE48Q1,0.00471821756225426,"WORK EMBARGO: 8/15/2025 12:01AM - 8/16/2025 8:00PM for 2025 Embargo Summer Street Manhattan: August 15 - 16. Full Street Closure. NYC DOT REQUIRES FULL RESTORATION OF ROADWAY AND/OR SIDEWALK FOR PUBLIC USE AS IT RELATES TO THE EVENT. PLEASE CONTACT DOT SPECIAL EVENTS (SPECIALEVENTS@DOT.NYC.GOV) FOR FURTHER INFORMATION. Note: Includes Manhattan Bridge, Brooklyn Bridge, Riverside Drive( entire length), Gramercy park, West 168 Street (entire)"
SE6U47,0.0045871559633027525,WORK EMBARGO: 11/23/23 12:01am-11:59pm for 2023 Embargo Thanksgiving Day Parade - Event Day. Full street closure. *NYC DOT requires full restoration of roadway and/or sidewalk for public use as it relates to the event. Please contact DOT Special Events (specialevents@dot.nyc.gov) for further information.
SE466A,0.0045871559633027525,"WORK EMBARGO: 09/08/2026 12:01AM - 09/28/2026 11:59PM for 2026 Embargo UN General Assembly. Full Street Closure. *NYC DOT REQUIRES FULL RESTORATION OF ROADWAY AND/OR SIDEWALK FOR PUBLIC USE AS IT RELATES TO THE EVENT. PLEASE CONTACT DOT SPECIAL EVENTS (SPECIALEVENTS@DOT.NYC.GOV) FOR FURTHER INFORMATION, East 48 Street between 1 avenue and FDR Drive Service Road, FDR Drive between Whitehall Street And 42 Street"
SE1V71,0.004456094364351245,"WORK EMBARGO: 12/24/23 12:01am to 01/02/24 11:59pm for 2023 Embargo Times Square New Year's Eve Celebration. Full street closure. *NYC DOT requires full restoration of roadway and/or sidewalk for public use as it relates to the event. Please contact DOT Special Events (specialevents@dot.nyc.gov) for further information. Note: All inclusive from W59 St to W38 St, 8 Ave to 6 Ave"
SE1J42,0.004456094364351245,WORK EMBARGO: 06/12/22 5am-7pm for National Puerto Rican Day. Full street closure. *NYC DOT REQUIRES FULL RESTORATION OF ROADWAY AND/OR SIDEWALK FOR PUBLIC USE AS IT RELATES TO THE EVENT. PLEASE CONTACT DOT SPECIAL EVENTS (SPECIALEVENTS@DOT.NYC.GOV) FOR FURTHER INFORMATION
SE1R06,0.004325032765399738,WORK EMBARGO: 06/09/23 12:01am to 06/11/23 11:59pm for 2023 Embargo National Puerto Rican Day Parade. Full street closure. *NYC DOT REQUIRES FULL RESTORATION OF ROADWAY AND/OR SIDEWALK FOR PUBLIC USE AS IT RELATES TO THE EVENT. PLEASE CONTACT DOT SPECIAL EVENTS (SPECIALEVENTS@DOT.NYC.GOV) FOR FURTHER INFORMATION
SE6H89,0.0041939711664482305,WORK EMBARGO: 12/23/22 12:01am to 01/02/23 11:59pm for 2022 Embargo Times Square New Year's Eve Celebration. Full street closure. *NYC DOT REQUIRES FULL RESTORATION OF ROADWAY AND/OR SIDEWALK /FOR PUBLIC USE AS IT RELATES TO THE EVENT. PLEASE CONTACT DOT SPECIAL EVENTS (SPECIALEVENTS@DOT.NYC.GOV) FOR FURTHER INFORMATION. Also includes areas bounded by West 38th Street on the South; West 59th Street on the North; 6th Avenue on the East; 8th Avenue on the West (All inclusive)
SE1S70,0.0041939711664482305,WORK EMBARGO: 10/01/23 8am-8pm for Deepavali Festival 2023. Full street closure. *NYC DOT REQUIRES FULL RESTORATION OF ROADWAY AND/OR SIDEWALK FOR PUBLIC USE AS IT RELATES TO THE EVENT. PLEASE CONTACT DOT SPECIAL EVENTS (SPECIALEVENTS@DOT.NYC.GOV) FOR FURTHER INFORMATION
SE1R20,0.004062909567496723,WORK EMBARGO: 03/17/23 12am-6pm for New York City Saint Patricks Day Parade.Full street closure. *NYC DOT REQUIRES FULL RESTORATION OF ROADWAY AND/OR SIDEWALK FOR PUBLIC USE AS IT RELATES TO THE EVENT. PLEASE CONTACT DOT SPECIAL EVENTS (SPECIALEVENTS@DOT.NYC.GOV) FOR FURTHER INFORMATION
SE80G0,0.004062909567496723,WORK EMBARGO: 03/13/25 12:01am to 03/17/25 11:59pm for 2025 Embargo Saint Patrick's Day Parade. Full street closure. *NYC DOT requires full restoration of roadway and/or sidewalk for public use as it relates to the event. Please contact DOT Special Events (SpecialEvents@dot.nyc.gov) for further information.
034,0.003931847968545216,"MAINTAIN FOUR 11 FOOT LANES, TWO 11 FOOT  LANES ON EACH SIDE OF THE EXISTING CENTER LINE MALL. "
SE45A3,0.003931847968545216,WORK EMBARGO: 03/13/23 12:01am to 03/17/23 11:59pm for 2024 Embargo St. Patrick's Day Parade. Full street closure. *NYC DOT requires full restoration of roadway and/or sidewalk for public use as it relates to the event. Please contact DOT Special Events (SpecialEvents@dot.nyc.gov) for further information.
SE03C7,0.003931847968545216,WORK EMBARGO: 10/11/24 12am to 10/14/24 11:59pm for 2024 Embargo Columbus Day Parade. Full street closure. *NYC DOT requires full restoration of roadway and/or sidewalk for public use as it relates to the event. Please contact DOT Special Events (SpecialEvents@dot.nyc.gov) for further information.
SE06F5,0.003931847968545216,WORK EMBARGO: 10/14/24 1am-7pm for Columbus Day Parade. Full street closure. *NYC DOT requires full restoration of roadway and/or sidewalk for public use as it relates to the event. Please contact DOT Special Events (SpecialEvents@dot.nyc.gov) for further information.
SE8S94,0.003931847968545216,WORK EMBARGO: 10/06/23 12:01am to 10/09/23 11:59pm for 2023 Embargo Columbus Day Parade. Full street closure. *NYC DOT requires full restoration of roadway and/or sidewalk for public use as it relates to the event. Please contact DOT Special Events (specialevents@dot.nyc.gov) for further information.
SE73D0,0.003800786369593709,WORK EMBARGO: 11/21/24 12:01am-11:59pm for 2024 Embargo Macy's Thanksgiving Day Parade - Event Day. Full street closure. *NYC DOT requires full restoration of roadway and/or sidewalk for public use as it relates to the event. Please contact DOT Special Events (SpecialEvents@dot.nyc.gov) for further information.
SE95D2,0.003800786369593709,WORK EMBARGO: 12/24/24 12:01am to 01/02/25 11:59pm for 2024 Embargo Times Square New Year's Eve Celebration. Full street closure. *NYC DOT requires full restoration of roadway and/or sidewalk for public use as it relates to the event. Please contact DOT Special Events (SpecialEvents@dot.nyc.gov) for further information. Note: Area bounded by West 38th Street on the South; West 59th Street on the North; 6th Avenue on the East; 8th Avenue on the West (All inclusive)
021,0.003800786369593709,MAINTAIN ONE 12 FOOT LANE FOR LOCAL AND EMERGENCY ACCESS AT ALL TIMES 
SE9H20,0.003669724770642202,WORK EMBARGO: 10/08/22 12:01am to 10/10/22 11:59pm for 2022 Embargo Columbus Day Parade. Full street closure. *NYC DOT REQUIRES FULL RESTORATION OF ROADWAY AND/OR SIDEWALK FOR PUBLIC USE AS IT RELATES TO THE EVENT. PLEASE CONTACT DOT SPECIAL EVENTS (SPECIALEVENTS@DOT.NYC.GOV) FOR FURTHER INFORMATION
SE1I72,0.003669724770642202,WORK EMBARGO: 05/22/22 12am-6pm for Celebrate Israel Parade. Full street closure. *NYC DOT REQUIRES FULL RESTORATION OF ROADWAY AND/OR SIDEWALK FOR PUBLIC USE AS IT RELATES TO THE EVENT. PLEASE CONTACT DOT SPECIAL EVENTS (SPECIALEVENTS@DOT.NYC.GOV) FOR FURTHER INFORMATION
065,0.003669724770642202,WORK CROSSING THE ROADWAY CAN NOT EXTEND MORE THAN 11 FEET AT A TIME.  BACKFILL OR PLATE BEFORE PROCEEDING. 
SE39K4,0.003669724770642202,WORK EMBARGO: 10/12/2025 12:01AM - 11:59PM FOR SPECIAL EVENT Sammaan For All Diwali at Times Square / Sidewalk and Curb Lane Closure / Pedestrian Plaza / Curb Lane Only *NYC DOT REQUIRES FULL RESTORATION OF ROADWAY AND/OR SIDEWALK FOR PUBLIC USE AS IT RELATES TO THE EVENT. PLEASE CONTACT DOT SPECIAL EVENTS (SPECIALEVENTS@DOT.NYC.GOV) FOR FURTHER INFORMATION
SE32B0,0.003669724770642202,WORK EMBARGO: 09/07/24 5am-10pm for 2024 Labor Day Parade. Full street closure. *NYC DOT requires full restoration of roadway and/or sidewalk for public use as it relates to the event. Please contact DOT Special Events (SpecialEvents@dot.nyc.gov) for further information.
SE48Q0,0.0035386631716906947,"WORK EMBARGO: 8/8/2025 12:01AM - 8/9/2025 8:00PM for 2025 Embargo Summer Street Manhattan: August 8 - 9. Full Street Closure. NYC DOT REQUIRES FULL RESTORATION OF ROADWAY AND/OR SIDEWALK FOR PUBLIC USE AS IT RELATES TO THE EVENT. PLEASE CONTACT DOT SPECIAL EVENTS (SPECIALEVENTS@DOT.NYC.GOV) FOR FURTHER INFORMATION. Note: Includes Manhattan Bridge, Brooklyn Bridge, Riverside Drive( entire length), Gramercy park, West 168 Street (entire)"
SE3S72,0.0034076015727391874,WORK EMBARGO: 06/10/23 6am to 06/11/23 7pm for National Puerto Rican Day Parade. Full street closure. *NYC DOT REQUIRES FULL RESTORATION OF ROADWAY AND/OR SIDEWALK FOR PUBLIC USE AS IT RELATES TO THE EVENT. PLEASE CONTACT DOT SPECIAL EVENTS (SPECIALEVENTS@DOT.NYC.GOV) FOR FURTHER INFORMATION
SE6W03,0.0034076015727391874,WORK EMBARGO: 11/22/23 12:01am to 11/24/23 11:59pm for Thanksgiving Embargo. Sidewalk and street closure. *NYC DOT requires full restoration of roadway and/or sidewalk for public use as it relates to the event. Please contact DOT Special Events (SpecialEvents@dot.nyc.gov) for further information.
071,0.0034076015727391874,"WORK 10AM-4PM, MONDAY TO FRIDAY "
SE56O9,0.00327653997378768,WORK EMBARGO: 11/27/25 12:01am-11:59pm for 2025 Embargo Macy's Thanksgiving Day Parade - Event Day. Full street closure. *NYC DOT REQUIRES FULL RESTORATION OF ROADWAY AND/OR SIDEWALK FOR PUBLIC USE AS IT RELATES TO THE EVENT. PLEASE CONTACT DOT SPECIAL EVENTS (SPECIALEVENTS@DOT.NYC.GOV) FOR FURTHER INFORMATION
SE6U45,0.00327653997378768,WORK EMBARGO: 11/14/23 12:01am to 11/23/23 11:59pm for 2023 Embargo Thanksgiving Day Parade. Full street closure. *NYC DOT requires full restoration of roadway and/or sidewalk for public use as it relates to the event. Please contact DOT Special Events (specialevents@dot.nyc.gov) for further information.
031,0.003145478374836173,"MAINTAIN TWO 11 FOOT LANES, ONE 11 FOOT LANE ON EACH SIDE OF THE EXISTING DOUBLE  YELLOW CENTER LINE "
SE24N1,0.003145478374836173,WORK EMBARGO: 09/05/25 12:01am to 09/08/25 12pm for 2025 Embargo Taste of Times Square. Full street closure. *NYC DOT requires full restoration of roadway and/or sidewalk for public use as it relates to the event. Please contact DOT Special Events (SpecialEvents@dot.nyc.gov) for further information.
SE56O0,0.003145478374836173,WORK EMBARGO: 11/18/25 12:01AM to 11/27/25 11:59PM for 2025 Embargo Macy's Thanksgiving Day Parade - Main. Full street closure. *NYC DOT REQUIRES FULL RESTORATION OF ROADWAY AND/OR SIDEWALK FOR PUBLIC USE AS IT RELATES TO THE EVENT. PLEASE CONTACT DOT SPECIAL EVENTS (SPECIALEVENTS@DOT.NYC.GOV) FOR FURTHER INFORMATION
SE56P0,0.003145478374836173,WORK EMBARGO: 03/12/2026 12:01 AM TO 03/17/2025 11:59 PM for 2026 Embargo Saint Patrick's Day Parade FULL STREETTIME: 12:01 AM - 6 PM *NYC DOT REQUIRES FULL RESTORATION OF ROADWAY AND/OR SIDEWALK FOR PUBLIC USE AS IT RELATES TO THE EVENT. PLEASE CONTACT DOT SPECIAL EVENTS (SPECIALEVENTS@DOT.NYC.GOV) FOR FURTHER INFORMATION
SE6Z58,0.003145478374836173,WORK EMBARGO: 06/02/24 4am-6:30pm for Celebrate Israel Parade. Full street closure. *NYC DOT requires full restoration of roadway and-or sidewalk for public use as it relates to the event. Please contact DOT Special Events (SpecialEvents@dot.nyc.gov) for further information.
TFHVDO,0.0030144167758846658,"TAXI/FHV STAND(S) ARE LOCATED ON THIS STREET. PERMITTEE SHALL NOT DISRUPT THE OPERATION OF TAXI/FHV STAND(S). IF WORK IMPACTS THE TAXI/FHV STAND(S), THE PERMITTEE MUST EMAIL NYC DOT AT TAXIFHV@DOT.NYC.GOV FOR THEIR REQUIREMENTS PRIOR TO WORK. THE PERMITTEE IS RESPONSIBLE FOR RESTORATION OF SIGNAGE AS DIRECTED BY NYC DOT."
SE7J30,0.0030144167758846658,WORK EMBARGO: 10/10/22 7am-5pm for Columbus Day Parade. Full street closure. *NYC DOT REQUIRES FULL RESTORATION OF ROADWAY AND/OR SIDEWALK FOR PUBLIC USE AS IT RELATES TO THE EVENT. PLEASE CONTACT DOT SPECIAL EVENTS (SPECIALEVENTS@DOT.NYC.GOV) FOR FURTHER INFORMATION
SE4Y84,0.0030144167758846658,WORK EMBARGO: 03.16.2024 12am-6pm for New York City Saint Patricks Day Parade. Full street closure. *NYC DOT requires full restoration of roadway andor sidewalk for public use as it relates to the event. Please contact DOT Special Events (SpecialEvents@dot.nyc.gov) for further information.
SE72D9,0.0030144167758846658,WORK EMBARGO: 11/12/24 12:01am to 11/21/24 11:59pm for 2024 Embargo Macy's Thanksgiving Day Parade - Main. Full street closure. *NYC DOT requires full restoration of roadway and/or sidewalk for public use as it relates to the event. Please contact DOT Special Events (SpecialEvents@dot.nyc.gov) for further information.
HIQA01,0.0028833551769331584,THIS PERMIT ONLY ALLOWS FOR THE CLOSURE OF A ROADWAY OR SIDEWALK AS STIPULATED. ANY STORAGE OF MATERIAL OR STORAGE OF EQUIPMENT REQUIRES A SEPARATE PERMIT.
SE3G51,0.0028833551769331584,WORK EMBARGO: 03/13/22 12:01am to 03/17/22 11:59pm for 2022 Embargo Saint Patrick’s Day Parade / Mass Procession. Full street closure. *NYC DOT REQUIRES FULL RESTORATION OF ROADWAY AND/OR SIDEWALK FOR PUBLIC USE AS IT RELATES TO THE EVENT. PLEASE CONTACT DOT SPECIAL EVENTS (SPECIALEVENTS@DOT.NYC.GOV) FOR FURTHER INFORMATION
033,0.0028833551769331584,"MAINTAIN TWO 11 FOOT LANES,ONE 11 FOOT LANE ON EACH SIDE OF THE EXISTING CENTER  MALL "
SE4R94,0.0028833551769331584,WORK EMBARGO: 07/24/23 12:01am to 08/19/23 6pm for 2023 Embargo Summer Streets (Main). Full street closure. *NYC DOT REQUIRES FULL RESTORATION OF ROADWAY AND/OR SIDEWALK FOR PUBLIC USE AS IT RELATES TO THE EVENT. PLEASE CONTACT DOT SPECIAL EVENTS (SPECIALEVENTS@DOT.NYC.GOV) FOR FURTHER INFORMATION. Also includes: Park Ave Viaduct / E42 St - E46 St
SE10Q0,0.0028833551769331584,"WORK EMBARGO: 8/1/2025 12:01AM - 8/2/2025 8:00PM for 2025 Embargo Summer Street Manhattan: August 1 - 2. Full Street Closure. NYC DOT REQUIRES FULL RESTORATION OF ROADWAY AND/OR SIDEWALK FOR PUBLIC USE AS IT RELATES TO THE EVENT. PLEASE CONTACT DOT SPECIAL EVENTS (SPECIALEVENTS@DOT.NYC.GOV) FOR FURTHER INFORMATION. Note: Includes Manhattan Bridge, Brooklyn Bridge, Riverside Drive( entire length), Gramercy park, West 168 Street (entire)"
SE55H9,0.0028833551769331584,WORK EMBARGO: 06/06/25 12:01am to 06/08/25 11:59pm for 2025 Embargo National Puerto Rican Day Parade. Full street closure. *NYC DOT requires full restoration of roadway and/or sidewalk for public use as it relates to the event. Please contact DOT Special Events (SpecialEvents@dot.nyc.gov) for further information.
020,0.0027522935779816515,"RESTORE ALL TRAVEL LANES TO TRAFFIC. CONTRACTOR MAY CONTAIN A MAXIMUM OF 25 LINEAR FEET, 8 FEET ADJACENT TO THE CURB DURING NON-WORK HOURS. CONTAINMENT ONLY TO RESTRICT PARKING AND FOR STORAGE OF EXCAVATED MATERIAL/FILL. USE OF METERED, AUTHORIZED PARKING AND NO STANDING ZONES IS PROHIBITED. "
SE0T13,0.0027522935779816515,WORK EMBARGO: 09/09/23 5am-10pm for 2023 Labor Day Parade. Full street closure. *NYC DOT requires full restoration of roadway and/or sidewalk for public use as it relates to the event. Please contact DOT Special Events (specialevents@dot.nyc.gov) for further information.
SE0V81,0.0027522935779816515,WORK EMBARGO: 10/08/23 7am-5pm for Hispanic Day Parade. Full street closure. *NYC DOT requires full restoration of roadway and/or sidewalk for public use as it relates to the event. Please contact DOT Special Events (specialevents@dot.nyc.gov) for further information.
026,0.0027522935779816515,MAINTAIN FOUR 11 FOOT LANES FOR TRAFFIC 
SE90K6,0.002621231979030144,WORK EMBARGO: 06/07/25 10am to 06/08/25 5:30pm for National Puerto Rican Day Parade. Full street closure. *NYC DOT requires full restoration of roadway and/or sidewalk for public use as it relates to the event. Please contact DOT Special Events (SpecialEvents@dot.nyc.gov) for further information.
SE3J85,0.002621231979030144,WORK EMBARGO: 04/21 12AM - 06/01/2022 11:59PM FOR SPECIAL EVENT 5th Avenue Blooms / Street Event / Partial Sidewalk Closure *NYC DOT REQUIRES FULL RESTORATION OF ROADWAY AND/OR SIDEWALK FOR PUBLIC USE AS IT RELATES TO THE EVENT. PLEASE CONTACT DOT SPECIAL EVENTS (SPECIALEVENTS@DOT.NYC.GOV) FOR FURTHER INFORMATION
SE98T6,0.002621231979030144,WORK EMBARGO: 06/13/2026 12:00PM - 06/14/2026 5:30PM for National Puerto Rican Day Parade. Full Street Closure. *NYC DOT REQUIRES FULL RESTORATION OF ROADWAY AND/OR SIDEWALK FOR PUBLIC USE AS IT RELATES TO THE EVENT. PLEASE CONTACT DOT SPECIAL EVENTS (SPECIALEVENTS@DOT.NYC.GOV) FOR FURTHER INFORMATION
SE24Q4,0.002621231979030144,WORK EMBARGO: 3/17/2026 6:00AM - 6:00PM for New York City Saint Patricks Day Parade. Full Street Closure. *NYC DOT REQUIRES FULL RESTORATION OF ROADWAY AND/OR SIDEWALK FOR PUBLIC USE AS IT RELATES TO THE EVENT. PLEASE CONTACT DOT SPECIAL EVENTS (SPECIALEVENTS@DOT.NYC.GOV) FOR FURTHER INFORMATION
SE5V59,0.002490170380078637,Work Embargo: 10/22/23 6am-5pm for 7th Annual Disability Pride Parade. Full street closure. *NYC DOT requires full restoration of roadway and/or sidewalk for public use as it relates to the event. Please contact DOT Special Events (specialevents@dot.nyc.gov) for further information.
SE9O24,0.002490170380078637,WORK EMBARGO: 09/17/22 6am-7pm for 65th German American Steuben Parade. Full street closure. *NYC DOT REQUIRES FULL RESTORATION OF ROADWAY AND/OR SIDEWALK FOR PUBLIC USE AS IT RELATES TO THE EVENT. PLEASE CONTACT DOT SPECIAL EVENTS (SPECIALEVENTS@DOT.NYC.GOV) FOR FURTHER INFORMATION
SE74U0,0.00235910878112713,WORK EMBARGO: 10/10/2026 12:01AM - 10/12/2026 11:59PM for 2026 Embargo Columbus Day Parade. Full Street Closure. *NYC DOT REQUIRES FULL RESTORATION OF ROADWAY AND/OR SIDEWALK FOR PUBLIC USE AS IT RELATES TO THE EVENT. PLEASE CONTACT DOT SPECIAL EVENTS (SPECIALEVENTS@DOT.NYC.GOV) FOR FURTHER INFORMATION
047,0.00235910878112713,OCCUPY 8 FOOT WIDTH OF ROADWAY ADJACENT  TO NORTH CURBLINE 
SE3V60,0.00235910878112713,WORK EMBARGO: 10/19/23 12:01am to 10/22/23 11:59pm for 2023 Embargo Disability Pride Parade. Full street closure. *NYC DOT requires full restoration of roadway and/or sidewalk for public use as it relates to the event. Please contact DOT Special Events (specialevents@dot.nyc.gov) for further information.
204,0.00235910878112713,"THIS PERMIT INCLUDES AUTHORIZATION FOR THE STORAGE OF EQUIPMENT (OTHER THAN CRANES) AND MATERIALS ON THE JOB SITE ONLY, INCLUDING JERSEY BARRIERS IF APPLICABLE. OFF-SITE STORAGE MUST BE PERMITTED SEPARATELY. "
SE0U82,0.00235910878112713,WORK EMBARGO: 11/11/23 5am-3:30pm for 2023 NYC Veterans Day Parade. *NYC DOT requires full restoration of roadway and/or sidewalk for public use as it relates to the event. Please contact DOT Special Events (specialevents@dot.nyc.gov) for further information.
SE32J0,0.00235910878112713,WORK EMBARGO: 09/08/25 12am-11:59pm for TASTE of Times Square. Pedestrian plaza. *NYC DOT requires full restoration of roadway and/or sidewalk for public use as it relates to the event. Please contact DOT Special Events (SpecialEvents@dot.nyc.gov) for further information.
SE51Q0,0.0022280471821756226,WORK EMBARGO: 4/1/2026 12:01AM - 4/30/2026 11:59PM for 2026 Embargo Car Free Earth Day - Manhattan. NYC DOT REQUIRES FULL RESTORATION OF ROADWAY AND/OR SIDEWALK FOR PUBLIC USE AS IT RELATES TO THE EVENT. PLEASE CONTACT DOT SPECIAL EVENTS (SPECIALEVENTS@DOT.NYC.GOV) FOR FURTHER INFORMATION
SE1V88,0.0022280471821756226,WORK EMBARGO: 11/26/23 12:01am to 11/29/23 11:59pm for 2023 Embargo Rockefeller Tree Lighting Ceremony. Full street closure. *NYC DOT requires full restoration of roadway and/or sidewalk for public use as it relates to the event. Please contact DOT Special Events (specialevents@dot.nyc.gov) for further information.
SE3E62,0.0022280471821756226,WORK EMBARGO: 03/17/22 12am-6pm for New York City Saint Patrick's Day Parade. Full street closure. *NYC DOT REQUIRES FULL RESTORATION OF ROADWAY AND/OR SIDEWALK FOR PUBLIC USE AS IT RELATES TO THE EVENT. PLEASE CONTACT DOT SPECIAL EVENTS (SPECIALEVENTS@DOT.NYC.GOV) FOR FURTHER INFORMATION
116,0.0022280471821756226,REQUIRES OCMC AND EXECUTIVE REVIEW
SE0J32,0.0022280471821756226,WORK EMBARGO: 01/22 12:01AM - 01/26/2022 11:59PM FOR SPECIAL EVENT Westminster Dog Show 2022-Shuttle Buses at Stewart Hotel / Production Event / Curb Lane Only *NYC DOT REQUIRES FULL RESTORATION OF ROADWAY AND/OR SIDEWALK FOR PUBLIC USE AS IT RELATES TO THE EVENT. PLEASE CONTACT DOT SPECIAL EVENTS (SPECIALEVENTS@DOT.NYC.GOV) FOR FURTHER INFORMATION
SE39G4,0.0022280471821756226,WORK EMBARGO: 10/13/24 7am-5pm for Hispanic Day Parade. Full street closure. *NYC DOT requires full restoration of roadway and/or sidewalk for public use as it relates to the event. Please contact DOT Special Events (SpecialEvents@dot.nyc.gov) for further information.
SE2R11,0.0022280471821756226,WORK EMBARGO: 10/01/23 7am-6pm for 86th Pulaski Parade. Full street closure. *NYC DOT REQUIRES FULL RESTORATION OF ROADWAY AND/OR SIDEWALK FOR PUBLIC USE AS IT RELATES TO THE EVENT. PLEASE CONTACT DOT SPECIAL EVENTS (SPECIALEVENTS@DOT.NYC.GOV) FOR FURTHER INFORMATION
SE66T0,0.0022280471821756226,WORK EMBARGO: 04/25/2026 06:00AM - 05:30PM FOR SPECIAL EVENT Open Streets: Car-Free Earth Day - Manhattan / Full Street Closure *NYC DOT REQUIRES FULL RESTORATION OF ROADWAY AND/OR SIDEWALK FOR PUBLIC USE AS IT RELATES TO THE EVENT. PLEASE CONTACT DOT SPECIAL EVENTS (SPECIALEVENTS@DOT.NYC.GOV) FOR FURTHER INFORMATION
SE7O43,0.0020969855832241153,WORK EMBARGO: 03/17/2023 12am to 03/19/23 11:59pm for 2023 Embargo NYC Half Marathon. Full street closure. *NYC DOT REQUIRES FULL RESTORATION OF ROADWAY A. ND/OR SIDEWALK FOR PUBLIC USE AS IT RELATES TO THE EVENT. PLEASE CONTACT DOT SPECIAL EVENTS (SPECIALEVENTS@DOT.NYC.GOV) FOR FURTHER INFORMATION. Also includes: Grand Army Plaza Oval. Inside Prospect Park: East Drive/East Lake Drive-Grand Army Plaza. Hill Drive/East Drive-Well House Drive. Well House Drive/Hill Drive-West Drive. South Lake Drive/West Drive-Park Circle. West Drive/South Lake Drive-Center Drive. Center Drive/West Drive-East Drive. Manhattan Bridge Upper Level (Manhattan-bound). Inside Central Park: East Drive/Grand Army Plaza-Terrace Drive.Terrace Drive/East Drive-West Drive.West Drive/Terrace Drive-7th Avenue.67th Street/Central Park West-West Drive.Center Drive/West Drive-6 Ave.
SE5W86,0.0020969855832241153,"WORK EMBARGO: 08/05/23, 08/12/23, 08/19/23 and 08/26/23 7am-2pm for Summer Streets Embargo, Full street closure. *NYC DOT requires full restoration of roadway and/or sidewalk for public use as it relates to the event. Please contact DOT Special Events (SpecialEvents@dot.nyc.gov) for further information."
SANBIN,0.0020969855832241153,There is a specialty waste container near the requested work site. You must contact DSNY at cleancurbs@dsny.nyc.gov if such a container must be moved or if work might block access to the container. Please go to https://www.nyc.gov/site/dsny/collection/containerization.page for more information
SE20U0,0.0020969855832241153,WORK EMBARGO: 09/12/2026 5:00AM - 10:00PM for 2026 Labor Day Parade. Full Street Closure. *NYC DOT REQUIRES FULL RESTORATION OF ROADWAY AND/OR SIDEWALK FOR PUBLIC USE AS IT RELATES TO THE EVENT. PLEASE CONTACT DOT SPECIAL EVENTS (SPECIALEVENTS@DOT.NYC.GOV) FOR FURTHER INFORMATION
SE62A2,0.001965923984272608,WORK EMBARGO: 06/26/24 12:01am to 06/30/24 11:59pm for 2024 Embargo NYC Pride March. Full street closure. *NYC DOT requires full restoration of roadway and/or sidewalk for public use as it relates to the event. Please contact DOT Special Events (SpecialEvents@dot.nyc.gov) for further information.
SE59H2,0.001965923984272608,WORK EMBARGO: 06/25/25 12:01am to 06/29/25 11:59pm for 2025 Embargo NYC Pride March. Full street closure. *NYC DOT requires full restoration of roadway and/or sidewalk for public use as it relates to the event. Please contact DOT Special Events (SpecialEvents@dot.nyc.gov) for further information.
SE61A6,0.001965923984272608,WORK EMBARGO: 10/06/24 7am-6pm for 87th Pulaski Day Parade. Full street closure. *NYC DOT requires full restoration of roadway and/or sidewalk for public use as it relates to the event. Please contact DOT Special Events (SpecialEvents@dot.nyc.gov) for further information.
SE0K60,0.001965923984272608,WORK EMBARGO: 09/10/22 5am-10pm for 2022 Labor Day Parade. Full street closure. *NYC DOT REQUIRES FULL RESTORATION OF ROADWAY AND/OR SIDEWALK FOR PUBLIC USE AS IT RELATES TO THE EVENT. PLEASE CONTACT DOT SPECIAL EVENTS (SPECIALEVENTS@DOT.NYC.GOV) FOR FURTHER INFORMATION
SE0U63,0.001965923984272608,"WORK EMBARGO: 11/05/23 12am-7pm for 2023 TCS NYC Marathon. Full street closure. *NYC DOT requires full restoration of roadway and/or sidewalk for public use as it relates to the event. Please contact DOT Special Events (specialevents@dot.nyc.gov) for further information. Note: includes Verrazano Bridge, Gowanus Expy bet 92 St-Verrazano Br 92 St Entrance, Pulaski Bridge bet Freeman-49 Ave, Queensboro Bridge, Madison Ave Bridge, Willis Ave Bridge, Central Park: West Dr, East Dr and W 67 St Access. Morris Ave bet Lincoln Ave-E 140 St."
SE2W46,0.001965923984272608,WORK EMBARGO: 05/18/24 8am-5pm for TURKISH DAY FESTIVAL. Full street closure. *NYC DOT requires full restoration of roadway and/or sidewalk for public use as it relates to the event. Please contact DOT Special Events (SpecialEvents@dot.nyc.gov) for further information.
SE0H80,0.001965923984272608,WORK EMBARGO: 07/31/22 12:01am to 08/20/22 6pm for 2022 Embargo Summer Streets (Main). Full street closure. *NYC DOT REQUIRES FULL RESTORATION OF ROADWAY AND/OR SIDEWALK FOR PUBLIC USE AS IT RELATES TO THE EVENT. PLEASE CONTACT DOT SPECIAL EVENTS (SPECIALEVENTS@DOT.NYC.GOV) FOR FURTHER INFORMATION
SE6H53,0.001965923984272608,WORK EMBARGO: 04/15/22 12:01am to 04/17/22 11:59pm for 2022 Embargo Easter Sunday Mass. Full street closure. *NYC DOT REQUIRES FULL RESTORATION OF ROADWAY AND/OR SIDEWALK FOR PUBLIC USE AS IT RELATES TO THE EVENT. PLEASE CONTACT DOT SPECIAL EVENTS (SPECIALEVENTS@DOT.NYC.GOV) FOR FURTHER INFORMATION
SE7U07,0.001965923984272608,WORK EMBARGO: 11/08/23 12:01am to 11/11/23 11:59pm for 2023 Embargo Veterans Day Parade. Full street closure. *NYC DOT requires full restoration of roadway and/or sidewalk for public use as it relates to the event. Please contact DOT Special Events (specialevents@dot.nyc.gov) for further information.
SE9S47,0.001965923984272608,WORK EMBARGO: 06/25/23 12am-11:59pm for PRIDE PARADE. Full street closure. *NYC DOT requires full restoration of roadway and/or sidewalk for public use as it relates to the event. Please contact DOT Special Events (specialevents@dot.nyc.gov) for further information.
SE56U1,0.001965923984272608,WORK EMBARGO: 05/29/2026 12:01 AM - 05/31/2026 for 2026 Embargo Celebrate Israel Parade. Full Street Closure. *NYC DOT REQUIRES FULL RESTORATION OF ROADWAY AND/OR SIDEWALK FOR PUBLIC USE AS IT RELATES TO THE EVENT. PLEASE CONTACT DOT SPECIAL EVENTS (SPECIALEVENTS@DOT.NYC.GOV) FOR FURTHER INFORMATION
SE3U50,0.001965923984272608,WORK EMBARGO: 11/05/23 12am-7pm for 2023 TCS NYC Marathon. Full street closure. *NYC DOT requires full restoration of roadway and/or sidewalk for public use as it relates to the event. Please contact DOT Special Events (specialevents@dot.nyc.gov) for further information.
SE84S2,0.001834862385321101,WORK EMBARGO: 11/18/2025 12:01AM - 11/27/2025 11:59PM for 2025 Embargo Macy's Thanksgiving Day Parade. Full Street Closure. NYC DOT REQUIRES FULL RESTORATION OF ROADWAY AND/OR SIDEWALK FOR PUBLIC USE AS IT RELATES TO THE EVENT. PLEASE CONTACT DOT SPECIAL EVENTS (SPECIALEVENTS@DOT.NYC.GOV) FOR FURTHER INFORMATION
SE48K7,0.001834862385321101,WORK EMBARGO: 07/24/25 12:01am to 08/16/25 8pm for 2025 Embargo Summer Streets Manhattan - July 24-August 16. Full street closure. *NYC DOT requires full restoration of roadway and/or sidewalk for public use as it relates to the event. Please contact DOT Special Events (SpecialEvents@dot.nyc.gov) for further information.
COVID,0.001834862385321101,"THE PERMITTEE IS RESPONSIBLE TO COMPLY WITH ALL LAWS, RULES, AND REGULATIONS, INCLUDING BUT NOT LIMITED TO ANY ORDERS AND GUIDANCE ISSUED BY NEW YORK STATE AND NEW YORK CITY RELATED TO CONSTRUCTION, AND SPECIFICALLY THE NEW YORK STATE GOVERNOR ANDREW M. CUOMO’S EXECUTIVE ORDER NO. 202.6 AND AS AMENDED BY SUBSEQUENT ORDERS, SECTION 3.07 OF THE NEW YORK CITY HEALTH CODE, THE GUIDANCE ON EXECUTIVE ORDER 202.6 PUBLISHED BY THE NEW YORK STATE DEPARTMENT OF ECONOMIC DEVELOPMENT D/B/A EMPIRE STATE DEVELOPMENT, AND BUILDING BULLETIN 2020-004 ISSUED BY THE NEW YORK CITY DEPARTMENT OF BUILDINGS, AS WELL AS ANY MODIFICATIONS THERETO."
SE88M3,0.001834862385321101,"WORK EMBARGO: 06/21/25 8am to 06/22/25 6am for The Overnight Walk. Full street closure. *NYC DOT requires full restoration of roadway and/or sidewalk for public use as it relates to the event. Please contact DOT Special Events (SpecialEvents@dot.nyc.gov) for further information. Note: Includes Manhattan Br, Brooklyn Br, BROOKLYN BRIDGE BOULEVARD between TILLARY STREET and BROOKLYN BRIDGE"
SE00Q4,0.001834862385321101,WORK EMBARGO: 9/20/2025 6:00AM - 7:00PM for 68th German American Steuben Parade / Full Street Closure NYC DOT REQUIRES FULL RESTORATION OF ROADWAY AND/OR SIDEWALK FOR PUBLIC USE AS IT RELATES TO THE EVENT. PLEASE CONTACT DOT SPECIAL EVENTS (SPECIALEVENTS@DOT.NYC.GOV) FOR FURTHER INFORMATION
SE22T5,0.001834862385321101,WORK EMBARGO: 09/09/2026 12:00AM - 11:59PM FOR SPECIAL EVENT TASTE of Times Square / Pedestrian Plaza / Curb Lane Only *NYC DOT REQUIRES FULL RESTORATION OF ROADWAY AND/OR SIDEWALK FOR PUBLIC USE AS IT RELATES TO THE EVENT. PLEASE CONTACT DOT SPECIAL EVENTS (SPECIALEVENTS@DOT.NYC.GOV) FOR FURTHER INFORMATION
SE12T2,0.001834862385321101,WORK EMBARGO: 06/20 12:00AM - 06/22/2026 11:59PM FOR SPECIAL EVENT Solstice in Times Square / Curb Lane Only *NYC DOT REQUIRES FULL RESTORATION OF ROADWAY AND/OR SIDEWALK FOR PUBLIC USE AS IT RELATES TO THE EVENT. PLEASE CONTACT DOT SPECIAL EVENTS (SPECIALEVENTS@DOT.NYC.GOV) FOR FURTHER INFORMATION
SE02U7,0.0017038007863695937,WORK EMBARGO: 04/28 06:00PM - 05/05/2026 12:00AM FOR SPECIAL EVENT The Met Gala / Sidewalk and Curb Lane Closure / Curb Lane Only *NYC DOT REQUIRES FULL RESTORATION OF ROADWAY AND/OR SIDEWALK FOR PUBLIC USE AS IT RELATES TO THE EVENT. PLEASE CONTACT DOT SPECIAL EVENTS (SPECIALEVENTS@DOT.NYC.GOV) FOR FURTHER INFORMATION
SE64P5,0.0017038007863695937,"WORK EMBARGO: 10/04/25 12:01am-2pm for Best Buddies Ride 2025. Full street closure. *NYC DOT requires full restoration of roadway and/or sidewalk for public use as it relates to the event. Please contact DOT Special Events (SpecialEvents@dot.nyc.gov) for further information. Note: Includes RIVERSIDE DRIVE between WEST 110 STREET and WEST 165 STREET, WEST 165 ST between GEORGE WASHINGTON BRIDGE APPR and GEORGE WASHINGTON BRIDGE"
SE9U09,0.0017038007863695937,"WORK EMBARGO: 10/27/23 12:01am to 11/05/23 11:59pm for 2023 Embargo NYC Marathon - Manhattan. Full street closure. *NYC DOT requires full restoration of roadway and/or sidewalk for public use as it relates to the event. Please contact DOT Special Events (specialevents@dot.nyc.gov) for further information. Note: Includes Madison Ave Br, Queensboro Br EB, Madison Ave (FDR SR) bet E 135- E142 Sts. Inside Central Park: 8 Ave Approach, Center Dr/West-East Dr, Terrace Dr bet West-East Dr, West St Approach, W 67, 77, 81 & 85 St Approach bet West Dr and Central Park W, West Dr bet 8 Ave Approach and 85 St Approach."
221,0.0017038007863695937,"THIS PERMIT ALLOWS FOR INSTALLATION OF TEMP PAVEMENT MARKINGS AND/OR TEMP CONSTRUCTION REGULATORY SIGNS PER APPROVED MPT PLANS. A SEPARATE 221 PERMIT IS NOT REQUIRED FOR CAPITAL/GOVT PROJECTS. PERMITTEE IS REQUIRED TO POST ADVISORY SIGNS ON THE AFFECTED SEGMENT A MIN OF 48-HRS PRIOR TO CHANGING EXISTING SIGNS. DO NOT PLACE ON MTA/NYCT ANTENNA POLES. PER SECTION 2-02(C)(4) OF THE HIGHWAY RULES, PERMITTEES MUST AFFIX THEIR DEPARTMENT ISSUED FIVE-DIGIT IDENTIFICATION NUMBER USING A WATERPROOF LABEL OR STICKER ON ALL TEMPORARY SIGNS, INCLUDING BUT NOT LIMITED TO TEMPORARY CONSTRUCTION, RAISE PLOW, PARKING OR REGULATORY SIGNS. THE LETTERING MUST BE IN ARIAL FONT, BLACK INK, ¾ INCH IN HEIGHT AND WIDTH, PLACED AT THE LOWER RIGHT-HAND CORNER OF THE FRONT AND THE LOWER LEFT AND RIGHT-HAND CORNERS OF THE BACK OF THE SIGN. THE LABELS / STICKERS MUST BE VISIBLE / LEGIBLE AT ALL TIMES. PERMITTEES MUST REPLACE ANY WORN OUT OR FADED LABELS / STICKERS."
SE6I53,0.0017038007863695937,WORK EMBARGO: 11/15/22 12:01am to 11/24/22 11:59pm for 2022 Embargo Macy's Thanksgiving Day Parade (Main). Full street closure. *NYC DOT REQUIRES FULL RESTORATION OF ROADWAY AND/OR SIDEWALK FOR PUBLIC USE AS IT RELATES TO THE EVENT. PLEASE CONTACT DOT SPECIAL EVENTS (SPECIALEVENTS@DOT.NYC.GOV) FOR FURTHER INFORMATION
SE1M34,0.0017038007863695937,WORK EMBARGO: 10/09/22 7am-5pm for Hispanic Columbus Day Parade. Full street closure. *NYC DOT REQUIRES FULL RESTORATION OF ROADWAY AND/OR SIDEWALK FOR PUBLIC USE AS IT RELATES TO THE EVENT. PLEASE CONTACT DOT SPECIAL EVENTS (SPECIALEVENTS@DOT.NYC.GOV) FOR FURTHER INFORMATION
SE67L2,0.0017038007863695937,WORK EMBARGO: 08/02/25 12am-11:30pm for Open Streets: Summer Streets - Manhattan 1. Full street closure. *NYC DOT requires full restoration of roadway and/or sidewalk for public use as it relates to the event. Please contact DOT Special Events (SpecialEvents@dot.nyc.gov) for further information.
SE5R95,0.0017038007863695937,WORK EMBARGO: 12/26 12AM - 01/07/2022 11:59PM FOR SPECIAL EVENT New Years Eve 2023 / Plaza Partner Event / Full Street Closure *NYC DOT REQUIRES FULL RESTORATION OF ROADWAY AND/OR SIDEWALK FOR PUBLIC USE AS IT RELATES TO THE EVENT. PLEASE CONTACT DOT SPECIAL EVENTS (SPECIALEVENTS@DOT.NYC.GOV) FOR FURTHER INFORMATION
SE0S41,0.0017038007863695937,WORK EMBARGO: 07/23/23 1pm-8pm for Jana Parade. Full street closure. *NYC DOT REQUIRES FULL RESTORATION OF ROADWAY AND/OR SIDEWALK FOR PUBLIC USE AS IT RELATES TO THE EVENT. PLEASE CONTACT DOT SPECIAL EVENTS (SPECIALEVENTS@DOT.NYC.GOV) FOR FURTHER INFORMATION
SE25K3,0.0017038007863695937,WORK EMBARGO: 06/10/25 3:30pm010pm for Museum Mile Festival. Full street closure. *NYC DOT requires full restoration of roadway and/or sidewalk for public use as it relates to the event. Please contact DOT Special Events (SpecialEvents@dot.nyc.gov) for further information.
SE5P25,0.0017038007863695937,WORK EMBARGO: 06/04/23 5am-6pm for Celebrate Israel Parade. Full street closure. *NYC DOT REQUIRES FULL RESTORATION OF ROADWAY AND/OR SIDEWALK FOR PUBLIC USE AS IT RELATES TO THE EVENT. PLEASE CONTACT DOT SPECIAL EVENTS (SPECIALEVENTS@DOT.NYC.GOV) FOR FURTHER INFORMATION
SE39U4,0.0017038007863695937,WORK EMBARGO: 10/12/2026 1:00AM - 7:00PM for Columbus Day Parade. Full Street Closure. *NYC DOT REQUIRES FULL RESTORATION OF ROADWAY AND/OR SIDEWALK FOR PUBLIC USE AS IT RELATES TO THE EVENT. PLEASE CONTACT DOT SPECIAL EVENTS (SPECIALEVENTS@DOT.NYC.GOV) FOR FURTHER INFORMATION
SE127B,0.0017038007863695937,WORK EMBARGO: 11/27/2026 12:01AM - 11:59PM for 2026 Embargo Macy's Thanksgiving Day Parade. Full Street Closure. *NYC DOT REQUIRES FULL RESTORATION OF ROADWAY AND/OR SIDEWALK FOR PUBLIC USE AS IT RELATES TO THE EVENT. PLEASE CONTACT DOT SPECIAL EVENTS (SPECIALEVENTS@DOT.NYC.GOV) FOR FURTHER INFORMATION
SE96G2,0.0017038007863695937,WORK EMBARGO: 03/17/25 6am-6pm for New York City Saint Patricks Day Parade. Full street closure. *NYC DOT requires full restoration of roadway and/or sidewalk for public use as it relates to the event. Please contact DOT Special Events (SpecialEvents@dot.nyc.gov) for further information.
SE1V93,0.0017038007863695937,WORK EMBARGO: 11/29/23 12:01am-11:59pm for 2023 Embargo Rockefeller Tree Lighting Ceremony - Event Day. Full street closure. *NYC DOT requires full restoration of roadway and/or sidewalk for public use as it relates to the event. Please contact DOT Special Events (specialevents@dot.nyc.gov) for further information.
SE8H80,0.0015727391874180866,WORK EMBARGO: 10/02/22 7am-6pm for 85th Pulaski Parade. Full street closure. *NYC DOT REQUIRES FULL RESTORATION OF ROADWAY AND/OR SIDEWALK FOR PUBLIC USE AS IT RELATES TO THE EVENT. PLEASE CONTACT DOT SPECIAL EVENTS (SPECIALEVENTS@DOT.NYC.GOV) FOR FURTHER INFORMATION
SE04J3,0.0015727391874180866,WORK EMBARGO: 05/18/25 4am-4pm for Celebrate Israel Parade. Full street closure. *NYC DOT requires full restoration of roadway and/or sidewalk for public use as it relates to the event. Please contact DOT Special Events (SpecialEvents@dot.nyc.gov) for further information.
SE0R98,0.0015727391874180866,"WORK EMBARGO: 04/28/23 12:01am to 05/07/23 11:59pm for 2023 Embargo Five Borough Bike Tour (10 Days - Manhattan). Full street closure. *NYC DOT REQUIRES FULL RESTORATION OF ROADWAY AND/OR SIDEWALK FOR PUBLIC USE AS IT RELATES TO THE EVENT. PLEASE CONTACT DOT SPECIAL EVENTS (SPECIALEVENTS@DOT.NYC.GOV) FOR FURTHER INFORMATION. Also includes Bronx-bound Madison Avenue Bridge, Queensboro Bridge Exit between East 63 St and East 60 St, Queensboro Bridge Upper Level (Manhattan-bound)"
SE72K5,0.0015727391874180866,WORK EMBARGO: 09/06/25 5am-10pm for 2025 Labor Day Parade. Full street closure. *NYC DOT requires full restoration of roadway and/or sidewalk for public use as it relates to the event. Please contact DOT Special Events (SpecialEvents@dot.nyc.gov) for further information.
050,0.0015727391874180866,OCCUPY 8 FOOT WIDTH OF ROADWAY ADJACENT  TO WEST CURBLINE 
SE53H8,0.0015727391874180866,WORK EMBARGO: 06/06/25 12:01am to 06/08/25 11:59pm for 2025 Embargo Celebrate Israel Parade. Full street closure. *NYC DOT requires full restoration of roadway and/or sidewalk for public use as it relates to the event. Please contact DOT Special Events (SpecialEvents@dot.nyc.gov) for further information.
SE9I59,0.0015727391874180866,WORK EMBARGO: 09/18/22 4pm-5pm for R2NYC. Full street closure. *NYC DOT REQUIRES FULL RESTORATION OF ROADWAY AND/OR SIDEWALK FOR PUBLIC USE AS IT RELATES TO THE EVENT. PLEASE CONTACT DOT SPECIAL EVENTS (SPECIALEVENTS@DOT.NYC.GOV) FOR FURTHER INFORMATION. Also includes: Washington Bridge
SE31T0,0.0015727391874180866,WORK EMBARGO: 06/26 12:00AM - 6/28/2026 12:00AM FOR SPECIAL EVENT PRIDE in TSq / Curb Lane Only / Pedestrian Plaza *NYC DOT REQUIRES FULL RESTORATION OF ROADWAY AND/OR SIDEWALK FOR PUBLIC USE AS IT RELATES TO THE EVENT. PLEASE CONTACT DOT SPECIAL EVENTS (SPECIALEVENTS@DOT.NYC.GOV) FOR FURTHER INFORMATION
SE32O7,0.0015727391874180866,WORK EMBARGO: 06/29/25 12am-8pm for 2025 NYC Pride March. Full street closure. *NYC DOT requires full restoration of roadway and/or sidewalk for public use as it relates to the event. Please contact DOT Special Events (SpecialEvents@dot.nyc.gov) for further information.
SE6Z70,0.0015727391874180866,WORK EMBARGO: 09/08/24 12am-5pm for New Balance 5th Avenue Mile 2024. Full street closure. *NYC DOT requires full restoration of roadway and/or sidewalk for public use as it relates to the event. Please contact DOT Special Events (SpecialEvents@dot.nyc.gov) for further information.
SE43U6,0.0015727391874180866,WORK EMBARGO: 11/10/2026 6:00PM - 11/11/2026 7:00PM for 2026 New York City Veterans Day Parade. Full Street Closure. *NYC DOT REQUIRES FULL RESTORATION OF ROADWAY AND/OR SIDEWALK FOR PUBLIC USE AS IT RELATES TO THE EVENT. PLEASE CONTACT DOT SPECIAL EVENTS (SPECIALEVENTS@DOT.NYC.GOV) FOR FURTHER INFORMATION
GARY01,0.0014416775884665792,"MAINTAIN 3 LANES FOR TRAFFIC, ONE LANE BUSES ONLY AND TWO LANES FOR ALL OTHER TRAFFIC. "
SE97B8,0.0014416775884665792,WORK EMBARGO: 05/04/25 12am-11:59pm for Five Boro Bike Tour Embargo. Full street closure. *NYC DOT requires full restoration of roadway and/or sidewalk for public use as it relates to the event. Please contact DOT Special Events (SpecialEvents@dot.nyc.gov) for further information. Note: Includes WILLIAMSBURG STREET WEST between KENT AVENUE and FLUSHING AVENUE.
SE2I14,0.0014416775884665792,WORK EMBARGO: 11/20/22 12:01am to 11/23/22 11:59pm for 2022 Embargo Rockefeller Tree Lighting Ceremony (Main). Full street closure. *NYC DOT REQUIRES FULL RESTORATION OF ROADWAY AND/OR SIDEWALK FOR PUBLIC USE AS IT RELATES TO THE EVENT. PLEASE CONTACT DOT SPECIAL EVENTS (SPECIALEVENTS@DOT.NYC.GOV) FOR FURTHER INFORMATION
SE27M2,0.0014416775884665792,WORK EMBARGO: 08/06/2025 9:00PM - 11:30PM FOR SPECIAL EVENT Hamil-TEN / Curb Lane Only *NYC DOT REQUIRES FULL RESTORATION OF ROADWAY AND/OR SIDEWALK FOR PUBLIC USE AS IT RELATES TO THE EVENT. PLEASE CONTACT DOT SPECIAL EVENTS (SPECIALEVENTS@DOT.NYC.GOV) FOR FURTHER INFORMATION
SE1I54,0.0014416775884665792,WORK EMBARGO: 11/08/22 12:01am to 11/11/22 11:59pm for 2022 Embargo Veteran's Day Parade. Full street closure. *NYC DOT REQUIRES FULL RESTORATION OF ROADWAY AND/OR SIDEWALK FOR PUBLIC USE AS IT RELATES TO THE EVENT. PLEASE CONTACT DOT SPECIAL EVENTS (SPECIALEVENTS@DOT.NYC.GOV) FOR FURTHER INFORMATION
SE79B0,0.0014416775884665792,WORK EMBARGO: 06/01/2024 8AM - 4PM FOR SPECIAL EVENT Reimagining Visibility: Guggenheim/D75 Partnership Celebration / Full Street Closure *NYC DOT REQUIRES FULL RESTORATION OF ROADWAY AND/OR SIDEWALK FOR PUBLIC USE AS IT RELATES TO THE EVENT. PLEASE CONTACT DOT SPECIAL EVENTS (SPECIALEVENTS@DOT.NYC.GOV) FOR FURTHER INFORMATION
SE35T9,0.0014416775884665792,WORK EMBARGO: 12/21 12:01AM - 01/05/2026 11:30PM FOR SPECIAL EVENT TS2026 - Week 4-6 / Curb Lane Only / Pedestrian Plaza / Sidewalk and Curb Lane Clousre / Full Sidewalk Closure *NYC DOT REQUIRES FULL RESTORATION OF ROADWAY AND/OR SIDEWALK FOR PUBLIC USE AS IT RELATES TO THE EVENT. PLEASE CONTACT DOT SPECIAL EVENTS (SPECIALEVENTS@DOT.NYC.GOV) FOR FURTHER INFORMATION
SE12L0,0.0014416775884665792,WORK EMBARGO: 09/01/25 12am to 09/30/25 11:59pm for 2025 Embargo UN General Assembly. Full street closure. *NYC DOT requires full restoration of roadway and/or sidewalk for public use as it relates to the event. Please contact DOT Special Events (SpecialEvents@dot.nyc.gov) for further information. Note: Includes all areas bounded: Between E 86 St – E 80 St – 5 Ave – Park Ave; Between E 60 St – E 34 St – 3 Ave – 1 Ave; Between E 57 St – E 45 St – Madison Ave – 3 Ave; Between W 47 St – W 44 St – 8 Ave – 7 Ave; Between 58 St – 49 St – 6 Ave – Madison Ave. Also FDR Dr Service Rd between E48-E49 Streets
SE7S23,0.0014416775884665792,WORK EMBARGO: 10/21/23 12:01am to 10/22/23 11:59pm for 2023 Embargo Bike MS NYC. Full street closure. *NYC DOT requires full restoration of roadway and/or sidewalk for public use as it relates to the event. Please contact DOT Special Events (specialevents@dot.nyc.gov) for further information. Also includes: Henry Hudson PkwyJoe DiMaggio Hwy/West St btwn Riverside Dr and West 54 St.
SE24Q6,0.0014416775884665792,WORK EMBARGO: 5/31/2026 5:00AM - 4:30PM for Israel Day Parade. Full Street Closure. NYC DOT REQUIRES FULL RESTORATION OF ROADWAY AND/OR SIDEWALK FOR PUBLIC USE AS IT RELATES TO THE EVENT. PLEASE CONTACT DOT SPECIAL EVENTS (SPECIALEVENTS@DOT.NYC.GOV) FOR FURTHER INFORMATION. Note Includes: 5th Avenue between E 78 St and E 79 St
SE4G21,0.001310615989515072,WORK EMBARGO: 04/27/22 12:01am to 05/01/22 11:50pm for 2022 Embargo Five Borough Bike Tour (5 Days). Full street closure. *NYC DOT REQUIRES FULL RESTORATION OF ROADWAY AND/OR SIDEWALK FOR PUBLIC USE AS IT RELATES TO THE EVENT. PLEASE CONTACT DOT SPECIAL EVENTS (SPECIALEVENTS@DOT.NYC.GOV) FOR FURTHER INFORMATION
SE20L4,0.001310615989515072,WORK EMBARGO: 10/11/25 12:01am to 10/13/25 11:59pm for 2025 Embargo Columbus Day Parade. Full street closure. *NYC DOT requires full restoration of roadway and/or sidewalk for public use as it relates to the event. Please contact DOT Special Events (SpecialEvents@dot.nyc.gov) for further information.
032,0.001310615989515072,"MAINTAIN FOUR 11 FOOT LANES,TWO 11 FOOT LANES ON EACH SIDE OF THE EXISTING DOUBLE YELLOW CENTER LINE "
SE09T4,0.001310615989515072,WORK EMBARGO: 11/30/2025 12:00AM - 1/07/2026 11:59PM for New Years Eve 2026. Full Street Closure / Pedestrian Plaza. NYC DOT REQUIRES FULL RESTORATION OF ROADWAY AND/OR SIDEWALK FOR PUBLIC USE AS IT RELATES TO THE EVENT. PLEASE CONTACT DOT SPECIAL EVENTS (SPECIALEVENTS@DOT.NYC.GOV) FOR FURTHER INFORMATION
SE32K1,0.001310615989515072,"WORK EMBARGO: 11/02/25 12am-8pm for 2025 TCS NYC Marathon. Full street closure. *NYC DOT requires full restoration of roadway and/or sidewalk for public use as it relates to the event. Please contact DOT Special Events (SpecialEvents@dot.nyc.gov) for further information. Note: Also includes the following bridges: Verazanno, Pulaski, Queensboro. Willis Avenue, Madison."
SE62A6,0.001310615989515072,"WORK EMBARGO: 06/30/24 12:01am to 07/05/24 6pm for 2024 Embargo Macy's 4th of July Annual Fireworks Celebration - Manhattan. Full street closure. *NYC DOT requires full restoration of roadway and/or sidewalk for public use as it relates to the event. Please contact DOT Special Events (SpecialEvents@dot.nyc.gov) for further information. Note: Includes the FDR Entrance Ramps at Ave C, 30 St, 34 St and 42 St. E 10 St bet Ave D-FDR"
SE06T0,0.001310615989515072,WORK EMBARGO: 07/08 12:01AM - 07/10/2026 11:59PM FOR SPECIAL EVENT Iconic Family-Friendly Brand Activation-Times Sq. / Pedestrian Plaza *NYC DOT REQUIRES FULL RESTORATION OF ROADWAY AND/OR SIDEWALK FOR PUBLIC USE AS IT RELATES TO THE EVENT. PLEASE CONTACT DOT SPECIAL EVENTS (SPECIALEVENTS@DOT.NYC.GOV) FOR FURTHER INFORMATION
SE14J5,0.001310615989515072,WORK EMBARGO: 11/27/24 1am to 11/28/24 11:30pm for 98th Annual Macys Thanksgiving Day Parade. Full street closure. *NYC DOT requires full restoration of roadway and/or sidewalk for public use as it relates to the event. Please contact DOT Special Events (SpecialEvents@dot.nyc.gov) for further information.
SE78A3,0.001310615989515072,WORK EMBARGO: 06/18/24 4pm-9pm for Museum Mile Festival. Full street closure. *NYC DOT requires full restoration of roadway and/or sidewalk for public use as it relates to the event. Please contact DOT Special Events (SpecialEvents@dot.nyc.gov) for further information.
SE24V8,0.001310615989515072,WORK EMBARGO: 00/00 - 00/00/2016 FOR SPECIAL EVENT NAME TIME: 12:01 AM - 6 PM *NYC DOT REQUIRES FULL RESTORATION OF ROADWAY AND/OR SIDEWALK FOR PUBLIC USE AS IT RELATES TO THE EVENT. PLEASE CONTACT DOT SPECIAL EVENTS (SPECIALEVENTS@DOT.NYC.GOV) FOR FURTHER INFORMATION. Note: Includes Frederick Douglass Circle
SE9H78,0.001310615989515072,WORK EMBARGO: 10/15/22 12:01am to 10/16/22 11:59pm for 2022 Embargo Bike MS Tour. Full street closure. *NYC DOT REQUIRES FULL RESTORATION OF ROADWAY AND/OR SIDEWALK FOR PUBLIC USE AS IT RELATES TO THE EVENT. PLEASE CONTACT DOT SPECIAL EVENTS (SPECIALEVENTS@DOT.NYC.GOV) FOR FURTHER INFORMATION. Also includes: Henry Hudson Parkway/Joe DiMaggio Highway / West Street (Southbound) between Riverside Drive and West 56th Street
TSQPLZ,0.001179554390563565,"THE SITE OF YOUR PROPOSED WORK FALLS WITHIN/IN THE VICINITY OF THE TIMES SQUARE PLAZA, AND MAY IMPACT THE SPECIAL PAVERS IN THE PLAZA AND/OR CROSSWALKS. YOU MUST SUBMIT A SCALED DRAWING SHOWING THE EXACT LOCATION OF THE PROPOSED WORK TO THE NYCDOT PUBLIC SPACE UNIT AT PLAZAS@DOT.NYC.GOV OR CALL 212-839-6569 PRIOR TO ISSUANCE OF YOUR PERMIT. IF IT IS DETERMINED THAT YOUR WORK WILL IMPACT ANY SPECIAL PAVERS WITHIN THE PLAZA AND/OR CROSSWALKS, THE PUBLIC SPACE UNIT WILL PROVIDE YOU WITH THE APPROPRIATE DOCUMENTATION RELATED TO SPECIAL PAVER RESTORATION"
SE1U64,0.001179554390563565,WORK EMBARGO: 04/28 12AM - 06/02/2023 11:59PM FOR SPECIAL EVENT 5th Avenue Blooms / Partial Sidewalk Closure *NYC DOT REQUIRES FULL RESTORATION OF ROADWAY AND/OR SIDEWALK FOR PUBLIC USE AS IT RELATES TO THE EVENT. PLEASE CONTACT DOT SPECIAL EVENTS (SPECIALEVENTS@DOT.NYC.GOV) FOR FURTHER INFORMATION
SE4M86,0.001179554390563565,"WORK EMBARGO: 06/18/22 8am-1pm for Three Boro Bike Ride for Health. Full street closure. *NYC DOT REQUIRES FULL RESTORATION OF ROADWAY AND/OR SIDEWALK FOR PUBLIC USE AS IT RELATES TO THE EVENT. PLEASE CONTACT DOT SPECIAL EVENTS (SPECIALEVENTS@DOT.NYC.GOV) FOR FURTHER INFORMATION. Also includes: Williamsburg Bridge, Queensboro Bridge, Pulaski Bridge, 21 STREET between QUEENS PLAZA SOUTH and 44 DRIVE"
017,0.001179554390563565,"CONTRACTORS SHALL NOTIFY POLICE, FIRE, EMS, COMMUNITY BOARDS, AND ABUTTING PROPERTY OWNERS 48 HOURS PRIOR TO CONSTRUCTION. "
SE6S54,0.001179554390563565,WORK EMBARGO: 09/09/2023 8am - 8pm FOR SPECIAL EVENT 3rd Avenue Community Benefit Festival . Full Street Closure *NYC DOT REQUIRES FULL RESTORATION OF ROADWAY AND/OR SIDEWALK FOR PUBLIC USE AS IT RELATES TO THE EVENT. PLEASE CONTACT DOT SPECIAL EVENTS (SPECIALEVENTS@DOT.NYC.GOV) FOR FURTHER INFORMATION
SE90N5,0.001179554390563565,WORK EMBARGO: 10/13/25 1am-7pm for Columbus Day Parade. Full street closure. *NYC DOT requires full restoration of roadway and/or sidewalk for public use as it relates to the event. Please contact DOT Special Events (SpecialEvents@dot.nyc.gov) for further information.
SE51M6,0.001179554390563565,WORK EMBARGO: 10/24/25 12:01am to 11/02/25 11:59pm for 2025 Embargo NYC Marathon - Family Reunion. Full street closure. *NYC DOT requires full restoration of roadway and/or sidewalk for public use as it relates to the event. Please contact DOT Special Events (SpecialEvents@dot.nyc.gov) for further information.
SE17N4,0.001179554390563565,WORK EMBARGO: 12/01/25 12:01am to 12/03/25 11:59pm for 2025 Embargo Rockefeller Tree Lighting Ceremony - Main Embargo. Full street closure. *NYC DOT requires full restoration of roadway and/or sidewalk for public use as it relates to the event. Please contact DOT Special Events (SpecialEvents@dot.nyc.gov) for further information.
SE5Z34,0.001179554390563565,WORK EMBARGO: 11/22/23 1am to 11/23/23 11:59pm for 97th Annual Macys Thanksgiving Day Parade. Full street closure. *NYC DOT requires full restoration of roadway and-or sidewalk for public use as it relates to the event. Please contact DOT Special Events (SpecialEvents@dot.nyc.gov) for further information.
SE69S8,0.001179554390563565,WORK EMBARGO: 11/26 01:00AM - 11/27/2025 11:30PM FOR SPECIAL EVENT 99th Annual Macys Thanksgiving Day Parade / Full Street Closure *NYC DOT REQUIRES FULL RESTORATION OF ROADWAY AND/OR SIDEWALK FOR PUBLIC USE AS IT RELATES TO THE EVENT. PLEASE CONTACT DOT SPECIAL EVENTS (SPECIALEVENTS@DOT.NYC.GOV) FOR FURTHER INFORMATION
SE06R9,0.001179554390563565,WORK EMBARGO: 5/08/2026 3:00PM - 5/09/2026 11:00PM for Japan Parade. Full Street Closure. NYC DOT REQUIRES FULL RESTORATION OF ROADWAY AND/OR SIDEWALK FOR PUBLIC USE AS IT RELATES TO THE EVENT. PLEASE CONTACT DOT SPECIAL EVENTS (SPECIALEVENTS@DOT.NYC.GOV) FOR FURTHER INFORMATION
SE7X25,0.001179554390563565,"WORK EMBARGO: 09/10/23 5am-8pm for 50th Anniversary Bike Tour - 50/35 &10 Miles Routes. Rolling street closure. *NYC DOT requires full restoration of roadway and/or sidewalk for public use as it relates to the event. Please contact DOT Special Events (SpecialEvents@dot.nyc.gov) for further information. Note: includes Brooklyn Bridge between Tillary St and Centre St, Hudson River Greenway bet Chambers St and W 68 St, inside Central Park, at west 67th use the main drive heading south east then north to East 85th St, Willis Ave Bridge between E 125 St and E 135 St, Randalls Is Connector bet E 132 St and Central Rd, Central Rd bet Randall's Is Connector and Triboro Br Connector, Triboro Br Connector bet Randall's Is Connector and 27 St, Pulaski Br bet 49 Ave and Freeman St, Prospect Park Dr bet West Dr and East Dr"
OCMC90,0.001179554390563565,WORK 10AM TO 2PM MONDAY-FRIDAY 
SE4R37,0.001179554390563565,"WORK EMBARGO: 05/25/23 12:01am to 05/30/23 11:59pm for 2023 Embargo Fleet Week. Full street closure. *NYC DOT REQUIRES FULL RESTORATION OF ROADWAY AND/OR SIDEWALK FOR PUBLIC USE AS IT RELATES TO THE EVENT. PLEASE CONTACT DOT SPECIAL EVENTS (SPECIALEVENTS@DOT.NYC.GOV) FOR FURTHER INFORMATION. Also includes: Area bounded by 55th Street on the North, 42nd Street on the South,11th Avenue on the East and West Side Highway on the West"
SE1K12,0.001179554390563565,WORK EMBARGO: 06/05/22 10am-6pm for Annual Greek Independence Day Parade. Full street closure. *NYC DOT REQUIRES FULL RESTORATION OF ROADWAY AND/OR SIDEWALK FOR PUBLIC USE AS IT RELATES TO THE EVENT. PLEASE CONTACT DOT SPECIAL EVENTS (SPECIALEVENTS@DOT.NYC.GOV) FOR FURTHER INFORMATION
SE21D2,0.001179554390563565,WORK EMBARGO: 10/25/24 12:01am to 11/03/24 11:59pm for 2024 Embargo NYC Marathon - Family Reunion. Full street closure. *NYC DOT requires full restoration of roadway and/or sidewalk for public use as it relates to the event. Please contact DOT Special Events (SpecialEvents@dot.nyc.gov) for further information.
SE14V0,0.0010484927916120576,WORK EMBARGO: 08/15/2026 12:00AM - 11:00PM for Open Streets: Summer Streets - Manhattan 3. Full Street Closure. *NYC DOT REQUIRES FULL RESTORATION OF ROADWAY AND/OR SIDEWALK FOR PUBLIC USE AS IT RELATES TO THE EVENT. PLEASE CONTACT DOT SPECIAL EVENTS (SPECIALEVENTS@DOT.NYC.GOV) FOR FURTHER INFORMATION. Note: Includes Park Avenue between East 42 Street and East 110 Street and Brooklyn Bridge Drive and Tillary Street and Centre Street
SE14V1,0.0010484927916120576,"WORK EMBARGO: 08/08/2026 12:00AM - 11:00PM for Open Streets: Summer Streets - Manhattan 2. Full Street Closure. *NYC DOT REQUIRES FULL RESTORATION OF ROADWAY AND/OR SIDEWALK FOR PUBLIC USE AS IT RELATES TO THE EVENT. PLEASE CONTACT DOT SPECIAL EVENTS (SPECIALEVENTS@DOT.NYC.GOV) FOR FURTHER INFORMATION. Note: Includes Brooklyn Bridge between Tillary Street and Centre Street, Park avenue between East 42 Street and East 110 Street"
SE78T5,0.0010484927916120576,WORK EMBARGO: 09/11 07:00PM - 09/14/2026 06:00AM FOR SPECIAL EVENT AAU 3 on 3 Hoop Fest / Full Street Closure / Pedestrian Plaza *NYC DOT REQUIRES FULL RESTORATION OF ROADWAY AND/OR SIDEWALK FOR PUBLIC USE AS IT RELATES TO THE EVENT. PLEASE CONTACT DOT SPECIAL EVENTS (SPECIALEVENTS@DOT.NYC.GOV) FOR FURTHER INFORMATION
SE13V4,0.0010484927916120576,WORK EMBARGO: 08/01/2026 12:00AM - 11:00PM for Open Streets: Summer Streets - Manhattan 1. Full Street Closure. *NYC DOT REQUIRES FULL RESTORATION OF ROADWAY AND/OR SIDEWALK FOR PUBLIC USE AS IT RELATES TO THE EVENT. PLEASE CONTACT DOT SPECIAL EVENTS (SPECIALEVENTS@DOT.NYC.GOV) FOR FURTHER INFORMATION. Note: Includes Park Avenue between East 42 Street and East 110 Street
SE67L3,0.0010484927916120576,WORK EMBARGO: 08/09/25 12am-11:30pm for Open Streets: Summer Streets - Manhattan 2. Full street closure. *NYC DOT requires full restoration of roadway and/or sidewalk for public use as it relates to the event. Please contact DOT Special Events (SpecialEvents@dot.nyc.gov) for further information.
SE59P1,0.0010484927916120576,WORK EMBARGO: 09/03 12:01AM - 09/04/2025 12:30PM FOR SPECIAL EVENT Production Parking / Curb Lane Only *NYC DOT REQUIRES FULL RESTORATION OF ROADWAY AND/OR SIDEWALK FOR PUBLIC USE AS IT RELATES TO THE EVENT. PLEASE CONTACT DOT SPECIAL EVENTS (SPECIALEVENTS@DOT.NYC.GOV) FOR FURTHER INFORMATION
BIOSW1,0.0010484927916120576,"A NYC DEP Right of Way Green Infrastructure practice is located in the roadway and/or sidewalk. Permittee must contact NYC DEP 48 business hours before construction starts at giutility@dep.nyc.gov for further instruction on how to proceed. Also, the Permittee must follow NYC DEPs Green infrastructure protection requirements at https://www1.nyc.gov/site/dep/water/green-infrastructure.page. Permittee is responsible for restoration, replacement, or reconstruction of damaged DEP Green Infrastructure assets impacted by the Permittee as directed by DEP."
SE97K1,0.0010484927916120576,WORK EMBARGO: 11/02/2025 12:00AM - 7:00PM FOR SPECIAL EVENT 2025 TCS NYC Marathon / Full Street Closure *NYC DOT REQUIRES FULL RESTORATION OF ROADWAY AND/OR SIDEWALK FOR PUBLIC USE AS IT RELATES TO THE EVENT. PLEASE CONTACT DOT SPECIAL EVENTS (SPECIALEVENTS@DOT.NYC.GOV) FOR FURTHER INFORMATION
SE903A,0.0010484927916120576,WORK EMBARGO: 12/24/2026 12:01AM - 01/02/2027 11:59PM for 2026 un general assembly. Full Street Closure. *NYC DOT REQUIRES FULL RESTORATION OF ROADWAY AND/OR SIDEWALK FOR PUBLIC USE AS IT RELATES TO THE EVENT. PLEASE CONTACT DOT SPECIAL EVENTS (SPECIALEVENTS@DOT.NYC.GOV) FOR FURTHER INFORMATION
SE5T04,0.0010484927916120576,WORK EMBARGO: 09/10/23 2am-4pm for New Balance 5th Avenue Mile 2023. Full street closure. *NYC DOT requires full restoration of roadway and/or sidewalk for public use as it relates to the event. Please contact DOT Special Events (specialevents@dot.nyc.gov) for further information.
SE0H40,0.0010484927916120576,"WORK EMBARGO: 07/01/22 12:01am to 07/05/22 6am for 2022 Embargo Macy's 4th of July Annual Fireworks Celebration (Manhattan). Full street closure. *NYC DOT REQUIRES FULL RESTORATION OF ROADWAY AND/OR SIDEWALK FOR PUBLIC USE AS IT RELATES TO THE EVENT. PLEASE CONTACT DOT SPECIAL EVENTS (SPECIALEVENTS@DOT.NYC.GOV) FOR FURTHER INFORMATION. Also includes: Little Water St between Fulton St and Beekman St; Brooklyn Bridge, Manhattan Bridge"
SE93D8,0.0010484927916120576,WORK EMBARGO: 11/24/24 12:01am to 12/04/24 11:59pm for 2024 Embargo Rockefeller Tree Lighting Ceremony. Full street closure. *NYC DOT requires full restoration of roadway and/or sidewalk for public use as it relates to the event. Please contact DOT Special Events (SpecialEvents@dot.nyc.gov) for further information.
SE66H1,0.0010484927916120576,WORK EMBARGO: 06/28/25 12:01am to 07/05/25 6am for 2025 Embargo Macy's 4th of July Fireworks Celebration. Full street closure. *NYC DOT requires full restoration of roadway and/or sidewalk for public use as it relates to the event. Please contact DOT Special Events (SpecialEvents@dot.nyc.gov) for further information.
SE50A0,0.0010484927916120576,"WORK EMBARGO: 04/26/24 12:01am to 05/05/24 11:59pm for 2024 Embargo Five Boro Bike Tour 10 Days - Manhattan. Full street closure. *NYC DOT requires full restoration of roadway and/or sidewalk for public use as it relates to the event. Please contact DOT Special Events (SpecialEvents@dot.nyc.gov) for further information. Note: Also includes Madison Ave Br Bronx-bound, Queensboro Br Upper Level Manhattan-bound, Inside Central Park: Center Dr bet 5 Ave-East Dr, East Dr bet Center Dr-Adam Clayton Powell Jr Blvd"
SE7S79,0.0010484927916120576,WORK EMBARGO: 03/18/23 12pm to 03/19/23 6pm for United Airlines NYC Half. Full street closure. *NYC DOT requires full restoration of roadway and/or sidewalk for public use as it relates to the event. Please contact DOT Special Events (specialevents@dot.nyc.gov) for further information. Also includes: Manhattan Bridge bet Nassau St and Canal St
SE7S78,0.0010484927916120576,"WORK EMBARGO: 03/10/23 6am-6pm for Tibetan National Uprising Day. Full street closure. *NYC DOT requires full restoration of roadway and/or sidewalk for public use as it relates to the event. Please contact DOT Special Events (specialevents@dot.nyc.gov) for further information. Also includes: Cadman Plaza Park North Lawn, Brooklyn Bridge Pedestrian 1."
SE19B9,0.0010484927916120576,WORK EMBARGO: 09/08/2024 12AM - 4PM FOR SPECIAL EVENT New Balance 5th Avenue Mile / Sidewalk and Street Closure *NYC DOT REQUIRES FULL RESTORATION OF ROADWAY AND/OR SIDEWALK FOR PUBLIC USE AS IT RELATES TO THE EVENT. PLEASE CONTACT DOT SPECIAL EVENTS (SPECIALEVENTS@DOT.NYC.GOV) FOR FURTHER INFORMATION
SE18N5,0.0009174311926605505,WORK EMBARGO: 12/06/25 12:10am to 12/07/25 11:59pm for 2025 Embargo Fifth Avenue Holiday Open Street. Full street closure. *NYC DOT requires full restoration of roadway and/or sidewalk for public use as it relates to the event. Please contact DOT Special Events (SpecialEvents@dot.nyc.gov) for further information.
SE9S87,0.0009174311926605505,WORK EMBARGO: 04/30/23 10am-5pm for Annual Greek Independence Day Parade. Full street closure. *NYC DOT requires full restoration of roadway and/or sidewalk for public use as it relates to the event. Please contact DOT Special Events (specialevents@dot.nyc.gov) for further information.
SE67L5,0.0009174311926605505,WORK EMBARGO: 08/16/25 12am-11:30pm for Open Streets: Summer Streets - Manhattan 3. Full street closure. *NYC DOT requires full restoration of roadway and/or sidewalk for public use as it relates to the event. Please contact DOT Special Events (SpecialEvents@dot.nyc.gov) for further information.
SE54H7,0.0009174311926605505,"WORK EMBARGO: 09/21/24 6a,-7pm for 67th German American Steuben Parade. Full street closure. *NYC DOT requires full restoration of roadway and/or sidewalk for public use as it relates to the event. Please contact DOT Special Events (SpecialEvents@dot.nyc.gov) for further information."
SE8U95,0.0009174311926605505,WORK EMBARGO: 10/27/23 12:01am to 11/05/23 11:59pm for 2023 Embargo NYC Marathon - Family Reunion. Full street closure. *NYC DOT requires full restoration of roadway and/or sidewalk for public use as it relates to the event. Please contact DOT Special Events (specialevents@dot.nyc.gov) for further information.
SE33K9,0.0009174311926605505,WORK EMBARGO: 09/06 6:00AM - 09/07/2025 4:00PM FOR SPECIAL EVENT 2025 New Balance 5th Avenue Mile / Sidewalk and Street Closure *NYC DOT REQUIRES FULL RESTORATION OF ROADWAY AND/OR SIDEWALK FOR PUBLIC USE AS IT RELATES TO THE EVENT. PLEASE CONTACT DOT SPECIAL EVENTS (SPECIALEVENTS@DOT.NYC.GOV) FOR FURTHER INFORMATION
SE35C1,0.0009174311926605505,WORK EMBARGO: 10/28/24 12:01am to 10/31/24 11:59pm for 2024 Embargo Village Halloween Day Parade. Full street closure. *NYC DOT requires full restoration of roadway and/or sidewalk for public use as it relates to the event. Please contact DOT Special Events (SpecialEvents@dot.nyc.gov) for further information. Note: Includes 6 Ave bet Canal St and W 18 St
SE50H9,0.0009174311926605505,"WORK EMBARGO: 04/25/25 12:01am to 05/04/25 11:59pm for 2025 Embargo Five Boro Bike Tour (10-Day). Full street closure. *NYC DOT requires full restoration of roadway and/or sidewalk for public use as it relates to the event. Please contact DOT Special Events (SpecialEvents@dot.nyc.gov) for further information. Note: Includes Verrazano Br Lower Level, Williamsburg St West bet Kent Ave - Flushing Ave. Pulaski Br. Queensboro Bridge. 3 Ave Br. Madison Br."
SE2L07,0.0009174311926605505,WORK EMBARGO: 06/14/2022 FOR SPECIAL EVENT Museum Mile Festival / Museum Mile Festival ** TIME: 4PM - 9:30PM / Full Street Closure *NYC DOT REQUIRES FULL RESTORATION OF ROADWAY AND/OR SIDEWALK FOR PUBLIC USE AS IT RELATES TO THE EVENT. PLEASE CONTACT DOT SPECIAL EVENTS (SPECIALEVENTS@DOT.NYC.GOV) FOR FURTHER INFORMATION
SE24Z7,0.0009174311926605505,WORK EMBARGO: 10/17/2026 11:00AM - 2:00PM for Broadway Bomb. Full Street Closure. *NYC DOT REQUIRES FULL RESTORATION OF ROADWAY AND/OR SIDEWALK FOR PUBLIC USE AS IT RELATES TO THE EVENT. PLEASE CONTACT DOT SPECIAL EVENTS (SPECIALEVENTS@DOT.NYC.GOV) FOR FURTHER INFORMATION
SE57A2,0.0009174311926605505,WORK EMBARGO: 05/18/24 7am-6pm for 18th Annual Dance Parade and Festival. Full street closure. *NYC DOT requires full restoration of roadway and/or sidewalk for public use as it relates to the event. Please contact DOT Special Events (SpecialEvents@dot.nyc.gov) for further information.
OCMC91,0.0009174311926605505,ONE 11-FOOT LANE MAY REMAIN CLOSED FOR CONCRETE CURING ONLY FOR MAXIMUM OF 48 HOURS. 
SE82J5,0.0009174311926605505,WORK EMBARGO: 09/06/25 8am-8pm for 3rd Avenue Community Benefit Festival. Full street closure. *NYC DOT requires full restoration of roadway and/or sidewalk for public use as it relates to the event. Please contact DOT Special Events (SpecialEvents@dot.nyc.gov) for further information.
SE06K0,0.0009174311926605505,WORK EMBARGO: 09/07/25 12am-5pm for New Balance 5th Avenue Mile 2025. Full street closure. *NYC DOT requires full restoration of roadway and/or sidewalk for public use as it relates to the event. Please contact DOT Special Events (SpecialEvents@dot.nyc.gov) for further information.
SE7H52,0.0009174311926605505,"WORK EMBARGO: 07/04/22 12:01am to 07/05/22 6am for 2022 Embargo Macy's 4th of July Annual Fireworks Celebration (Event Day). Full street closure. *NYC DOT REQUIRES FULL RESTORATION OF ROADWAY AND/OR SIDEWALK FOR PUBLIC USE AS IT RELATES TO THE EVENT. PLEASE CONTACT DOT SPECIAL EVENTS (SPECIALEVENTS@DOT.NYC.GOV) FOR FURTHER INFORMATION. Also includes areas bounded by Grand St, South St/FDR Dr, East Broadway and Robt F Wagner Pl."
SE48A2,0.0009174311926605505,WORK EMBARGO: 05/16/24 12:01am to 05/18/24 11:59pm for 2024 Embargo Dance Parade. Full street closure. *NYC DOT requires full restoration of roadway and/or sidewalk for public use as it relates to the event. Please contact DOT Special Events (SpecialEvents@dot.nyc.gov) for further information.
SE64T0,0.0009174311926605505,WORK EMBARGO: 06/09/2026 04:00PM - 09:30PM FOR SPECIAL EVENT Museum Mile Festival / Sidewalk and Street Closure / Full Street Closure *NYC DOT REQUIRES FULL RESTORATION OF ROADWAY AND/OR SIDEWALK FOR PUBLIC USE AS IT RELATES TO THE EVENT. PLEASE CONTACT DOT SPECIAL EVENTS (SPECIALEVENTS@DOT.NYC.GOV) FOR FURTHER INFORMATION
SE7S81,0.0009174311926605505,WORK EMBARGO: 04/22/23 8am-7pm for Vegan Earth Day March. Full street closure. *NYC DOT requires full restoration of roadway and/or sidewalk for public use as it relates to the event. Please contact DOT Special Events (specialevents@dot.nyc.gov) for further information.
SE20U7,0.0009174311926605505,WORK EMBARGO: 10/24/2024 6:00AM - 9:30PM for The Last 10. Full Street Closure. *NYC DOT REQUIRES FULL RESTORATION OF ROADWAY AND/OR SIDEWALK FOR PUBLIC USE AS IT RELATES TO THE EVENT. PLEASE CONTACT DOT SPECIAL EVENTS (SPECIALEVENTS@DOT.NYC.GOV) FOR FURTHER INFORMATION. Note: Includes West Drive between West 110st and West 74 street
SE80C1,0.0007863695937090433,WORK EMBARGO: 04/14/24 10am-5pm for Annual Greek Independence Day Parade. Full street closure. *NYC DOT requires full restoration of roadway and/or sidewalk for public use as it relates to the event. Please contact DOT Special Events (SpecialEvents@dot.nyc.gov) for further information.
SE6Z56,0.0007863695937090433,WORK EMBARGO: 05/16/24 3:30pm-8:30pm for American Heart Association Wall Street Run and Heart Walk. Full street closure. *NYC DOT requires full restoration of roadway and/or sidewalk for public use as it relates to the event. Please contact DOT Special Events (SpecialEvents@dot.nyc.gov) for further information.
SE7I12,0.0007863695937090433,WORK EMBARGO: 05/22/22 8am-8pm for LEXINGTON AVENUE SPRING FESTIVAL. Full street closure. *NYC DOT REQUIRES FULL RESTORATION OF ROADWAY AND/OR SIDEWALK FOR PUBLIC USE AS IT RELATES TO THE EVENT. PLEASE CONTACT DOT SPECIAL EVENTS (SPECIALEVENTS@DOT.NYC.GOV) FOR FURTHER INFORMATION
057,0.0007863695937090433,OCCUPY 20 FOOT WIDTH OF ROADWAY ADJACENT  TO EAST CURBLINE 
SE4G22,0.0007863695937090433,"WORK EMBARGO: 04/22/22 12:01am to 05/01/22 11:59pm for 2022 Embargo Five Borough Bike Tour (10 Days - Manhattan). Full street closure. *NYC DOT REQUIRES FULL RESTORATION OF ROADWAY AND/OR SIDEWALK FOR PUBLIC USE AS IT RELATES TO THE EVENT. PLEASE CONTACT DOT SPECIAL EVENTS (SPECIALEVENTS@DOT.NYC.GOV) FOR FURTHER INFORMATION. Also includes: Bronx bound Madison Ave Bridge, Queensboro Bridge Upper Level"
SE1T24,0.0007863695937090433,WORK EMBARGO: 04/13 7AM - 04/14/2023 10:30PM FOR SPECIAL EVENT MMM Season 5 Launch Event / Street Event / Sidewalk and Curb Lane Closure *NYC DOT REQUIRES FULL RESTORATION OF ROADWAY AND/OR SIDEWALK FOR PUBLIC USE AS IT RELATES TO THE EVENT. PLEASE CONTACT DOT SPECIAL EVENTS (SPECIALEVENTS@DOT.NYC.GOV) FOR FURTHER INFORMATION
SE71U4,0.0007863695937090433,WORK EMBARGO: 06/24/2026 12:01AM - 06/28/2026 for 2026 Embargo NYC Pride March. Full Street Closure. *NYC DOT REQUIRES FULL RESTORATION OF ROADWAY AND/OR SIDEWALK FOR PUBLIC USE AS IT RELATES TO THE EVENT. PLEASE CONTACT DOT SPECIAL EVENTS (SPECIALEVENTS@DOT.NYC.GOV) FOR FURTHER INFORMATION
SE47L6,0.0007863695937090433,WORK EMBARGO: 11/18/25 12:01am to 11/27/25 11:59pm for 2025 Embargo Macy's Thanksgiving Day Parade - Main. Full street closure. *NYC DOT requires full restoration of roadway and/or sidewalk for public use as it relates to the event. Please contact DOT Special Events (SpecialEvents@dot.nyc.gov) for further information.
SE1J52,0.0007863695937090433,WORK EMBARGO: 01/13 6AM - 12/31/2022 10PM FOR SPECIAL EVENT Free COVID Testing / Street Event / Curb Lane Only *NYC DOT REQUIRES FULL RESTORATION OF ROADWAY AND/OR SIDEWALK FOR PUBLIC USE AS IT RELATES TO THE EVENT. PLEASE CONTACT DOT SPECIAL EVENTS (SPECIALEVENTS@DOT.NYC.GOV) FOR FURTHER INFORMATION
SE7W33,0.0007863695937090433,WORK EMBARGO: 09/11/23 to 06/30/24 8am-8pm for WEST 212 STREET. Full street closure. *NYC DOT requires full restoration of roadway and/or sidewalk for public use as it relates to the event. Please contact DOT Special Events (SpecialEvents@dot.nyc.gov) for further information.
SE1S87,0.0007863695937090433,WORK EMBARGO: 05/27/22 to 06/04/23 9am-6pm for washington Square Outdoor Art Exhibit. Sidewalk and street closure. *NYC DOT REQUIRES FULL RESTORATION OF ROADWAY AND/OR SIDEWALK FOR PUBLIC USE AS IT RELATES TO THE EVENT. PLEASE CONTACT DOT SPECIAL EVENTS (SPECIALEVENTS@DOT.NYC.GOV) FOR FURTHER INFORMATION
SE7Q33,0.0007863695937090433,WORK EMBARGO: 11/06/22 1am-10pm for 2022 TCS NYC Marathon. Full street closure. *NYC DOT REQUIRES FULL RESTORATION OF ROADWAY AND/OR SIDEWALK FOR PUBLIC USE AS IT RELATES TO THE EVENT. PLEASE CONTACT DOT SPECIAL EVENTS (SPECIALEVENTS@DOT.NYC.GOV) FOR FURTHER INFORMATION
SE7R15,0.0007863695937090433,WORK EMBARGO: 04/07/23 8am-1pm for Good Friday Way of the Cross. Full street closure. *NYC DOT REQUIRES FULL RESTORATION OF ROADWAY AND/OR SIDEWALK FOR PUBLIC USE AS IT RELATES TO THE EVENT. PLEASE CONTACT DOT SPECIAL EVENTS (SPECIALEVENTS@DOT.NYC.GOV) FOR FURTHER INFORMATION
SE48C2,0.0007863695937090433,WORK EMBARGO: 10/05/24 9am-3pm for Nigeria Independence Day Parade. Full street closure. *NYC DOT requires full restoration of roadway and/or sidewalk for public use as it relates to the event. Please contact DOT Special Events (SpecialEvents@dot.nyc.gov) for further information.
SE55F9,0.0007863695937090433,WORK EMBARGO: 06/30/24 12am-8pm for 2024 NYC Pride March. Full street closure. *NYC DOT requires full restoration of roadway and/or sidewalk for public use as it relates to the event. Please contact DOT Special Events (SpecialEvents@dot.nyc.gov) for further information.
SE2X30,0.0007863695937090433,"WORK EMBARGO: 08/05/23, 08/12/23 and 08/19/23 12am-3pm for 2023 Summer Streets Manhattan Route. Full street closure. *NYC DOT requires full restoration of roadway and/or sidewalk for public use as it relates to the event. Please contact DOT Special Events (SpecialEvents@dot.nyc.gov) for further information."
SE9I84,0.0007863695937090433,WORK EMBARGO: 00/00 - 00/00/2016 FOR SPECIAL EVENT NAME TIME: 12:01 AM - 6 PM *NYC DOT REQUIRES FULL RESTORATION OF ROADWAY AND/OR SIDEWALK FOR PUBLIC USE AS IT RELATES TO THE EVENT. PLEASE CONTACT DOT SPECIAL EVENTS (SPECIALEVENTS@DOT.NYC.GOV) FOR FURTHER INFORMATION
SE89T5,0.0007863695937090433,WORK EMBARGO: 09/27/2026 8:00AM - 8:00PM for Lexington Avenue Festival. Full Street Closure. *NYC DOT REQUIRES FULL RESTORATION OF ROADWAY AND/OR SIDEWALK FOR PUBLIC USE AS IT RELATES TO THE EVENT. PLEASE CONTACT DOT SPECIAL EVENTS (SPECIALEVENTS@DOT.NYC.GOV) FOR FURTHER INFORMATION
085,0.0007863695937090433,WORK 7PM FRIDAY THROUGH 6AM MONDAY. SECTION 24-224 ADMINISTRATIVE CODE VARIANCE GRANTED FOR HOURS AND DAYS STIPLUATED HEREIN.
SE0U94,0.0007863695937090433,"WORK EMBARGO: 08/13/23 6am-6pm for Blue Knights NY2 LEMC 2023 Motorcycle Run and BBQ. Rolling street closure. *NYC DOT requires full restoration of roadway and/or sidewalk for public use as it relates to the event. Please contact DOT Special Events (specialevents@dot.nyc.gov) for further information. Also includes: Brooklyn Bridge, BQE bet Exit 35-LIE/Midtown Tunnel, LIE bet BQE-Van Dam St. Thomson Ave bet Van Dam-Upper Level of Ed Koch Bridge, Willis Ave Bridge,"
SE0U90,0.0007863695937090433,WORK EMBARGO: 08/20/23 12pm-6pm for 134th Annual St Rocco Feast Parade. Full street closure. *NYC DOT requires full restoration of roadway and/or sidewalk for public use as it relates to the event. Please contact DOT Special Events (specialevents@dot.nyc.gov) for further information.
SE00K0,0.0007863695937090433,WORK EMBARGO: 06/15 12:00AM - 06/18/2025 11:00PM FOR SPECIAL EVENT F1 MOVIE PREMIER DISPLAY / Curb Lane Ony *NYC DOT REQUIRES FULL RESTORATION OF ROADWAY AND/OR SIDEWALK FOR PUBLIC USE AS IT RELATES TO THE EVENT. PLEASE CONTACT DOT SPECIAL EVENTS (SPECIALEVENTS@DOT.NYC.GOV) FOR FURTHER INFORMATION
SE64P6,0.0007863695937090433,WORK EMBARGO: 7/01/2025 - 6/30/2026 10:00AM - 1:30PM for WADSWORTH AVENUE Open Street. Full Street Closure. NYC DOT REQUIRES FULL RESTORATION OF ROADWAY AND/OR SIDEWALK FOR PUBLIC USE AS IT RELATES TO THE EVENT. PLEASE CONTACT DOT SPECIAL EVENTS (SPECIALEVENTS@DOT.NYC.GOV) FOR FURTHER INFORMATION
SE0T23,0.0007863695937090433,WORK EMBARGO: 06/13/23 4pm-9pm for Museum Mile Festival. Full street closure. *NYC DOT requires full restoration of roadway and/or sidewalk for public use as it relates to the event. Please contact DOT Special Events (specialevents@dot.nyc.gov) for further information.
SE2Z11,0.0007863695937090433,WORK EMBARGO: 00/00 - 00/00/2016 FOR SPECIAL EVENT NAME TIME: 12:01 AM - 6 PM *NYC DOT REQUIRES FULL RESTORATION OF ROADWAY AND/OR SIDEWALK FOR PUBLIC USE AS IT RELATES TO THE EVENT. PLEASE CONTACT DOT SPECIAL EVENTS (SPECIALEVENTS@DOT.NYC.GOV) FOR FURTHER INFORMATION
SE4Q94,0.0007863695937090433,WORK EMBARGO: 09/26/22 5pm-7:30pm for Ayotzinapa 43: 8 Years Without 43 Hearts. Full street closure. *NYC DOT REQUIRES FULL RESTORATION OF ROADWAY AND/OR SIDEWALK FOR PUBLIC USE AS IT RELATES TO THE EVENT. PLEASE CONTACT DOT SPECIAL EVENTS (SPECIALEVENTS@DOT.NYC.GOV) FOR FURTHER INFORMATION
SE62Y9,0.0007863695937090433,WORK EMBARGO: 07/06/2026 12:01 AM - 07/19/2026 11:59PM for 2026 Embargo FIFA World Cup: Fan Zones. Full Street Closure. *NYC DOT REQUIRES FULL RESTORATION OF ROADWAY AND/OR SIDEWALK FOR PUBLIC USE AS IT RELATES TO THE EVENT. PLEASE CONTACT DOT SPECIAL EVENTS (SPECIALEVENTS@DOT.NYC.GOV) FOR FURTHER INFORMATION
SE0R96,0.0007863695937090433,WORK EMBARGO: 05/18/23 12:01am to 05/20/23 11:59pm for 2023 Embargo Dance Parade. Full street closure. *NYC DOT REQUIRES FULL RESTORATION OF ROADWAY AND/OR SIDEWALK FOR PUBLIC USE AS IT RELATES TO THE EVENT. PLEASE CONTACT DOT SPECIAL EVENTS (SPECIALEVENTS@DOT.NYC.GOV) FOR FURTHER INFORMATION
SE4R90,0.0007863695937090433,WORK EMBARGO: 07/21/23 12:01am to 07/23/23 11:59pm for 2023 Embargo NYC Triathlon. Full street closure. *NYC DOT REQUIRES FULL RESTORATION OF ROADWAY AND/OR SIDEWALK FOR PUBLIC USE AS IT RELATES TO THE EVENT. PLEASE CONTACT DOT SPECIAL EVENTS (SPECIALEVENTS@DOT.NYC.GOV) FOR FURTHER INFORMATION. Also includes: West 96th Street Entrance into Central Park &#61623; Central Park West Drive between 97th Street Transverse and Center Drive &#61623; Center Drive between Central Park West Drive and Central Park East Drive &#61623; Central Park East Drive between Center Drive and 97th Street Transverse &#61623; Terrace Drive between Central Park West Drive and Central Park East Drive&#61623; Henry Hudson Parkway Exit and Entrance ramps at West 96th Street &#61623; Henry Hudson Bridge (Northbound)
SE8O56,0.0007863695937090433,WORK EMBARGO: 10/02/22 8am-2pm for Silent PROCESSION NYC4PR. Full street closure. *NYC DOT REQUIRES FULL RESTORATION OF ROADWAY AND/OR SIDEWALK FOR PUBLIC USE AS IT RELATES TO THE EVENT. PLEASE CONTACT DOT SPECIAL EVENTS (SPECIALEVENTS@DOT.NYC.GOV) FOR FURTHER INFORMATION
SE4S05,0.0007863695937090433,WORK EMBARGO: 05/20/23 7am-6pm for 17th Annual Dance Parade and Festival. Full street closure. *NYC DOT REQUIRES FULL RESTORATION OF ROADWAY AND/OR SIDEWALK FOR PUBLIC USE AS IT RELATES TO THE EVENT. PLEASE CONTACT DOT SPECIAL EVENTS (SPECIALEVENTS@DOT.NYC.GOV) FOR FURTHER INFORMATION
SE3Z81,0.0007863695937090433,WORK EMBARGO: 10/09/23 1am-7pm for Columbus Day Parade. Full street closure. *NYC DOT requires full restoration of roadway and-or sidewalk for public use as it relates to the event. Please contact DOT Special Events (SpecialEvents@dot.nyc.gov) for further information.
SE38J7,0.0007863695937090433,WORK EMBARGO: 12/08/24 7am-10:30am for Feast of Guadalupe. Full street closure. *NYC DOT requires full restoration of roadway and/or sidewalk for public use as it relates to the event. Please contact DOT Special Events (SpecialEvents@dot.nyc.gov) for further information.
SE97J2,0.0007863695937090433,WORK EMBARGO: 08/23/25 8am-8pm for TIMES SQUARE EXPO FAIR. Full street closure. *NYC DOT requires full restoration of roadway and/or sidewalk for public use as it relates to the event. Please contact DOT Special Events (SpecialEvents@dot.nyc.gov) for further information.
SE52U8,0.0007863695937090433,WORK EMBARGO: 06/28/2026 12:00AM - 8:00PM for 2026 NYC Pride March. Full Street Closure.*NYC DOT REQUIRES FULL RESTORATION OF ROADWAY AND/OR SIDEWALK FOR PUBLIC USE AS IT RELATES TO THE EVENT. PLEASE CONTACT DOT SPECIAL EVENTS (SPECIALEVENTS@DOT.NYC.GOV) FOR FURTHER INFORMATION
SE92C6,0.0007863695937090433,WORK EMBARGO: 10/20/24 6am-3pm for 8th Annual Disability Pride Parade. Full street closure. *NYC DOT requires full restoration of roadway and/or sidewalk for public use as it relates to the event. Please contact DOT Special Events (SpecialEvents@dot.nyc.gov) for further information.
SE939A,0.0007863695937090433,WORK EMBARGO: 08/24/2026 12:00 AM - 09/07/2026 11:59 PM FOR SPECIAL EVENT 23 WALL STREET EVENT. Curb Lane Only. *NYC DOT REQUIRES FULL RESTORATION OF ROADWAY AND/OR SIDEWALK FOR PUBLIC USE AS IT RELATES TO THE EVENT. PLEASE CONTACT DOT SPECIAL EVENTS (SPECIALEVENTS@DOT.NYC.GOV) FOR FURTHER INFORMATION
SE93D9,0.0007863695937090433,WORK EMBARGO:12/04/24 12:01am-11:59pm for 2024 Embargo Rockefeller Tree Lighting Ceremony - Event Day. Full street closure. *NYC DOT requires full restoration of roadway and/or sidewalk for public use as it relates to the event. Please contact DOT Special Events (SpecialEvents@dot.nyc.gov) for further information.
SE3Q07,0.0007863695937090433,"WORK EMBARGO: 11/06/22 1am-8pm for 2022 TCS NYC Marathon. Full street closure. *NYC DOT REQUIRES FULL RESTORATION OF ROADWAY AND/OR SIDEWALK FOR PUBLIC USE AS IT RELATES TO THE EVENT. PLEASE CONTACT DOT SPECIAL EVENTS (SPECIALEVENTS@DOT.NYC.GOV) FOR FURTHER INFORMATION. Also includes: Verrazano -Narrows Br, Queensboro Br, Willis Ave Br, Madison AVe Br, Central Park East Dr, Central Park Grand Army Plz West sidewalks, Central Park West Dr., WILLIS AVENUE BRIDGE between EAST 125 STREET and EAST 136 STREET, Central Park : West 67th Street Access"
SE94D0,0.0007863695937090433,WORK EMBARGO: 10/18/24 12:01am to 10/20/24 11:59pm for 2024 Embargo Disability Pride Parade. Full street closure. *NYC DOT requires full restoration of roadway and/or sidewalk for public use as it relates to the event. Please contact DOT Special Events (SpecialEvents@dot.nyc.gov) for further information.
SE2T86,0.0007863695937090433,"WORK EMBARGO: 03/18/23 12pm to 03/19/23 6pm for 2023 United Airlines NYC Half Marathon. Full street closure. *NYC DOT requires full restoration of roadway and/or sidewalk for public use as it relates to the event. Please contact DOT Special Events (specialevents@dot.nyc.gov) for further information. Also includes: Manhattan Bridge, East Dr bet 60 St and 66 St, East Dr bet Ocean Ave and Center Dr, East Dr bet Center Dr and Grand Army Plz, Central Park 72 St Cross Dr, Central Park West Dr, FDR Dr bet Montgomery St and E 42 St"
SE68B1,0.0007863695937090433,WORK EMBARGO: 05/22 2AM - 05/27/2024 11:30PM FOR SPECIAL EVENT Fleet Week New York/Times Square Events / Pedestrian Plaza *NYC DOT REQUIRES FULL RESTORATION OF ROADWAY AND/OR SIDEWALK FOR PUBLIC USE AS IT RELATES TO THE EVENT. PLEASE CONTACT DOT SPECIAL EVENTS (SPECIALEVENTS@DOT.NYC.GOV) FOR FURTHER INFORMATION
SE28S3,0.0007863695937090433,WORK EMBARGO: 10/18/2025 11:00AM - 01:00PM FOR SPECIAL EVENT Broadway Bomb / Full Street Closure *NYC DOT REQUIRES FULL RESTORATION OF ROADWAY AND/OR SIDEWALK FOR PUBLIC USE AS IT RELATES TO THE EVENT. PLEASE CONTACT DOT SPECIAL EVENTS (SPECIALEVENTS@DOT.NYC.GOV) FOR FURTHER INFORMATION
SE2I19,0.0007863695937090433,WORK EMBARGO: 05/21/22 8am-5pm for TURKISH DAY PARADE. Full street closure. *NYC DOT REQUIRES FULL RESTORATION OF ROADWAY AND/OR SIDEWALK FOR PUBLIC USE AS IT RELATES TO THE EVENT. PLEASE CONTACT DOT SPECIAL EVENTS (SPECIALEVENTS@DOT.NYC.GOV) FOR FURTHER INFORMATION
SE83B2,0.0007863695937090433,WORK EMBARGO: 04/20/24 5am-8pm for Open Streets: Car-Free Earth Day. Full street closure. *NYC DOT requires full restoration of roadway and/or sidewalk for public use as it relates to the event. Please contact DOT Special Events (SpecialEvents@dot.nyc.gov) for further information.
SE6N62,0.0007863695937090433,WORK EMBARGO: 09/11/22 2am-4pm for New Balance 5th Avenue Mile. Full street closure. *NYC DOT REQUIRES FULL RESTORATION OF ROADWAY AND/OR SIDEWALK FOR PUBLIC USE AS IT RELATES TO THE EVENT. PLEASE CONTACT DOT SPECIAL EVENTS (SPECIALEVENTS@DOT.NYC.GOV) FOR FURTHER INFORMATION
SE83J9,0.0007863695937090433,WORK EMBARGO: 10/05/25 7am-6pm for 88th Pulaski Day Parade. Full street closure. *NYC DOT requires full restoration of roadway and/or sidewalk for public use as it relates to the event. Please contact DOT Special Events (SpecialEvents@dot.nyc.gov) for further information.
SE287B,0.0007863695937090433,"WORK EMBARGO: 10/24/2026 12:01AM - 11/02/2026 11:59PM for 2026 Embargo NYC Marathon. Full Street Closure. *NYC DOT REQUIRES FULL RESTORATION OF ROADWAY AND/OR SIDEWALK FOR PUBLIC USE AS IT RELATES TO THE EVENT. PLEASE CONTACT DOT SPECIAL EVENTS (SPECIALEVENTS@DOT.NYC.GOV) FOR FURTHER INFORMATION. Includes 90th Street between 5th Avenue and East Drive, East Drive between 90th Street and Grand Army Plaza, West 77 Street Approach to West Drive, West 67th Street Approach to West Drive, Center Drive, West Drive, Terrace Drive, Madison Avenue (FDR Service Road) between East 135 Street and East 142 Street, Madison Avenue between 142nd Street and 138th Street, Columbus circle between West 59th street and Central Park Driveway, Central Park Driveway/8th Avenue approach to West Drive, West Drive between 8th Avenue Approach and 67th Street to West Drive, Madison Avenue Bridge (Westbound), Queensboro Bridge (59th Street Pedestrian Entrance Ramp EB)"
SE6I96,0.0007863695937090433,WORK EMBARGO: 06/18/22 8am-8pm for TURTLE BAY FESTIVAL. Full street closure. *NYC DOT REQUIRES FULL RESTORATION OF ROADWAY AND/OR SIDEWALK FOR PUBLIC USE AS IT RELATES TO THE EVENT. PLEASE CONTACT DOT SPECIAL EVENTS (SPECIALEVENTS@DOT.NYC.GOV) FOR FURTHER INFORMATION
SE6M57,0.0007863695937090433,WORK EMBARGO: 11/11/22 5am-5pm for 2022 VETERANS DAY PARADE. Full street closure. *NYC DOT REQUIRES FULL RESTORATION OF ROADWAY AND/OR SIDEWALK FOR PUBLIC USE AS IT RELATES TO THE EVENT. PLEASE CONTACT DOT SPECIAL EVENTS (SPECIALEVENTS@DOT.NYC.GOV) FOR FURTHER INFORMATION
SE4K80,0.0007863695937090433,"WORK EMBARGO: 07/06 7AM - 08/24/2022 5PM FOR SPECIAL EVENT NYP Youth Market - Broadway / Farmers Market / Partial Sidewalk Closure *NYC DOT REQUIRES FULL RESTORATION OF ROADWAY AND/OR SIDEWALK FOR PUBLIC USE AS IT RELATES TO THE EVENT. PLEASE CONTACT DOT SPECIAL EVENTS (SPECIALEVENTS@DOT.NYC.GOV) FOR FURTHER INFORMATION * Recurring Dates: 07/06/2022,07/13/2022,07/20/2022,07/27/2022,08/03/2022,08/10/2022,08/17/2022,08/24/2022"
SE65S5,0.0007863695937090433,WORK EMBARGO: 06/06/2026 7:00AM - 8:00PM for Haitian Heritage Parade. Full Street Closure. NYC DOT REQUIRES FULL RESTORATION OF ROADWAY AND/OR SIDEWALK FOR PUBLIC USE AS IT RELATES TO THE EVENT. PLEASE CONTACT DOT SPECIAL EVENTS (SPECIALEVENTS@DOT.NYC.GOV) FOR FURTHER INFORMATION
SE2R24,0.0007863695937090433,WORK EMBARGO: 06/21/23 12:01AM to 06/25/23 11:59pm for 2023 Embargo NYC Pride March. Full street closure. *NYC DOT REQUIRES FULL RESTORATION OF ROADWAY AND/OR SIDEWALK FOR PUBLIC USE AS IT RELATES TO THE EVENT. PLEASE CONTACT DOT SPECIAL EVENTS (SPECIALEVENTS@DOT.NYC.GOV) FOR FURTHER INFORMATION
SE26D3,0.0007863695937090433,WORK EMBARGO: 00/00 - 00/00/2016 FOR SPECIAL EVENT NAME TIME: 12:01 AM - 6 PM *NYC DOT REQUIRES FULL RESTORATION OF ROADWAY AND/OR SIDEWALK FOR PUBLIC USE AS IT RELATES TO THE EVENT. PLEASE CONTACT DOT SPECIAL EVENTS (SPECIALEVENTS@DOT.NYC.GOV) FOR FURTHER INFORMATION
SE45J9,0.0007863695937090433,WORK EMBARGO: 06/24 12:00AM - 06/30/2024 11:59PM FOR SPECIAL EVENT PRIDE in TSq / Pedestrian Plaza / Curb Lane Only *NYC DOT REQUIRES FULL RESTORATION OF ROADWAY AND/OR SIDEWALK FOR PUBLIC USE AS IT RELATES TO THE EVENT. PLEASE CONTACT DOT SPECIAL EVENTS (SPECIALEVENTS@DOT.NYC.GOV) FOR FURTHER INFORMATION
SE1U27,0.000655307994757536,WORK EMBARGO: 09/09/23 7am to 09/10/23 3pm for New Balance 5th Avenue Mile. Full street closure. *NYC DOT requires full restoration of roadway and/or sidewalk for public use as it relates to the event. Please contact DOT Special Events (specialevents@dot.nyc.gov) for further information.
SE77G5,0.000655307994757536,"WORK EMBARGO: 03/07/25 12:01am to 03/16/25 11:59pm for 2025 Embargo United Airlines NYC Half Marathon. Full street closure. *NYC DOT requires full restoration of roadway and/or sidewalk for public use as it relates to the event. Please contact DOT Special Events (SpecialEvents@dot.nyc.gov) for further information. Note: Includes Eastern Pkwy (and North Svc Rd) bet Flatbush Ave/Plaza St East and Classon Ave, Willink Drive bet Flatbush Avenue and East Drive, East Drive bet Willink Drive and Grand Army Plaza, Center Drive bet West Drive and East Drive, Brooklyn Br (WB), • West 67th Street/Warner LeRoy Place between Central Park West and West Drive"
SE6S08,0.000655307994757536,WORK EMBARGO: 05/18/23 2pm-9:30pm for Celebrating Haitian Heritage Month. Full street closure. *NYC DOT requires full restoration of roadway and/or sidewalk for public use as it relates to the event. Please contact DOT Special Events (specialevents@dot.nyc.gov) for further information.
SE77N3,0.000655307994757536,WORK EMBARGO: 08/17/25 7am-12pm for Americas 911 Ride. Full street closure. *NYC DOT requires full restoration of roadway and/or sidewalk for public use as it relates to the event. Please contact DOT Special Events (SpecialEvents@dot.nyc.gov) for further information.
SE6T24,0.000655307994757536,"WORK EMBARGO: 05/07/23 12am-6:30pm for 2023 TD Five Boro Bike Tour. Rolling street closure. *NYC DOT requires full restoration of roadway and/or sidewalk for public use as it relates to the event. Please contact DOT Special Events (specialevents@dot.nyc.gov) for further information.. Also includes: Trinity Pl bet Morris St-Liberty St, Madison Ave Bridge, 3rd Ave Bridge, Verrazano Bridge, Bay St bet Ferry Term Dr-Edgewater St, Pulaski Bridge, FDR/Harlem River Dr bet E 63 St-3 Ave Bridge, Queensboro Bridge. Williamsburg St W bet Kent Ave-Flushing Ave"
SE53M8,0.000655307994757536,"WORK EMBARGO: 10/24/25 12:01am to 11/02/25 11:59pm for 2025 Embargo NYC Marathon - Manhattan. Full street closure. *NYC DOT requires full restoration of roadway and/or sidewalk for public use as it relates to the event. Please contact DOT Special Events (SpecialEvents@dot.nyc.gov) for further information. Note: Includes Queensboro Bridge, Madison Ave Bridge, • Central Park Driveway/8th Avenue Approach to West Drive • West Drive between 8th Avenue Approach and 85th Street Approach to West Drive • Terrace Drive between West Drive and East Drive • Center Drive between West Drive and East Drive • West 85th Street Approach to West Drive • West 81st Street Approach to West Drive • West 77th Street Approach to West Drive • West 67th Street Approach to West Drive"
SE3H77,0.000655307994757536,WORK EMBARGO: 00/00 - 00/00/2016 FOR SPECIAL EVENT NAME TIME: 12:01 AM - 6 PM *NYC DOT REQUIRES FULL RESTORATION OF ROADWAY AND/OR SIDEWALK FOR PUBLIC USE AS IT RELATES TO THE EVENT. PLEASE CONTACT DOT SPECIAL EVENTS (SPECIALEVENTS@DOT.NYC.GOV) FOR FURTHER INFORMATION
SE6S10,0.000655307994757536,WORK EMBARGO: 06/24/23 9am-2pm for Shamrocks Motorcycle Club Memorial Ride. Rolling street closure. *NYC DOT requires full restoration of roadway and/or sidewalk for public use as it relates to the event. Please contact DOT Special Events (specialevents@dot.nyc.gov) for further information. Also includes: MAJOR DEEGAN between CITY LIMITS and MANHATTAN
SE27B8,0.000655307994757536,WORK EMBARGO: 07/28/24 8am-8pm for LEXINGTON AVENUE SUMMERFEST. Full street closure. *NYC DOT requires full restoration of roadway and/or sidewalk for public use as it relates to the event. Please contact DOT Special Events (SpecialEvents@dot.nyc.gov) for further information.
SE1S93,0.000655307994757536,WORK EMBARGO: 06/09/23 7PM TO 06/10/23 5:30PM FOR 116th Street Festival. FULL STREET CLOSURE. *NYC DOT REQUIRES FULL RESTORATION OF ROADWAY AND/OR SIDEWALK FOR PUBLIC USE AS IT RELATES TO THE EVENT. PLEASE CONTACT DOT SPECIAL EVENTS (SPECIALEVENTS@DOT.NYC.GOV) FOR FURTHER INFORMATION
SE6S58,0.000655307994757536,WORK EMBARGO: 09/02 9am - 09/10/2023 6pm FOR SPECIAL EVENT Washington Square Outdoor Art Exhibit . Street Festival . Sidewalk and Street Closure *NYC DOT REQUIRES FULL RESTORATION OF ROADWAY AND/OR SIDEWALK FOR PUBLIC USE AS IT RELATES TO THE EVENT. PLEASE CONTACT DOT SPECIAL EVENTS (SPECIALEVENTS@DOT.NYC.GOV) FOR FURTHER INFORMATION
SE56Q3,0.000655307994757536,WORK EMBARGO: 10/04/2025 8:00AM - 5:00PM for The Annual National Marian Parade of New York Inc.. Full Street Closure. NYC DOT REQUIRES FULL RESTORATION OF ROADWAY AND/OR SIDEWALK FOR PUBLIC USE AS IT RELATES TO THE EVENT. PLEASE CONTACT DOT SPECIAL EVENTS (SPECIALEVENTS@DOT.NYC.GOV) FOR FURTHER INFORMATION
SE2T24,0.000655307994757536,WORK EMBARGO: 05/12/23 9am-4pm for Falun Dafa Day Parade. Full street closure. *NYC DOT requires full restoration of roadway and/or sidewalk for public use as it relates to the event. Please contact DOT Special Events (specialevents@dot.nyc.gov) for further information.
SE70Y7,0.000655307994757536,WORK EMBARGO: 07/01/2026 12:01AM - 07/19/2026 11:59PM for 2026 Embargo FIFA World Cup. Full Street Closure. *NYC DOT REQUIRES FULL RESTORATION OF ROADWAY AND/OR SIDEWALK FOR PUBLIC USE AS IT RELATES TO THE EVENT. PLEASE CONTACT DOT SPECIAL EVENTS (SPECIALEVENTS@DOT.NYC.GOV) FOR FURTHER INFORMATION
SE38K3,0.000655307994757536,WORK EMBARGO: 05/15/2025 2:00PM - 9:30PM FOR SPECIAL EVENT American Heart Association Wall Street Run and Heart Walk / Full Street Closure *NYC DOT REQUIRES FULL RESTORATION OF ROADWAY AND/OR SIDEWALK FOR PUBLIC USE AS IT RELATES TO THE EVENT. PLEASE CONTACT DOT SPECIAL EVENTS (SPECIALEVENTS@DOT.NYC.GOV) FOR FURTHER INFORMATION
SE36C3,0.000655307994757536,WORK EMBARGO: 04/20/24 9am-4pm for NYC DOT Car-Free Earth Day 2024 - Manhattan. Full street closure. *NYC DOT requires full restoration of roadway and/or sidewalk for public use as it relates to the event. Please contact DOT Special Events (SpecialEvents@dot.nyc.gov) for further information.
SE34T5,0.000655307994757536,WORK EMBARGO: 12/14 12:01AM - 12/20/2025 11:30PM FOR SPECIAL EVENT TS2026 - Week 3 / Sidewalk and Curb Lane Closure *NYC DOT REQUIRES FULL RESTORATION OF ROADWAY AND/OR SIDEWALK FOR PUBLIC USE AS IT RELATES TO THE EVENT. PLEASE CONTACT DOT SPECIAL EVENTS (SPECIALEVENTS@DOT.NYC.GOV) FOR FURTHER INFORMATION
SE65C4,0.000655307994757536,WORK EMBARGO: 09/14/24 3am-10am for The Ride to Montauk 2024. Rolling street closure. *NYC DOT requires full restoration of roadway and/or sidewalk for public use as it relates to the event. Please contact DOT Special Events (SpecialEvents@dot.nyc.gov) for further information. Note: includes Williamsburg Br
SE61B1,0.000655307994757536,WORK EMBARGO: 03/01 12AM - 06/01/2024 12AM FOR SPECIAL EVENT Times Square Arts: Spring 2024 Public Art Sculpture / Pedestrian Plaza *NYC DOT REQUIRES FULL RESTORATION OF ROADWAY AND/OR SIDEWALK FOR PUBLIC USE AS IT RELATES TO THE EVENT. PLEASE CONTACT DOT SPECIAL EVAM - ENTS (SPECIALEVENTS@DOT.NYC.GOV) FOR FURTHER INFORMATION
SE286B,0.000655307994757536,WORK EMBARGO: 10/23/2026 12:01AM - 11/01/2026 11:59PM for 2026 Embargo TSC NYC Family Marathon Reunion. Full Street Closure. *NYC DOT REQUIRES FULL RESTORATION OF ROADWAY AND/OR SIDEWALK FOR PUBLIC USE AS IT RELATES TO THE EVENT. PLEASE CONTACT DOT SPECIAL EVENTS (SPECIALEVENTS@DOT.NYC.GOV) FOR FURTHER INFORMATION
SE30M1,0.000655307994757536,WORK EMBARGO: 07/20 12:00AM - 07/25/2025 10:00PM FOR SPECIAL EVENT Wonderama Summer TV Shoot / Pedestrian Plaza *NYC DOT REQUIRES FULL RESTORATION OF ROADWAY AND/OR SIDEWALK FOR PUBLIC USE AS IT RELATES TO THE EVENT. PLEASE CONTACT DOT SPECIAL EVENTS (SPECIALEVENTS@DOT.NYC.GOV) FOR FURTHER INFORMATION
SE63S5,0.000655307994757536,WORK EMBARGO: 11/24/2025 6:00PM - 11/27/2025 11:30PM for 99th Annual Macys Thanksgiving Day Parade. Full Street/ Sidewalk and Street Closure. NYC DOT REQUIRES FULL RESTORATION OF ROADWAY AND/OR SIDEWALK FOR PUBLIC USE AS IT RELATES TO THE EVENT. PLEASE CONTACT DOT SPECIAL EVENTS (SPECIALEVENTS@DOT.NYC.GOV) FOR FURTHER INFORMATION
SE46H1,0.000655307994757536,WORK EMBARGO: 10/31/24 7am-11:30pm for The 51st Annual New Yorks Village Halloween Parade. Full street closure. *NYC DOT requires full restoration of roadway and/or sidewalk for public use as it relates to the event. Please contact DOT Special Events (SpecialEvents@dot.nyc.gov) for further information.
SE21U8,0.000655307994757536,WORK EMBARGO: 04/26/2026 08:00AM - 05:00PM FOR SPECIAL EVENT Armenian Genocide Commemoration 111th Anniversary / Pedestrian Plaza / Curb Lane Only *NYC DOT REQUIRES FULL RESTORATION OF ROADWAY AND/OR SIDEWALK FOR PUBLIC USE AS IT RELATES TO THE EVENT. PLEASE CONTACT DOT SPECIAL EVENTS (SPECIALEVENTS@DOT.NYC.GOV) FOR FURTHER INFORMATION
SE6I71,0.000655307994757536,WORK EMBARGO: 04/09/22 11am-2pm for 2022 Opening Day Parade. Full street closure. *NYC DOT REQUIRES FULL RESTORATION OF ROADWAY AND/OR SIDEWALK FOR PUBLIC USE AS IT RELATES TO THE EVENT. PLEASE CONTACT DOT SPECIAL EVENTS (SPECIALEVENTS@DOT.NYC.GOV) FOR FURTHER INFORMATION
SE2Y93,0.000655307994757536,WORK EMBARGO: 09/17/23 5am-7pm for March to End Fossil Fuels. Full street closure. *NYC DOT requires full restoration of roadway and/or sidewalk for public use as it relates to the event. Please contact DOT Special Events (SpecialEvents@dot.nyc.gov) for further information.
SE4J33,0.000655307994757536,WORK EMBARGO: 05/14/22 10am-5pm for Ecological City Procession. Full street closure. *NYC DOT REQUIRES FULL RESTORATION OF ROADWAY AND/OR SIDEWALK FOR PUBLIC USE AS IT RELATES TO THE EVENT. PLEASE CONTACT DOT SPECIAL EVENTS (SPECIALEVENTS@DOT.NYC.GOV) FOR FURTHER INFORMATION
SE2R05,0.000655307994757536,"WORK EMBARGO: 12/04/22 11am-3pm for Charity Law Enforcement Christmas Motorcycle Run for Toys for Tots. Rolling street closure. *NYC DOT REQUIRES FULL RESTORATION OF ROADWAY AND/OR SIDEWALK FOR PUBLIC USE AS IT RELATES TO THE EVENT. PLEASE CONTACT DOT SPECIAL EVENTS (SPECIALEVENTS@DOT.NYC.GOV) FOR FURTHER INFORMATION. Also includes: Verrazano-Narrows Bridge, GOWANUS EXPRESSWAY between VERRAZANO BRIDGE and BQE, Brooklyn Bridge : Brooklyn Bridge Westbound Rd 1, BQE between GOWANUS EXPY and BROOKLYN BRIDGE"
SE6U99,0.000655307994757536,WORK EMBARGO: 06/25/23 12am-8pm for 2023 NYC Pride March. Full street closure. *NYC DOT requires full restoration of roadway and/or sidewalk for public use as it relates to the event. Please contact DOT Special Events (specialevents@dot.nyc.gov) for further information.
SE49R9,0.000655307994757536,WORK EMBARGO: 10/04/2025 8:00AM - 6:00PM for Marian Day Parade 2025. Full Street Closure. NYC DOT REQUIRES FULL RESTORATION OF ROADWAY AND/OR SIDEWALK FOR PUBLIC USE AS IT RELATES TO THE EVENT. PLEASE CONTACT DOT SPECIAL EVENTS (SPECIALEVENTS@DOT.NYC.GOV) FOR FURTHER INFORMATION
SE0K44,0.000655307994757536,WORK EMBARGO: 05/01/22 12am-6:30pm for 2022 TD Five Boro Bike Tour. Full street closure. *NYC DOT REQUIRES FULL RESTORATION OF ROADWAY AND/OR SIDEWALK FOR PUBLIC USE AS IT RELATES TO THE EVENT. PLEASE CONTACT DOT SPECIAL EVENTS (SPECIALEVENTS@DOT.NYC.GOV) FOR FURTHER INFORMATION. Also includes: Madison Ave Br. 3 Ave Br. Queensboro Br. Verrazano Narrow Br. 3 Ave Br. Pulaski Br: Freeman to 49 Ave.
SE12T7,0.000655307994757536,WORK EMBARGO: 04/29/2026 12:00PM - 09:00PM FOR SPECIAL EVENT TSQ LIVE: 45/46 Plaza Programming / Pedestrian Plaza *NYC DOT REQUIRES FULL RESTORATION OF ROADWAY AND/OR SIDEWALK FOR PUBLIC USE AS IT RELATES TO THE EVENT. PLEASE CONTACT DOT SPECIAL EVENTS (SPECIALEVENTS@DOT.NYC.GOV) FOR FURTHER INFORMATION * Recurring Event Notes: April 29 Every Tuesday Thursday and Friday ...
SE99G9,0.000655307994757536,WORK EMBARGO: 05/15/25 12:01am to 05/17/25 11:59pm for 2025 Embargo Dance Parade. Full street closure. *NYC DOT requires full restoration of roadway and/or sidewalk for public use as it relates to the event. Please contact DOT Special Events (SpecialEvents@dot.nyc.gov) for further information.
SE15O5,0.000655307994757536,WORK EMBARGO: 10/12/25 7am-6pm for Hispanic Day Parade. Full street closure. *NYC DOT requires full restoration of roadway and/or sidewalk for public use as it relates to the event. Please contact DOT Special Events (SpecialEvents@dot.nyc.gov) for further information.
SE8T31,0.000655307994757536,WORK EMBARGO: 05/03/23 12:01am to 05/07/23 6:30pm for TD Five Boro Bike Tour. Full street closure. *NYC DOT requires full restoration of roadway and/or sidewalk for public use as it relates to the event. Please contact DOT Special Events (specialevents@dot.nyc.gov) for further information.
SE88I5,0.000655307994757536,WORK EMBARGO: 05/17/25 7am-6pm for 19th Annual Dance Parade and Festival. Full street closure. *NYC DOT requires full restoration of roadway and/or sidewalk for public use as it relates to the event. Please contact DOT Special Events (SpecialEvents@dot.nyc.gov) for further information.
SE7J51,0.000655307994757536,WORK EMBARGO: 05/01/22 12am-6:30pm for TD Five Boro Bike Tour. Full street closure. *NYC DOT REQUIRES FULL RESTORATION OF ROADWAY AND/OR SIDEWALK FOR PUBLIC USE AS IT RELATES TO THE EVENT. PLEASE CONTACT DOT SPECIAL EVENTS (SPECIALEVENTS@DOT.NYC.GOV) FOR FURTHER INFORMATION. Also includes: Bay St btwn Slosson Terrace and Ferry Terminal
SE81S3,0.000655307994757536,WORK EMBARGO: 11/18 06:00AM - 11/19/2025 11:59PM FOR SPECIAL EVENT Pfizer Legal Division Meeting Shuttle at Marriott Marquis MidTown Hotel / Curb Lane Only *NYC DOT REQUIRES FULL RESTORATION OF ROADWAY AND/OR SIDEWALK FOR PUBLIC USE AS IT RELATES TO THE EVENT. PLEASE CONTACT DOT SPECIAL EVENTS (SPECIALEVENTS@DOT.NYC.GOV) FOR FURTHER INFORMATION
SE94D6,0.000655307994757536,WORK EMBARGO: 12/07/24 12:01am to 12/21/24 11:59pm for 2024 Embargo 5th Avenue Holiday Open Street. Full street closure. *NYC DOT requires full restoration of roadway and/or sidewalk for public use as it relates to the event. Please contact DOT Special Events (SpecialEvents@dot.nyc.gov) for further information.
SE04V8,0.000655307994757536,"WORK EMBARGO:07/16/2026 6:00AM - 11:00AM for 2026 Soldier Ride New York. Full Street Closure. *NYC DOT REQUIRES FULL RESTORATION OF ROADWAY AND/OR SIDEWALK FOR PUBLIC USE AS IT RELATES TO THE EVENT. PLEASE CONTACT DOT SPECIAL EVENTS (SPECIALEVENTS@DOT.NYC.GOV) FOR FURTHER INFORMATION. Note: Includes Cropsey Avenue between Neptune Avenue and Hart Place, 4 avenue between flatbush avenue and bayridge avenue, Shore Parkway between Bayridge avenue and Cropsey avenue"
SE07A8,0.000655307994757536,WORK EMBARGO: 06/08/2024 12AM - 11:55PM FOR SPECIAL EVENT Saturate NYC Celebration / Pedestrian Plaza *NYC DOT REQUIRES FULL RESTORATION OF ROADWAY AND/OR SIDEWALK FOR PUBLIC USE AS IT RELATES TO THE EVENT. PLEASE CONTACT DOT SPECIAL EVENTS (SPECIALEVENTS@DOT.NYC.GOV) FOR FURTHER INFORMATION
SE8E59,0.000655307994757536,WORK EMBARGO: 00/00 - 00/00/2016 FOR SPECIAL EVENT NAME TIME: 12:01 AM - 6 PM *NYC DOT REQUIRES FULL RESTORATION OF ROADWAY AND/OR SIDEWALK FOR PUBLIC USE AS IT RELATES TO THE EVENT. PLEASE CONTACT DOT SPECIAL EVENTS (SPECIALEVENTS@DOT.NYC.GOV) FOR FURTHER INFORMATION
SE0K03,0.000655307994757536,WORK EMBARGO: 04/23/22 10:30pm to 04/24/22 12:45pm for Holy Saturday Resurrection Services. Full street closure. *NYC DOT REQUIRES FULL RESTORATION OF ROADWAY AND/OR SIDEWALK FOR PUBLIC USE AS IT RELATES TO THE EVENT. PLEASE CONTACT DOT SPECIAL EVENTS (SPECIALEVENTS@DOT.NYC.GOV) FOR FURTHER INFORMATION
SE96N5,0.000655307994757536,WORK EMBARGO: 07/05/25 7:30am-12pm for Witness for Life. Partial street closure. *NYC DOT requires full restoration of roadway and/or sidewalk for public use as it relates to the event. Please contact DOT Special Events (SpecialEvents@dot.nyc.gov) for further information.
SE99H6,0.000655307994757536,WORK EMBARGO: 11/10/24 6am to 11/11/21 7pm for 2024 New York City Veterans Day Parade. Full street closure. *NYC DOT requires full restoration of roadway and/or sidewalk for public use as it relates to the event. Please contact DOT Special Events (SpecialEvents@dot.nyc.gov) for further information.
SE17B3,0.000655307994757536,WORK EMBARGO: 06/01/24 8am-8pm for TIMES SQUARE SPRINGFEST. Full street closure. *NYC DOT requires full restoration of roadway and/or sidewalk for public use as it relates to the event. Please contact DOT Special Events (SpecialEvents@dot.nyc.gov) for further information.
SE1I91,0.000655307994757536,WORK EMBARGO: 06/20 12AM - 06/21/2022 FOR SPECIAL EVENT Solstice in Times Square / Plaza Partner Event / Curb Lane Only *NYC DOT REQUIRES FULL RESTORATION OF ROADWAY AND/OR SIDEWALK FOR PUBLIC USE AS IT RELATES TO THE EVENT. PLEASE CONTACT DOT SPECIAL EVENTS (SPECIALEVENTS@DOT.NYC.GOV) FOR FURTHER INFORMATION
SE84A4,0.000655307994757536,"WORK EMBARGO: 04/24 12AM - 06/16.2024 11:30PM FOR SPECIAL EVENT Times Square Arts: Spring Art Project, Hot Dog / Street and Sidewalk Closure *NYC DOT REQUIRES FULL RESTORATION OF ROADWAY AND/OR SIDEWALK FOR PUBLIC USE AS IT RELATES TO THE EVENT. PLEASE CONTACT DOT SPECIAL EVENTS (SPECIALEVENTS@DOT.NYC.GOV) FOR FURTHER INFORMATION"
SE08A6,0.000655307994757536,WORK EMBARGO: 11/05/2023 2AM - 6PM FOR SPECIAL EVENT 2023 NYC Marathon - Transportation Elements / Partial Sidewalk Closure -5th Ave / Curb Lane Only *NYC DOT REQUIRES FULL RESTORATION OF ROADWAY AND/OR SIDEWALK FOR PUBLIC USE AS IT RELATES TO THE EVENT. PLEASE CONTACT DOT SPECIAL EVENTS (SPECIALEVENTS@DOT.NYC.GOV) FOR FURTHER INFORMATION
SE1R02,0.000655307994757536,"WORK EMBARGO: 05/03/23 12:01am to 05/07/23 11:59pm for 2023 Embargo Five Borough Bike Tour (5 Days - Manhattan). Full street closure *NYC DOT REQUIRES FULL RESTORATION OF ROADWAY AND/OR SIDEWALK FOR PUBLIC USE AS IT RELATES TO THE EVENT. PLEASE CONTACT DOT SPECIAL EVENTS (SPECIALEVENTS@DOT.NYC.GOV) FOR FURTHER INFORMATION. Also includes: Battery Pl btwn State-West Sts, Peter Minuit Plz betw State-South Sts"
049,0.000655307994757536,OCCUPY 8 FOOT WIDTH OF ROADWAY ADJACENT  TO EAST CURBLINE 
SE91B9,0.000655307994757536,WORK EMBARGO: 05/04/24 9am-2pm for NYC Cannabis Parade. Full street closure. *NYC DOT requires full restoration of roadway and/or sidewalk for public use as it relates to the event. Please contact DOT Special Events (SpecialEvents@dot.nyc.gov) for further information.
OCMC76,0.000655307994757536,CONTRACTOR MAY NOT REMOVE OR RELOCATE ANY PARKING METERS OR BLOCK PUBLIC ACCESS TO MUNI-METERS WITHOUT FIRST OBTAINING APPROVAL FROM NYCDOT PARKING METER DIVISION AT 646-892-1224/1208.
SE84A2,0.000655307994757536,WORK EMBARGO: 03/17/24 12am-6pm for 2024 United Airlines NYC Half. Full street closure. *NYC DOT requires full restoration of roadway and/or sidewalk for public use as it relates to the event. Please contact DOT Special Events (SpecialEvents@dot.nyc.gov) for further information. Note: Includes Manhattan Bridge between Nassau St and Canal St
BKBR01,0.000655307994757536,BROOKLYN BRIDGE CONTRACT 6 WILL REQUIRE NUMEROUS OVERNIGHT AND WEEKEND CLOSURES OF INBOUND VEHICULAR TRAFFIC. DURING THESE CLOSURES ALL CONSTRUCTION EMBARGOS AND/OR TEMPORARY CONSTRUCTION PARKING RESTRICTIONS MUST BE COMPLIED WITH. 
043,0.000655307994757536,OCCUPY THREE 11 FOOT LANES 
SE65T1,0.0005242463958060288,WORK EMBARGO: 05/15 12:01AM - 05/17/2026 11:59PM FOR SPECIAL EVENT The Independents - Times Square / Pedestrian Plaza *NYC DOT REQUIRES FULL RESTORATION OF ROADWAY AND/OR SIDEWALK FOR PUBLIC USE AS IT RELATES TO THE EVENT. PLEASE CONTACT DOT SPECIAL EVENTS (SPECIALEVENTS@DOT.NYC.GOV) FOR FURTHER INFORMATION
SE61D3,0.0005242463958060288,WORK EMBARGO: 05/18/24 2pm-5:30pm for Hybe Divest from Zionism Protest. Full street closure. *NYC DOT requires full restoration of roadway and/or sidewalk for public use as it relates to the event. Please contact DOT Special Events (SpecialEvents@dot.nyc.gov) for further information.
SE13B0,0.0005242463958060288,WORK EMBARGO: 07/21/24 8am-8pm for Midtown Fair. Full street closure. *NYC DOT requires full restoration of roadway and/or sidewalk for public use as it relates to the event. Please contact DOT Special Events (SpecialEvents@dot.nyc.gov) for further information.
SE04H9,0.0005242463958060288,WORK EMBARGO: 10/28 12:01AM - 11/02/2024 11:59PM FOR SPECIAL EVENT PROJECT KILN / Pedestrian Plaza *NYC DOT REQUIRES FULL RESTORATION OF ROADWAY AND/OR SIDEWALK FOR PUBLIC USE AS IT RELATES TO THE EVENT. PLEASE CONTACT DOT SPECIAL EVENTS (SPECIALEVENTS@DOT.NYC.GOV) FOR FURTHER INFORMATION
SE0L91,0.0005242463958060288,WORK EMBARGO: 08/17/22 5pm-8pm for Marcus Garvey Day Parade. Full street closure. *NYC DOT REQUIRES FULL RESTORATION OF ROADWAY AND/OR SIDEWALK FOR PUBLIC USE AS IT RELATES TO THE EVENT. PLEASE CONTACT DOT SPECIAL EVENTS (SPECIALEVENTS@DOT.NYC.GOV) FOR FURTHER INFORMATION
SE88I6,0.0005242463958060288,WORK EMBARGO: 06/29/25 1pm-8pm for Jana Parade. Full street closure. *NYC DOT requires full restoration of roadway and/or sidewalk for public use as it relates to the event. Please contact DOT Special Events (SpecialEvents@dot.nyc.gov) for further information.
SE03U7,0.0005242463958060288,WORK EMBARGO: 06/06/2026 2:00AM - 12:30PM for 2026 Mastercard New York Mini 10K. Full Street Closure.*NYC DOT REQUIRES FULL RESTORATION OF ROADWAY AND/OR SIDEWALK FOR PUBLIC USE AS IT RELATES TO THE EVENT. PLEASE CONTACT DOT SPECIAL EVENTS (SPECIALEVENTS@DOT.NYC.GOV) FOR FURTHER INFORMATION
SE25Q6,0.0005242463958060288,WORK EMBARGO:6/13/2026 8:00AM - 5:00PM for Immigrants Parade - International Cultures Celebration. Full Street Closure and Curb Lane Closure. NYC DOT REQUIRES FULL RESTORATION OF ROADWAY AND/OR SIDEWALK FOR PUBLIC USE AS IT RELATES TO THE EVENT. PLEASE CONTACT DOT SPECIAL EVENTS (SPECIALEVENTS@DOT.NYC.GOV) FOR FURTHER INFORMATION
SE66F8,0.0005242463958060288,"WORK EMBARGO: 07/28/24 9am-2pm for Annual Rolling Thunder Motorcycle Ride. Full street closure. *NYC DOT requires full restoration of roadway and/or sidewalk for public use as it relates to the event. Please contact DOT Special Events (SpecialEvents@dot.nyc.gov) for further information. Note: Includes Verrazano Narrows Br, Hugh Carey Tunnel bet West Side Hwy-Gowanus Expy, Brooklyn Br"
SE25D0,0.0005242463958060288,WORK EMBARGO: 07/18/2024 6AM - 11AM FOR SPECIAL EVENT 2024 Soldier Ride New York / Curb Lane Only *NYC DOT REQUIRES FULL RESTORATION OF ROADWAY AND/OR SIDEWALK FOR PUBLIC USE AS IT RELATES TO THE EVENT. PLEASE CONTACT DOT SPECIAL EVENTS (SPECIALEVENTS@DOT.NYC.GOV) FOR FURTHER INFORMATION
SE97M1,0.0005242463958060288,WORK EMBARGO: 10/04/25 10am-3pm for THE KOREAN PARADE. Full street closure. *NYC DOT requires full restoration of roadway and/or sidewalk for public use as it relates to the event. Please contact DOT Special Events (SpecialEvents@dot.nyc.gov) for further information.
080,0.0005242463958060288,"WORK 7PM - 6AM WEEKNIGHTS, NO WEEKENDS. SECTION 24-224 ADMINISTRATIVE CODE VARIANCE GRANTED FOR HOURS AND DAYS STIPULATED HEREIN."
SE56Q9,0.0005242463958060288,WORK EMBARGO: 8/02/2025 07:30AM - 12:00PM for Witness for Life. Partial Sidewalk Closure. NYC DOT REQUIRES FULL RESTORATION OF ROADWAY AND/OR SIDEWALK FOR PUBLIC USE AS IT RELATES TO THE EVENT. PLEASE CONTACT DOT SPECIAL EVENTS (SPECIALEVENTS@DOT.NYC.GOV) FOR FURTHER INFORMATION
SE06K5,0.0005242463958060288,WORK EMBARGO: 10/04/25 8am-8pm for TIMES SQUARE FESTIVAL. Full street closure. *NYC DOT requires full restoration of roadway and/or sidewalk for public use as it relates to the event. Please contact DOT Special Events (SpecialEvents@dot.nyc.gov) for further information.
SE86H1,0.0005242463958060288,"WORK EMBARGO: 11/03/24 12am-8pm for 2024 TCS NYC Marathon. Full street closure. *NYC DOT requires full restoration of roadway and/or sidewalk for public use as it relates to the event. Please contact DOT Special Events (SpecialEvents@dot.nyc.gov) for further information. Note: Includes Verrazano Br, Pulaski Br, Queensboro Br, Willis Ave Br, Madison Ave Br, Manhattan West Dr"
SE36M7,0.0005242463958060288,WORK EMBARGO: 05/31/25 8am-8pm for Met Fest Festival. Curb lane only. *NYC DOT requires full restoration of roadway and/or sidewalk for public use as it relates to the event. Please contact DOT Special Events (SpecialEvents@dot.nyc.gov) for further information.
SE2I15,0.0005242463958060288,WORK EMBARGO: 11/23/22 12:01am-11:59pm for 2022 Embargo Rockefeller Tree Lighting Ceremony (Event Day). Full street closure. *NYC DOT REQUIRES FULL RESTORATION OF ROADWAY AND/OR SIDEWALK FOR PUBLIC USE AS IT RELATES TO THE EVENT. PLEASE CONTACT DOT SPECIAL EVENTS (SPECIALEVENTS@DOT.NYC.GOV) FOR FURTHER INFORMATION
SE85A5,0.0005242463958060288,WORK EMBARGO: 10/26/24 8am-8pm for 6TH AVENUE AUTUMNFEST. Full street closure. *NYC DOT requires full restoration of roadway and/or sidewalk for public use as it relates to the event. Please contact DOT Special Events (SpecialEvents@dot.nyc.gov) for further information.
SE5I64,0.0005242463958060288,WORK EMBARGO: 08/07/22 1pm-8pm for Jana Parade. Full street closure. *NYC DOT REQUIRES FULL RESTORATION OF ROADWAY AND/OR SIDEWALK FOR PUBLIC USE AS IT RELATES TO THE EVENT. PLEASE CONTACT DOT SPECIAL EVENTS (SPECIALEVENTS@DOT.NYC.GOV) FOR FURTHER INFORMATION
SE5M83,0.0005242463958060288,WORK EMBARGO: 06/18/22 7am-5pm for Save Soil Parade. Full street closure. *NYC DOT REQUIRES FULL RESTORATION OF ROADWAY AND/OR SIDEWALK FOR PUBLIC USE AS IT RELATES TO THE EVENT. PLEASE CONTACT DOT SPECIAL EVENTS (SPECIALEVENTS@DOT.NYC.GOV) FOR FURTHER INFORMATION
SE6K83,0.0005242463958060288,WORK EMBARGO: 11/04/22 8am-8pm for NADAP AUTUMN HEALTH FAIR. Full street closure. *NYC DOT REQUIRES FULL RESTORATION OF ROADWAY AND/OR SIDEWALK FOR PUBLIC USE AS IT RELATES TO THE EVENT. PLEASE CONTACT DOT SPECIAL EVENTS (SPECIALEVENTS@DOT.NYC.GOV) FOR FURTHER INFORMATION
SE07U1,0.0005242463958060288,WORK EMBARGO: 12/16 12:00AM - 12/23/2026 06:00AM FOR SPECIAL EVENT New Years Eve Numeral Delivery 2026 / Pedestrian Plaza / Curb Lane Only *NYC DOT REQUIRES FULL RESTORATION OF ROADWAY AND/OR SIDEWALK FOR PUBLIC USE AS IT RELATES TO THE EVENT. PLEASE CONTACT DOT SPECIAL EVENTS (SPECIALEVENTS@DOT.NYC.GOV) FOR FURTHER INFORMATION
SE07R0,0.0005242463958060288,WORK EMBARGO: 6/20/2026 7:00AM - 5:00PM for ALBANIAN ROOTS PARADE. Full Street Closure. NYC DOT REQUIRES FULL RESTORATION OF ROADWAY AND/OR SIDEWALK FOR PUBLIC USE AS IT RELATES TO THE EVENT. PLEASE CONTACT DOT SPECIAL EVENTS (SPECIALEVENTS@DOT.NYC.GOV) FOR FURTHER INFORMATION
SE83A9,0.0005242463958060288,WORK EMBARGO: 05/06/2024 3PM - 11:59PM FOR SPECIAL EVENT Metropolitan Museum Costume Gala / *NYC DOT REQUIRES FULL RESTORATION OF ROADWAY AND/OR SIDEWALK FOR PUBLIC USE AS IT RELATES TO THE EVENT. PLEASE CONTACT DOT SPECIAL EVENTS (SPECIALEVENTS@DOT.NYC.GOV) FOR FURTHER INFORMATION
SE878A,0.0005242463958060288,WORK EMBARGO: 12/02/2026 12:01AM - 11:59PM for 2026 Embargo Rockefeller Tree Lighting Ceremony. Full Street Closure *NYC DOT REQUIRES FULL RESTORATION OF ROADWAY AND/OR SIDEWALK FOR PUBLIC USE AS IT RELATES TO THE EVENT. PLEASE CONTACT DOT SPECIAL EVENTS (SPECIALEVENTS@DOT.NYC.GOV) FOR FURTHER INFORMATION
SE6P01,0.0005242463958060288,WORK EMBARGO: 08/14/22 12:01am-11:59pm for 2022 Embargo Dominican Day Parade. Full street closure. *NYC DOT REQUIRES FULL RESTORATION OF ROADWAY AND/OR SIDEWALK FOR PUBLIC USE AS IT RELATES TO THE EVENT. PLEASE CONTACT DOT SPECIAL EVENTS (SPECIALEVENTS@DOT.NYC.GOV) FOR FURTHER INFORMATION
SE57J8,0.0005242463958060288,WORK EMBARGO: 09/26/25 12:01 to 09/28/25 11:59pm for 2025 Embargo Stephen Siller Tunnel To Towers Run & Festival. Full street closure. *NYC DOT requires full restoration of roadway and/or sidewalk for public use as it relates to the event. Please contact DOT Special Events (SpecialEvents@dot.nyc.gov) for further information.
SE3I51,0.0005242463958060288,WORK EMBARGO: 09/25/2022 FOR SPECIAL EVENT 34th Annual Broadway Flea Market and Grand Auction / Street Event ** TIME: 12AM - 11:59PM / Full Street Closure / Pedestrian Plaza *NYC DOT REQUIRES FULL RESTORATION OF ROADWAY AND/OR SIDEWALK FOR PUBLIC USE AS IT RELATES TO THE EVENT. PLEASE CONTACT DOT SPECIAL EVENTS (SPECIALEVENTS@DOT.NYC.GOV) FOR FURTHER INFORMATION
SE03K2,0.0005242463958060288,WORK EMBARGO: 05/25/25 8am-8pm for SIXTH AVENUE SPRINGFEST. Full street closure. *NYC DOT requires full restoration of roadway and/or sidewalk for public use as it relates to the event. Please contact DOT Special Events (SpecialEvents@dot.nyc.gov) for further information.
SE34B9,0.0005242463958060288,WORK EMBARGO: 09/28/24 8am-8pm for NYC OKTOBERFEST. Full street closure. *NYC DOT requires full restoration of roadway and/or sidewalk for public use as it relates to the event. Please contact DOT Special Events (SpecialEvents@dot.nyc.gov) for further information.
SE15T2,0.0005242463958060288,WORK EMBARGO: 11/30 12:00AM - 12/14/2025 11:30PM FOR SPECIAL EVENT TS2026 - Week 1 and 2 / Partial Sidewalk Closure / Pedestrian Plaza / Curb Lane Only *NYC DOT REQUIRES FULL RESTORATION OF ROADWAY AND/OR SIDEWALK FOR PUBLIC USE AS IT RELATES TO THE EVENT. PLEASE CONTACT DOT SPECIAL EVENTS (SPECIALEVENTS@DOT.NYC.GOV) FOR FURTHER INFORMATION
SE71B5,0.0005242463958060288,WORK EMBARGO: 05/11/2024 4AM - 7PM FOR SPECIAL EVENT Turban Day at Times Square 2024 / Pedestrian Plaza *NYC DOT REQUIRES FULL RESTORATION OF ROADWAY AND/OR SIDEWALK FOR PUBLIC USE AS IT RELATES TO THE EVENT. PLEASE CONTACT DOT SPECIAL EVENTS (SPECIALEVENTS@DOT.NYC.GOV) FOR FURTHER INFORMATION
SE65S6,0.0005242463958060288,WORK EMBARGO: 06/13/2026 5:00AM - 4:00PM for Hare Krishna Festival 2026. Full Street Closure. NYC DOT REQUIRES FULL RESTORATION OF ROADWAY AND/OR SIDEWALK FOR PUBLIC USE AS IT RELATES TO THE EVENT. PLEASE CONTACT DOT SPECIAL EVENTS (SPECIALEVENTS@DOT.NYC.GOV) FOR FURTHER INFORMATION
SE65H0,0.0005242463958060288,WORK EMBARGO: 06/14/25 3am-3pm for Hare Krishna Festival 2025. Full street closure. *NYC DOT requires full restoration of roadway and/or sidewalk for public use as it relates to the event. Please contact DOT Special Events (SpecialEvents@dot.nyc.gov) for further information.
SE4G56,0.0005242463958060288,WORK EMBARGO: 05/19/22 12:01am to 05/21/22 11:59pm for 2022 Embargo Dance Parade . Full street closure. *NYC DOT REQUIRES FULL RESTORATION OF ROADWAY AND/OR SIDEWALK FOR PUBLIC USE AS IT RELATES TO THE EVENT. PLEASE CONTACT DOT SPECIAL EVENTS (SPECIALEVENTS@DOT.NYC.GOV) FOR FURTHER INFORMATION
SE9I42,0.0005242463958060288,WORK EMBARGO: 05/19/22 8am-8pm for MIDTOWN EAST SPRINGFEST. Full street closure. *NYC DOT REQUIRES FULL RESTORATION OF ROADWAY AND/OR SIDEWALK FOR PUBLIC USE AS IT RELATES TO THE EVENT. PLEASE CONTACT DOT SPECIAL EVENTS (SPECIALEVENTS@DOT.NYC.GOV) FOR FURTHER INFORMATION
SE9I46,0.0005242463958060288,WORK EMBARGO: 06/24/22 8am-8pm for SAINT PETER'S CHURCH BLOCK PARTY. Full street closure. *NYC DOT REQUIRES FULL RESTORATION OF ROADWAY AND/OR SIDEWALK FOR PUBLIC USE AS IT RELATES TO THE EVENT. PLEASE CONTACT DOT SPECIAL EVENTS (SPECIALEVENTS@DOT.NYC.GOV) FOR FURTHER INFORMATION
SE4Y80,0.0005242463958060288,WORK EMBARGO: 06/15/24 8am-2:30pm for Albanian Roots Parade. Full street closure. *NYC DOT requires full restoration of roadway and/or sidewalk for public use as it relates to the event. Please contact DOT Special Events (SpecialEvents@dot.nyc.gov) for further information.
SE30B1,0.0005242463958060288,WORK EMBARGO: 08/24/24 8am-8pm for TIMES SQUARE EXPO FAIR. Full street closure. *NYC DOT requires full restoration of roadway and/or sidewalk for public use as it relates to the event. Please contact DOT Special Events (SpecialEvents@dot.nyc.gov) for further information.
SE4J38,0.0005242463958060288,WORK EMBARGO: 07/23/22 12am-7pm for CRCA-CRCDF Grant's Tomb Classic. Full street closure. *NYC DOT REQUIRES FULL RESTORATION OF ROADWAY AND/OR SIDEWALK FOR PUBLIC USE AS IT RELATES TO THE EVENT. PLEASE CONTACT DOT SPECIAL EVENTS (SPECIALEVENTS@DOT.NYC.GOV) FOR FURTHER INFORMATION. Also includes: RIVERSIDE DRIVE between WEST 120 STREET and TIENANN PL Note: Riverside Drive route for Cyclists.
SE64C4,0.0005242463958060288,"WORK EMBARGO: 05/05/24 12am-6:30pm for 2024 TD Five Boro Bike Tour. Full street closure. *NYC DOT requires full restoration of roadway and/or sidewalk for public use as it relates to the event. Please contact DOT Special Events (SpecialEvents@dot.nyc.gov) for further information. Note: includes Madison Ave Br, 3rd Ave Br, Verrazano Br. Pulaski Br, Artillary Rd bet Marsall Rd and Service Rd"
SE4H86,0.0005242463958060288,WORK EMBARGO: 09/23/22 12:01am to 09/25/22 11:59pm for 2022 Embargo Stephen Siller Tunnel to Towers Run & Festival. Full street closure. *NYC DOT REQUIRES FULL RESTORATION OF ROADWAY AND/OR SIDEWALK FOR PUBLIC USE AS IT RELATES TO THE EVENT. PLEASE CONTACT DOT SPECIAL EVENTS (SPECIALEVENTS@DOT.NYC.GOV) FOR FURTHER INFORMATION
SE2V31,0.0005242463958060288,"WORK EMBARGO: 08/11/23 6pm-9:30pm for Blue Knights NY2 Suicide Run and BBQ. Full street closure. *NYC DOT requires full restoration of roadway and/or sidewalk for public use as it relates to the event. Please contact DOT Special Events (specialevents@dot.nyc.gov) for further information. Includes: Broadway bet W230 St and Broadway Bridge into Manhattan, HENERY HUDSON PKWY/12 AV between DYCKMAN STREET and W 46 ST"
SE1M55,0.0005242463958060288,WORK EMBARGO: 06/04/22 12pm to 06/05/22 12pm for Out of the Darkness The Overnight Walk. Full street closure. *NYC DOT REQUIRES FULL RESTORATION OF ROADWAY AND/OR SIDEWALK FOR PUBLIC USE AS IT RELATES TO THE EVENT. PLEASE CONTACT DOT SPECIAL EVENTS (SPECIALEVENTS@DOT.NYC.GOV) FOR FURTHER INFORMATION. Also includes: ( Ave bet W 14 St and Gansevoort ST
SE9R90,0.0005242463958060288,WORK EMBARGO: 05/13/23 10am-5pm for Ecological City Procession. Full street closure. *NYC DOT REQUIRES FULL RESTORATION OF ROADWAY AND/OR SIDEWALK FOR PUBLIC USE AS IT RELATES TO THE EVENT. PLEASE CONTACT DOT SPECIAL EVENTS (SPECIALEVENTS@DOT.NYC.GOV) FOR FURTHER INFORMATION
SE0U76,0.0005242463958060288,WORK EMBARGO: 08/17/23 5pm-8pm for Marcus Garvey Day Parade. Full street closure. *NYC DOT requires full restoration of roadway and/or sidewalk for public use as it relates to the event. Please contact DOT Special Events (specialevents@dot.nyc.gov) for further information.
SE1P30,0.0005242463958060288,WORK EMBARGO: 09/11/22 12:01am to 09/12/22 11:59pm for Rise UP NYC - Times Square (Manhattan). Full street closure. *NYC DOT REQUIRES FULL RESTORATION OF ROADWAY AND/OR SIDEWALK FOR PUBLIC USE AS IT RELATES TO THE EVENT. PLEASE CONTACT DOT SPECIAL EVENTS (SPECIALEVENTS@DOT.NYC.GOV) FOR FURTHER INFORMATION
SE02A7,0.0005242463958060288,"WORK EMBARGO: 03/15/24 12:10am to 03/17/24 11:59pm for 2024 Embargo NYC Half Marathon. Full street closure. *NYC DOT requires full restoration of roadway and/or sidewalk for public use as it relates to the event. Please contact DOT Special Events (SpecialEvents@dot.nyc.gov) for further information. Note: Also includes: Hill Dr/Wellhouse Dr bet East Dr and West Dr, South Lake Dr bet West Dr and Park Circle, West Dr bet South Lake Dr and East Dr, Center Dr bet West Dr and East Dr, Manhattan Bridge Upper Level Manhattan-bound, West Dr bet Terrace Dr and 7 Ave, West 67 St bet Central Park W and West Dr"
SE1P56,0.0005242463958060288,WORK EMBARGO: 00/00 - 00/00/2016 FOR SPECIAL EVENT NAME TIME: 12:01 AM - 6 PM *NYC DOT REQUIRES FULL RESTORATION OF ROADWAY AND/OR SIDEWALK FOR PUBLIC USE AS IT RELATES TO THE EVENT. PLEASE CONTACT DOT SPECIAL EVENTS (SPECIALEVENTS@DOT.NYC.GOV) FOR FURTHER INFORMATION
SE47I3,0.0005242463958060288,WORK EMBARGO: 10/19 6AM - 10/20/2024 11:59PM FOR SPECIAL EVENT Burberry - East 57th Street - NYFTA / Sidewalk and Curb Lane Closure *NYC DOT REQUIRES FULL RESTORATION OF ROADWAY AND/OR SIDEWALK FOR PUBLIC USE AS IT RELATES TO THE EVENT. PLEASE CONTACT DOT SPECIAL EVENTS (SPECIALEVENTS@DOT.NYC.GOV) FOR FURTHER INFORMATION
SE00B5,0.0005242463958060288,WORK EMBARGO: 11/22/2024 12PM - 5PM FOR SPECIAL EVENT University of Notre Dame Band Concert / Sidewalk and Street Closure *NYC DOT REQUIRES FULL RESTORATION OF ROADWAY AND/OR SIDEWALK FOR PUBLIC USE AS IT RELATES TO THE EVENT. PLEASE CONTACT DOT SPECIAL EVENTS (SPECIALEVENTS@DOT.NYC.GOV) FOR FURTHER INFORMATION
SE77T0,0.0005242463958060288,WORK EMBARGO: 05/31/2026 7:30AM - 7:00PM for Desfile Mundial Ecuatoriano de Manhattan/Ecuadorian Parade in Manhattan. Full Street Closure.*NYC DOT REQUIRES FULL RESTORATION OF ROADWAY AND/OR SIDEWALK FOR PUBLIC USE AS IT RELATES TO THE EVENT. PLEASE CONTACT DOT SPECIAL EVENTS (SPECIALEVENTS@DOT.NYC.GOV) FOR FURTHER INFORMATION
SE1T44,0.0005242463958060288,WORK EMBARGO: 07/08/23 11am-1pm for 2023 Summer Opening Day Parade. Full street closure. *NYC DOT requires full restoration of roadway and/or sidewalk for public use as it relates to the event. Please contact DOT Special Events (specialevents@dot.nyc.gov) for further information.
SE1T34,0.0005242463958060288,WORK EMBARGO: 10/22/23 5am-9am for Bike MS NYC 2023. Full street closure. *NYC DOT requires full restoration of roadway and/or sidewalk for public use as it relates to the event. Please contact DOT Special Events (specialevents@dot.nyc.gov) for further information.
SE2Z80,0.0005242463958060288,WORK EMBARGO: 10/02/2023 12:01AM - 11:59PM FOR SPECIAL EVENT Maestro / Full Street Closure *NYC DOT REQUIRES FULL RESTORATION OF ROADWAY AND/OR SIDEWALK FOR PUBLIC USE AS IT RELATES TO THE EVENT. PLEASE CONTACT DOT SPECIAL EVENTS (SPECIALEVENTS@DOT.NYC.GOV) FOR FURTHER INFORMATION
SE2Y41,0.0005242463958060288,WORK EMBARGO: 09/09/23 1pm-4pm for Procession for the Feast of the Nativity of Mary. Full street closure. *NYC DOT requires full restoration of roadway and/or sidewalk for public use as it relates to the event. Please contact DOT Special Events (SpecialEvents@dot.nyc.gov) for further information.
SE8I90,0.0005242463958060288,WORK EMBARGO: 05/12/22 8am-8pm for 54th Street Festival. Full street closure. *NYC DOT REQUIRES FULL RESTORATION OF ROADWAY AND/OR SIDEWALK FOR PUBLIC USE AS IT RELATES TO THE EVENT. PLEASE CONTACT DOT SPECIAL EVENTS (SPECIALEVENTS@DOT.NYC.GOV) FOR FURTHER INFORMATION
052,0.0005242463958060288,OCCUPY 11 FOOT WIDTH OF ROADWAY ADJACENT  TO SOUTH CURBLINE 
SEU647,0.0005242463958060288,"WORK EMBARGO: 10/16/17 to 10/29/17. for 2017 New York Yankee – Post Season Home Games Embargo *NYC DOT MAY REQUIRE FULL RESTORATION OF ROADWAY AND/OR SIDEWALK FOR PUBLIC USE AS IT RELATES TO THE EVENT. PLEASE CONTACT DOT SPECIAL EVENTS (SPECIALEVENTS@DOT.NYC.GOV) FOR FURTHER INFORMATION ... Starting 3 hours before Home Games until 3 hours after the game ends. (In effect during all 2017 NY Yankee Post Season Home Games. Game dates: 10/16-10/18, 10/27-10/29/17."
SE9I27,0.0005242463958060288,WORK EMBARGO: 00/00 - 00/00/2016 FOR SPECIAL EVENT NAME TIME: 12:01 AM - 6 PM *NYC DOT REQUIRES FULL RESTORATION OF ROADWAY AND/OR SIDEWALK FOR PUBLIC USE AS IT RELATES TO THE EVENT. PLEASE CONTACT DOT SPECIAL EVENTS (SPECIALEVENTS@DOT.NYC.GOV) FOR FURTHER INFORMATION
SE5G35,0.0005242463958060288,WORK EMBARGO: 06/23/22 12:01am to 06/26/22 11:59pm for 2022 Embargo Heritage of Pride Festival (3 Days). Full street closure. *NYC DOT REQUIRES FULL RESTORATION OF ROADWAY AND/OR SIDEWALK FOR PUBLIC USE AS IT RELATES TO THE EVENT. PLEASE CONTACT DOT SPECIAL EVENTS (SPECIALEVENTS@DOT.NYC.GOV) FOR FURTHER INFORMATION
SE21D6,0.0005242463958060288,"WORK EMBARGO: 10/25/24 12:01am to 1/03/24 11:59pm for 2024 Embargo NYC Marathon - Manhattan. Full street closure. *NYC DOT requires full restoration of roadway and/or sidewalk for public use as it relates to the event. Please contact DOT Special Events (SpecialEvents@dot.nyc.gov) for further information. Note: Includes Queensboro Bridge EB, Madison Ave Bridge WB, West Drive between 8th Avenue Approach and 85th Street Approach to West Drive • Terrace Drive between West Drive and East Drive • Center Drive between West Drive and East Drive • West 85th Street Approach to West Drive • West 81st Street Approach to West Drive • West 77th Street Approach to West Drive • West 67th Street Approach to West Drive"
SE79H2,0.0005242463958060288,WORK EMBARGO: 08/31 7:00AM - 09/10/2024 11:30PM FOR SPECIAL EVENT Poppi Pop Ups / Curb Lane Only *NYC DOT REQUIRES FULL RESTORATION OF ROADWAY AND/OR SIDEWALK FOR PUBLIC USE AS IT RELATES TO THE EVENT. PLEASE CONTACT DOT SPECIAL EVENTS (SPECIALEVENTS@DOT.NYC.GOV) FOR FURTHER INFORMATION
SE10B8,0.0005242463958060288,WORK EMBARGO: 06/21/24 8pm to 06/22/24 8pm for 10TH ANNUAL NY TIMES SQUARE TAEKWONDO FESTIVAL. Pedestrian plaza. *NYC DOT requires full restoration of roadway and/or sidewalk for public use as it relates to the event. Please contact DOT Special Events (SpecialEvents@dot.nyc.gov) for further information.
SE18C2,0.0005242463958060288,WORK EMBARGO: 06/24 12AM - 07/01/2024 11PM FOR SPECIAL EVENT PRIDE in TSq / Pedestrian Plaza *NYC DOT REQUIRES FULL RESTORATION OF ROADWAY AND/OR SIDEWALK FOR PUBLIC USE AS IT RELATES TO THE EVENT. PLEASE CONTACT DOT SPECIAL EVENTS (SPECIALEVENTS@DOT.NYC.GOV) FOR FURTHER INFORMATION
SE8M03,0.0005242463958060288,WORK EMBARGO: 04/15/22 to 12/31/22 8am-8pm for East 16th Street Open Street. Full street closure. *NYC DOT REQUIRES FULL RESTORATION OF ROADWAY AND/OR SIDEWALK FOR PUBLIC USE AS IT RELATES TO THE EVENT. PLEASE CONTACT DOT (OPENSTREETS@DOT.NYC.GOV) FOR FURTHER INFORMATION
SE4V16,0.0005242463958060288,Work Embargo: 05/02/23 to 11/03/23 8am-8pm for HUDSON BOULEVARD EAST DOT Open Street. Full street closure. *NYC DOT requires full restoration of roadway and/or sidewalk for public use as it relates to the event. please contact DOT Special Events (specialevents@dot.nyc.gov) for further information.
SE31K7,0.0005242463958060288,"WORK EMBARGO: 03/15/25 12pm to 03/16/25 6pm for 2025 United Airlines NYC Half. Full street closure. *NYC DOT requires full restoration of roadway and/or sidewalk for public use as it relates to the event. Please contact DOT Special Events (SpecialEvents@dot.nyc.gov) for further information. Note: Also includes Brooklyn Bridge. Prospect Park: East Dr, West Dr bet Terrace Dr-Columbus Circle, East bet E65 St-E72 St"
SE0Q98,0.0005242463958060288,WORK EMBARGO: 10/10/22 10am-5pm for Human Justice March. Full street closue. *NYC DOT REQUIRES FULL RESTORATION OF ROADWAY AND/OR SIDEWALK FOR PUBLIC USE AS IT RELATES TO THE EVENT. PLEASE CONTACT DOT SPECIAL EVENTS (SPECIALEVENTS@DOT.NYC.GOV) FOR FURTHER INFORMATION. Also includes: Brooklyn Bridge Pedestrian: 1. Queensboro Bridge (Queens Side)
SE65S4,0.0005242463958060288,WORK EMBARGO:06/06/2026 6:00AM - 8:00PM for Haitian Day Parade. Full Street Closure. NYC DOT REQUIRES FULL RESTORATION OF ROADWAY AND/OR SIDEWALK FOR PUBLIC USE AS IT RELATES TO THE EVENT. PLEASE CONTACT DOT SPECIAL EVENTS (SPECIALEVENTS@DOT.NYC.GOV) FOR FURTHER INFORMATION
SE73A1,0.0005242463958060288,WORK EMBARGO: 03/29/24 8am-1pm for Good Friday Way of the Cross. Full street closure. *NYC DOT requires full restoration of roadway and/or sidewalk for public use as it relates to the event. Please contact DOT Special Events (SpecialEvents@dot.nyc.gov) for further information.
SE19V8,0.0005242463958060288,WORK EMBARGO: 10/10/2026 12:00AM - 11:30PM FOR SPECIAL EVENT Street Soccer USA Cup 2026 / Pedestrian Plaza *NYC DOT REQUIRES FULL RESTORATION OF ROADWAY AND/OR SIDEWALK FOR PUBLIC USE AS IT RELATES TO THE EVENT. PLEASE CONTACT DOT SPECIAL EVENTS (SPECIALEVENTS@DOT.NYC.GOV) FOR FURTHER INFORMATION
SE4T35,0.0005242463958060288,WORK EMBARGO: 04/28/23 6am-11:30pm for Tiffany Flagship Opening. Sidewalk and curb lane closure. *NYC DOT requires full restoration of roadway and/or sidewalk for public use as it relates to the event. Please contact DOT Special Events (specialevents@dot.nyc.gov) for further information.
SE7S07,0.0005242463958060288,WORK EMBARGO: 06/01 12:01AM - 06/11/2023 11:59PM FOR SPECIAL EVENT Party in the Garden 2023 - Fundraiser for The Museum of Modern Art / Production Event / Curb Lane Only *NYC DOT REQUIRES FULL RESTORATION OF ROADWAY AND/OR SIDEWALK FOR PUBLIC USE AS IT RELATES TO THE EVENT. PLEASE CONTACT DOT SPECIAL EVENTS (SPECIALEVENTS@DOT.NYC.GOV) FOR FURTHER INFORMATION
SE10B1,0.0005242463958060288,WORK EMBARGO: 10/20/24 8am-8pm for LEXINGTON AVENUE FALL FESTIVAL. Full street closure. *NYC DOT requires full restoration of roadway and/or sidewalk for public use as it relates to the event. Please contact DOT Special Events (SpecialEvents@dot.nyc.gov) for further information.
SE03C2,0.0005242463958060288,WORK EMBARGO: 05/11/2024 11AM - 5PM FOR SPECIAL EVENT Falun Dafa Exercises at Times Square / Pedestrian Plaza *NYC DOT REQUIRES FULL RESTORATION OF ROADWAY AND/OR SIDEWALK FOR PUBLIC USE AS IT RELATES TO THE EVENT. PLEASE CONTACT DOT SPECIAL EVENTS (SPECIALEVENTS@DOT.NYC.GOV) FOR FURTHER INFORMATION
SE43B1,0.0005242463958060288,WORK EMBARGO: 09/15/24 4pm-5pm for R2//NYC. Full street closure. *NYC DOT requires full restoration of roadway and/or sidewalk for public use as it relates to the event. Please contact DOT Special Events (SpecialEvents@dot.nyc.gov) for further information. Note: Includes Washington Br
SE90A6,0.00039318479685452164,WORK EMBARGO: 07/27/24 8am-8pm for 60th Street Fair. Full street closure. *NYC DOT requires full restoration of roadway and/or sidewalk for public use as it relates to the event. Please contact DOT Special Events (SpecialEvents@dot.nyc.gov) for further information.
SE37C8,0.00039318479685452164,WORK EMBARGO: 05/19/24 11am-5:30pm for Malcolm X Birthday Commemoration. Full street closure. *NYC DOT requires full restoration of roadway and/or sidewalk for public use as it relates to the event. Please contact DOT Special Events (SpecialEvents@dot.nyc.gov) for further information.
SE5T93,0.00039318479685452164,"WORK EMBARGO: 08/13/23 8am-4pm for Dominican Day Parade, Inc. Full street closure. *NYC DOT requires full restoration of roadway and/or sidewalk for public use as it relates to the event. Please contact DOT Special Events (specialevents@dot.nyc.gov) for further information."
SE60Q6,0.00039318479685452164,WORK EMBARGO: 08/26 09:00PM - 09/01/2025 05:00PM FOR SPECIAL EVENT Barnard College Student Move In / Curb Lane Only *NYC DOT REQUIRES FULL RESTORATION OF ROADWAY AND/OR SIDEWALK FOR PUBLIC USE AS IT RELATES TO THE EVENT. PLEASE CONTACT DOT SPECIAL EVENTS (SPECIALEVENTS@DOT.NYC.GOV) FOR FURTHER INFORMATION
SE5G63,0.00039318479685452164,"WORK EMBARGO: 05/21/22 7am-6pm for 16th Annual Dance Parade and Festival. Full street closure. *NYC DOT REQUIRES FULL RESTORATION OF ROADWAY AND/OR SIDEWALK FOR PUBLIC USE AS IT RELATES TO THE EVENT. PLEASE CONTACT DOT SPECIAL EVENTS (SPECIALEVENTS@DOT.NYC.GOV) FOR FURTHER INFORMATION. Also includes: Cooper Sq btwn E8 St to St Marks Pl, E7 St btwn Ave A and Ave B. Astor Pl bewn 4 Ave and 3 Ave."
SE34E0,0.00039318479685452164,"WORK EMBARGO: 05/19/24 9am-3:30pm for Distinguished Gentlemans Ride. Rolling street closure. *NYC DOT requires full restoration of roadway and/or sidewalk for public use as it relates to the event. Please contact DOT Special Events (SpecialEvents@dot.nyc.gov) for further information. Note: Includes Brooklyn Br, Manhattan Br"
SE32A2,0.00039318479685452164,WORK EMBARGO: 03/23 9AM - 03/25/2024 9AM FOR SPECIAL EVENT Playbill Partner Event / Pedestrian Plaza *NYC DOT REQUIRES FULL RESTORATION OF ROADWAY AND/OR SIDEWALK FOR PUBLIC USE AS IT RELATES TO THE EVENT. PLEASE CONTACT DOT SPECIAL EVENTS (SPECIALEVENTS@DOT.NYC.GOV) FOR FURTHER INFORMATION
SE0I80,0.00039318479685452164,WORK EMBARGO: 00/00 - 00/00/2016 FOR SPECIAL EVENT NAME TIME: 12:01 AM - 6 PM *NYC DOT REQUIRES FULL RESTORATION OF ROADWAY AND/OR SIDEWALK FOR PUBLIC USE AS IT RELATES TO THE EVENT. PLEASE CONTACT DOT SPECIAL EVENTS (SPECIALEVENTS@DOT.NYC.GOV) FOR FURTHER INFORMATION
SE5L42,0.00039318479685452164,WORK EMBARGO: 05/12 12:01AM - 05/19/2022 5PM FOR SPECIAL EVENT Barnard College Move Out and Graduation / Production Event / Curb Lane Only *NYC DOT REQUIRES FULL RESTORATION OF ROADWAY AND/OR SIDEWALK FOR PUBLIC USE AS IT RELATES TO THE EVENT. PLEASE CONTACT DOT SPECIAL EVENTS (SPECIALEVENTS@DOT.NYC.GOV) FOR FURTHER INFORMATION
SE0N33,0.00039318479685452164,WORK EMBARGO: 04/15/22 to 12/31/22 8am-8pm for East 92nd Street Open Street. Full street closure. *NYC DOT REQUIRES FULL RESTORATION OF ROADWAY AND/OR SIDEWALK FOR PUBLIC USE AS IT RELATES TO THE EVENT. PLEASE CONTACT DOT SPECIAL EVENTS (SPECIALEVENTS@DOT.NYC.GOV) FOR FURTHER INFORMATION
SE0L95,0.00039318479685452164,WORK EMBARGO: 07/14/22 5am-1pm for 2022 Soldier Ride New York. Rolling closure. *NYC DOT REQUIRES FULL RESTORATION OF ROADWAY AND/OR SIDEWALK FOR PUBLIC USE AS IT RELATES TO THE EVENT. PLEASE CONTACT DOT SPECIAL EVENTS (SPECIALEVENTS@DOT.NYC.GOV) FOR FURTHER INFORMATION. Also includes: Brooklyn Bridge : Brooklyn Bridge Eastbound. Brooklyn Bridge : Brooklyn Bridge Pedestrian: 1. Rd 1. HUDSON RIVER GREENWAY between CHAMBERS STREET and W 44 STREET.
SE32L0,0.00039318479685452164,WORK EMBARGO: 05/03/2025 9:00AM - 5:00PM FOR SPECIAL EVENT PS 59 Block Party / Full Street Closure *NYC DOT REQUIRES FULL RESTORATION OF ROADWAY AND/OR SIDEWALK FOR PUBLIC USE AS IT RELATES TO THE EVENT. PLEASE CONTACT DOT SPECIAL EVENTS (SPECIALEVENTS@DOT.NYC.GOV) FOR FURTHER INFORMATION
SE63K6,0.00039318479685452164,WORK EMBARGO: 06/01/25 8am-7pm for Philippine Independence Day Celebration. Full street closure. *NYC DOT requires full restoration of roadway and/or sidewalk for public use as it relates to the event. Please contact DOT Special Events (SpecialEvents@dot.nyc.gov) for further information.
SE0J39,0.00039318479685452164,WORK EMBARGO: 04/15/22 12pm-2pm foro More Than A RUN Event 5K. Full street closure. *NYC DOT REQUIRES FULL RESTORATION OF ROADWAY AND/OR SIDEWALK FOR PUBLIC USE AS IT RELATES TO THE EVENT. PLEASE CONTACT DOT SPECIAL EVENTS (SPECIALEVENTS@DOT.NYC.GOV) FOR FURTHER INFORMATION04/15/22
SE33C1,0.00039318479685452164,WORK EMBARGO: 09/13 8AM - 09/15/2024 11AM FOR SPECIAL EVENT Gods Love We Deliver Ride to Montauk / Curb Lane Only *NYC DOT REQUIRES FULL RESTORATION OF ROADWAY AND/OR SIDEWALK FOR PUBLIC USE AS IT RELATES TO THE EVENT. PLEASE CONTACT DOT SPECIAL EVENTS (SPECIALEVENTS@DOT.NYC.GOV) FOR FURTHER INFORMATION
SE8J80,0.00039318479685452164,WORK EMBARGO: 06/18/22 8am-5pm for Family Christian Parade. Full street closure. *NYC DOT REQUIRES FULL RESTORATION OF ROADWAY AND/OR SIDEWALK FOR PUBLIC USE AS IT RELATES TO THE EVENT. PLEASE CONTACT DOT SPECIAL EVENTS (SPECIALEVENTS@DOT.NYC.GOV) FOR FURTHER INFORMATION
SE5Q02,0.00039318479685452164,WORK EMBARGO: 07/23/22 12pm-1:30pm for Empire State Ride. Rolling street closure. *NYC DOT REQUIRES FULL RESTORATION OF ROADWAY AND/OR SIDEWALK FOR PUBLIC USE AS IT RELATES TO THE EVENT. PLEASE CONTACT DOT SPECIAL EVENTS (SPECIALEVENTS@DOT.NYC.GOV) FOR FURTHER INFORMATION. Also includes: MARBLE HILL AVE between W 228 ST and W 230 ST
SE64P2,0.00039318479685452164,WORK EMBARGO: 10/10/25 3:30pm-6:30pm for The 114th Anniversary of Double Ten Celebration. Full street closure. *NYC DOT requires full restoration of roadway and/or sidewalk for public use as it relates to the event. Please contact DOT Special Events (SpecialEvents@dot.nyc.gov) for further information. Note: Includes EAST BROADWAY between CHATHAM SQUARE and MARKET STREET
SE0M42,0.00039318479685452164,WORK EMBARGO: 06/05/2022 FOR SPECIAL EVENT Aid Ukraine Today / Plaza Event ** TIME: 12:01AM - 8:00PM / Pedestrian Plaza *NYC DOT REQUIRES FULL RESTORATION OF ROADWAY AND/OR SIDEWALK FOR PUBLIC USE AS IT RELATES TO THE EVENT. PLEASE CONTACT DOT SPECIAL EVENTS (SPECIALEVENTS@DOT.NYC.GOV) FOR FURTHER INFORMATION
SE359A,0.00039318479685452164,WORK EMBARGO: 09/12 06:00AM - 09/13/2026 04:00PM FOR SPECIAL EVENT 2026 New Balance 5th Avenue Mile / *NYC DOT REQUIRES FULL RESTORATION OF ROADWAY AND/OR SIDEWALK FOR PUBLIC USE AS IT RELATES TO THE EVENT. PLEASE CONTACT DOT SPECIAL EVENTS (SPECIALEVENTS@DOT.NYC.GOV) FOR FURTHER INFORMATION
SE0P86,0.00039318479685452164,WORK EMBARGO: 06/23/23 7pm-11:30pm for Drag March. Full street closure. *NYC DOT REQUIRES FULL RESTORATION OF ROADWAY AND/OR SIDEWALK FOR PUBLIC USE AS IT RELATES TO THE EVENT. PLEASE CONTACT DOT SPECIAL EVENTS (SPECIALEVENTS@DOT.NYC.GOV) FOR FURTHER INFORMATION
SE57I1,0.00039318479685452164,WORK EMBARGO: 11/13 12AM - 11/17/2024 12AM FOR SPECIAL EVENT TSX Event / Pedestrian Plaza *NYC DOT REQUIRES FULL RESTORATION OF ROADWAY AND/OR SIDEWALK FOR PUBLIC USE AS IT RELATES TO THE EVENT. PLEASE CONTACT DOT SPECIAL EVENTS (SPECIALEVENTS@DOT.NYC.GOV) FOR FURTHER INFORMATION
SE37L5,0.00039318479685452164,WORK EMBARGO: 10/18/25 12am to 10/19/25 11:59pm for 2025 Embargo Bike MS NYC. Full street closure. *NYC DOT requires full restoration of roadway and/or sidewalk for public use as it relates to the event. Please contact DOT Special Events (SpecialEvents@dot.nyc.gov) for further information.
SE43K8,0.00039318479685452164,WORK EMBARGO: 01/01 12:01AM - 01/07/2025 11:30PM FOR SPECIAL EVENT TS2025 - Load Out / Curb Lane Only *NYC DOT REQUIRES FULL RESTORATION OF ROADWAY AND/OR SIDEWALK FOR PUBLIC USE AS IT RELATES TO THE EVENT. PLEASE CONTACT DOT SPECIAL EVENTS (SPECIALEVENTS@DOT.NYC.GOV) FOR FURTHER INFORMATION
SE3Y18,0.00039318479685452164,"WORK EMBARGO: 12/03/23 12pm-3pm for Charity Law Enforcement Christmas Motorcycle Run for Toys for Tots. Full street closure. *NYC DOT requires full restoration of roadway and/or sidewalk for public use as it relates to the event. Please contact DOT Special Events (SpecialEvents@dot.nyc.gov) for further information. Note: Includes Verrazano-Narrows Bridge, WEST SHORE EXPWY between OUTERBRIDGE EXIT and STATEN IS EXWY, 5 Brooklyn Bridge"
SE03N5,0.00039318479685452164,WORK EMBARGO: 05/13/25 12am-11:30pm for Disney Upfronts After Party. Curb lane only. *NYC DOT requires full restoration of roadway and/or sidewalk for public use as it relates to the event. Please contact DOT Special Events (SpecialEvents@dot.nyc.gov) for further information.
SE50U9,0.00039318479685452164,WORK EMBARGO: 07/26/2026 9:30AM - 7:30PM for Infirnity Fest. Full Street Closure. *NYC DOT REQUIRES FULL RESTORATION OF ROADWAY AND/OR SIDEWALK FOR PUBLIC USE AS IT RELATES TO THE EVENT. PLEASE CONTACT DOT SPECIAL EVENTS (SPECIALEVENTS@DOT.NYC.GOV) FOR FURTHER INFORMATION
SE03L4,0.00039318479685452164,WORK EMBARGO: 03/30/25 10am-5pm for Annual Greek Independence Day Parade. Full street closure. *NYC DOT requires full restoration of roadway and/or sidewalk for public use as it relates to the event. Please contact DOT Special Events (SpecialEvents@dot.nyc.gov) for further information.
SE40T7,0.00039318479685452164,WORK EMBARGO: 04/26/2026 8:00AM - 8:00PM for Lexington Avenue Fair. Full Street Closure. NYC DOT REQUIRES FULL RESTORATION OF ROADWAY AND/OR SIDEWALK FOR PUBLIC USE AS IT RELATES TO THE EVENT. PLEASE CONTACT DOT SPECIAL EVENTS (SPECIALEVENTS@DOT.NYC.GOV) FOR FURTHER INFORMATION
SE4Y78,0.00039318479685452164,WORK EMBARGO: 05/31/24 6pm to 06/01/24 8pm for Haitian Heritage Parade. Full street closure. *NYC DOT requires full restoration of roadway and/or sidewalk for public use as it relates to the event. Please contact DOT Special Events (SpecialEvents@dot.nyc.gov) for further information.
SE4V95,0.00039318479685452164,Work Embargo: 05/02/23 to 11/03/23 8am-8pm for HUDSON BOULEVARD WEST Open Street. Full street closure. *NYC DOT requires full restoration of roadway and/or sidewalk for public use as it relates to the event. Please contact DOT Special Events (specialevents@dot.nyc.gov) for further information. Note: Includes Hudson Blvd West bet W35 St ad W36 St
SE41W8,0.00039318479685452164,WORK EMBARGO: 06/08 05:00AM - 06/10/2026 10:00PM FOR SPECIAL EVENT Salt I Connection / Curb Lane Only *NYC DOT REQUIRES FULL RESTORATION OF ROADWAY AND/OR SIDEWALK FOR PUBLIC USE AS IT RELATES TO THE EVENT. PLEASE CONTACT DOT SPECIAL EVENTS (SPECIALEVENTS@DOT.NYC.GOV) FOR FURTHER INFORMATION
SE4V15,0.00039318479685452164,Work Embargo: 05/02/23 to 12/31/23 8am-8pm for HUDSON BOULEVARD WEST DOT Open Street. Full street closure. *NYC DOT requires full restoration of roadway and/or sidewalk for public use as it relates to the event. please contact DOT Special Events (specialevents@dot.nyc.gov) for further information. Note: Includes Hudson Blvd West bet W36 St and W35 ST
SE4V04,0.00039318479685452164,"WORK EMBARGO: 07/05 7:30AM - 08/23/2023 4:30PM FOR SPECIAL EVENT NYP Youth Market - Broadway / Partial Sidewalk Closure *NYC DOT REQUIRES FULL RESTORATION OF ROADWAY AND/OR SIDEWALK FOR PUBLIC USE AS IT RELATES TO THE EVENT. PLEASE CONTACT DOT SPECIAL EVENTS (SPECIALEVENTS@DOT.NYC.GOV) FOR FURTHER INFORMATION ** Recurring Dates: 07/05/2023,07/12/2023,07/19/2023,07/26/2023,08/02/2023,08/09/2023,08/16/2023,08/23/2023"
SE4T04,0.00039318479685452164,WORK EMBARGO: 04/27/23 6am-6pm for Spring Festival. Pedestrian plaza. *NYC DOT requires full restoration of roadway and/or sidewalk for public use as it relates to the event. Please contact DOT Special Events (specialevents@dot.nyc.gov) for further information.
SE43T5,0.00039318479685452164,WORK EMBARGO: 04/25/2026 6:00AM - 7:00PM for SIKH DAY PARADE 2026. Full Street Closure. NYC DOT REQUIRES FULL RESTORATION OF ROADWAY AND/OR SIDEWALK FOR PUBLIC USE AS IT RELATES TO THE EVENT. PLEASE CONTACT DOT SPECIAL EVENTS (SPECIALEVENTS@DOT.NYC.GOV) FOR FURTHER INFORMATION
SE972A,0.00039318479685452164,WORK EMBARGO: 10/31/2026 02:30 AM - 11:30 AM FOR SPECIAL EVENT Abbott Dash to the Finish Line 5K. Full Street Closure *NYC DOT REQUIRES FULL RESTORATION OF ROADWAY AND/OR SIDEWALK FOR PUBLIC USE AS IT RELATES TO THE EVENT. PLEASE CONTACT DOT SPECIAL EVENTS (SPECIALEVENTS@DOT.NYC.GOV) FOR FURTHER INFORMATION
SE02C3,0.00039318479685452164,WORK EMBARGO: 09/08 10PM - 09/10/2024 12PM FOR SPECIAL EVENT TASTE of Times Square / Pedestrian Plaza *NYC DOT REQUIRES FULL RESTORATION OF ROADWAY AND/OR SIDEWALK FOR PUBLIC USE AS IT RELATES TO THE EVENT. PLEASE CONTACT DOT SPECIAL EVENTS (SPECIALEVENTS@DOT.NYC.GOV) FOR FURTHER INFORMATION
SE01E3,0.00039318479685452164,WORK EMBARGO: 06/07/2024 12:01AM - 11:30PM FOR SPECIAL EVENT W HOTEL MOCHAKK ICE CREAM TRUCK / Sidewalk and Curb Lane Closure *NYC DOT REQUIRES FULL RESTORATION OF ROADWAY AND/OR SIDEWALK FOR PUBLIC USE AS IT RELATES TO THE EVENT. PLEASE CONTACT DOT SPECIAL EVENTS (SPECIALEVENTS@DOT.NYC.GOV) FOR FURTHER INFORMATION
SE4J72,0.00039318479685452164,"WORK EMBARGO: 03/19/22 10pm to 3/20/22 2pm for 2022 United Airlines NYC Half Marathon. Full street closure. *NYC DOT REQUIRES FULL RESTORATION OF ROADWAY AND/OR SIDEWALK FOR PUBLIC USE AS IT RELATES TO THE EVENT. PLEASE CONTACT DOT SPECIAL EVENTS (SPECIALEVENTS@DOT.NYC.GOV) FOR FURTHER INFORMATION. Also includes: MANHATTAN BRIDGE between NASSAU STREET and CANAL STREET, FDR DRIVE between MONTGOMERY STREET and EAST 42 STREET"
SE4I92,0.00039318479685452164,WORK EMBARGO: 09/11/22 8am-8pm for West Side Spring Fair. Full street closure. *NYC DOT REQUIRES FULL RESTORATION OF ROADWAY AND/OR SIDEWALK FOR PUBLIC USE AS IT RELATES TO THE EVENT. PLEASE CONTACT DOT SPECIAL EVENTS (SPECIALEVENTS@DOT.NYC.GOV) FOR FURTHER INFORMATION
SE465A,0.00039318479685452164,WORK EMBARGO: 09/12/2026 12:01AM - 09/14/2026 11:59 PM for 2026 Embargo Taste of Times Square. Full Street Closure.*NYC DOT REQUIRES FULL RESTORATION OF ROADWAY AND/OR SIDEWALK FOR PUBLIC USE AS IT RELATES TO THE EVENT. PLEASE CONTACT DOT SPECIAL EVENTS (SPECIALEVENTS@DOT.NYC.GOV) FOR FURTHER INFORMATION
SE46I5,0.00039318479685452164,WORK EMBARGO: 05/17/25 8am-8pm for TURKISH DAY PARADE. Full street closure. *NYC DOT requires full restoration of roadway and/or sidewalk for public use as it relates to the event. Please contact DOT Special Events (SpecialEvents@dot.nyc.gov) for further information.
SE46T0,0.00039318479685452164,WORK EMBARGO: 05/09/2026 10:00AM - 6:30PM for Ecological City Procession. Full Street Closure. *NYC DOT REQUIRES FULL RESTORATION OF ROADWAY AND/OR SIDEWALK FOR PUBLIC USE AS IT RELATES TO THE EVENT. PLEASE CONTACT DOT SPECIAL EVENTS (SPECIALEVENTS@DOT.NYC.GOV) FOR FURTHER INFORMATION. Note: Includes Columbia Street between Rivington Street and Stanton Street
SE4G82,0.00039318479685452164,WORK EMBARGO: 05/13/22 12:01am to 05/15/22 11:59pm for 2022 Embargo Ninth Avenue Food Festival. Full street closure. *NYC DOT REQUIRES FULL RESTORATION OF ROADWAY AND/OR SIDEWALK FOR PUBLIC USE AS IT RELATES TO THE EVENT. PLEASE CONTACT DOT SPECIAL EVENTS (SPECIALEVENTS@DOT.NYC.GOV) FOR FURTHER INFORMATION
SE47Y0,0.00039318479685452164,WORK EMBARGO: 10/11/2026 7:00AM - 6:00PM for Hispanic Day Parade. Full Street Closure. *NYC DOT REQUIRES FULL RESTORATION OF ROADWAY AND/OR SIDEWALK FOR PUBLIC USE AS IT RELATES TO THE EVENT. PLEASE CONTACT DOT SPECIAL EVENTS (SPECIALEVENTS@DOT.NYC.GOV) FOR FURTHER INFORMATION
L00002,0.00039318479685452164,WORK 10AM TO 10PM SATURDAY AND SUNDAY 
SE48I5,0.00039318479685452164,WORK EMBARGO: 11/01/2024 4PM - 11PM FOR SPECIAL EVENT LA CATRINA VIVE NY / Pedestrian Plaza *NYC DOT REQUIRES FULL RESTORATION OF ROADWAY AND/OR SIDEWALK FOR PUBLIC USE AS IT RELATES TO THE EVENT. PLEASE CONTACT DOT SPECIAL EVENTS (SPECIALEVENTS@DOT.NYC.GOV) FOR FURTHER INFORMATION
SE52H6,0.00039318479685452164,WORK EMBARGO: 04/30/25 12:01am to 05/04/25 11:59pm for 2025 Embargo Five Boro Bike Tour (5-Day). Full street closure. *NYC DOT requires full restoration of roadway and/or sidewalk for public use as it relates to the event. Please contact DOT Special Events (SpecialEvents@dot.nyc.gov) for further information.
SE3U86,0.00039318479685452164,WORK EMBARGO: 06/12 12:01AM - 06/14/2023 11:59PM FOR SPECIAL EVENT Aston Martin Unveil / Sidewalk and Curb Lane Closure / Partial Sidewalk Closure *NYC DOT REQUIRES FULL RESTORATION OF ROADWAY AND/OR SIDEWALK FOR PUBLIC USE AS IT RELATES TO THE EVENT. PLEASE CONTACT DOT SPECIAL EVENTS (SPECIALEVENTS@DOT.NYC.GOV) FOR FURTHER INFORMATION
SE5G31,0.00039318479685452164,WORK EMBARGO: 06/03/22 12:01am to 06/06/22 11:59pm for 2022 Embargo Taste of Times Square. Full street closure. *NYC DOT REQUIRES FULL RESTORATION OF ROADWAY AND/OR SIDEWALK FOR PUBLIC USE AS IT RELATES TO THE EVENT. PLEASE CONTACT DOT SPECIAL EVENTS (SPECIALEVENTS@DOT.NYC.GOV) FOR FURTHER INFORMATION
SE92R4,0.00039318479685452164,WORK EMBARGO: 10/20 12:01AM - 10/31/2025 04:00PM FOR SPECIAL EVENT LOUIS VUITTON INTERNAL EVENT / Ccurb Lane Only *NYC DOT REQUIRES FULL RESTORATION OF ROADWAY AND/OR SIDEWALK FOR PUBLIC USE AS IT RELATES TO THE EVENT. PLEASE CONTACT DOT SPECIAL EVENTS (SPECIALEVENTS@DOT.NYC.GOV) FOR FURTHER INFORMATION
SE09S1,0.00039318479685452164,WORK EMBARGO: 10/09/2025 08:30AM - 03:00PM FOR SPECIAL EVENT DVAM Times Square Takeover / Pedesrian Plaza *NYC DOT REQUIRES FULL RESTORATION OF ROADWAY AND/OR SIDEWALK FOR PUBLIC USE AS IT RELATES TO THE EVENT. PLEASE CONTACT DOT SPECIAL EVENTS (SPECIALEVENTS@DOT.NYC.GOV) FOR FURTHER INFORMATION
SE91A7,0.00039318479685452164,WORK EMBARGO: 07/25/24 12:01am to 08/17/24 6pm for 2024 Embargo Summer Streets - Manhattan Main. Full street closure. *NYC DOT requires full restoration of roadway and/or sidewalk for public use as it relates to the event. Please contact DOT Special Events (SpecialEvents@dot.nyc.gov) for further information.
SE91S8,0.00039318479685452164,WORK EMBARGO: 02/01/2026 05:00AM - 09:00PM FOR SPECIAL EVENT Bloom x Early Spring: New Energy Drink Activation 2026 / Pedesrian Plaza / Curb Lane Only *NYC DOT REQUIRES FULL RESTORATION OF ROADWAY AND/OR SIDEWALK FOR PUBLIC USE AS IT RELATES TO THE EVENT. PLEASE CONTACT DOT SPECIAL EVENTS (SPECIALEVENTS@DOT.NYC.GOV) FOR FURTHER INFORMATION
SE39B4,0.00039318479685452164,WORK EMBARGO: 03/31/24 12:30pm-3:30pm for Witness Parade. Full street closure. *NYC DOT requires full restoration of roadway and/or sidewalk for public use as it relates to the event. Please contact DOT Special Events (SpecialEvents@dot.nyc.gov) for further information.
SE08K1,0.00039318479685452164,WORK EMBARGO: 10/25/25 8am-8pm for 6TH AVENUE AUTUMNFEST. Full street closure. *NYC DOT requires full restoration of roadway and/or sidewalk for public use as it relates to the event. Please contact DOT Special Events (SpecialEvents@dot.nyc.gov) for further information.
SE58I4,0.00039318479685452164,WORK EMBARGO: 12/12 5AM - 12/29/2024 6PM FOR SPECIAL EVENT Disney Event / Curb Lane Only *NYC DOT REQUIRES FULL RESTORATION OF ROADWAY AND/OR SIDEWALK FOR PUBLIC USE AS IT RELATES TO THE EVENT. PLEASE CONTACT DOT SPECIAL EVENTS (SPECIALEVENTS@DOT.NYC.GOV) FOR FURTHER INFORMATION ** Recurring Days Notes: 12/12/2024 (Thursday) 12/13/2024 (Friday) 12/14/2024 (Saturday) 12/15/2024 (Sunday) 12/19/2024 (Thursday) 12/20/2024 (Friday) 12/21/2024 (Saturday) 12/22/2024 (Sunday) 12/26/2024 (Thursday) 12/27/2024 (Friday) 12/28/2024 (Saturday) 12/29/2024 (Sunday)
SE39T9,0.00039318479685452164,WORK EMBARGO: 04/19/2026 8:00AM - 8:00PM for 6th Avenue Spring Fair. Full Street Closure. NYC DOT REQUIRES FULL RESTORATION OF ROADWAY AND/OR SIDEWALK FOR PUBLIC USE AS IT RELATES TO THE EVENT. PLEASE CONTACT DOT SPECIAL EVENTS (SPECIALEVENTS@DOT.NYC.GOV) FOR FURTHER INFORMATION
SE91Z5,0.00039318479685452164,WORK EMBARGO: 09/13/2026 6:00AM - 4:00PM for New Balance 5th Avenue Mile 2026. Full Street Closure.*NYC DOT REQUIRES FULL RESTORATION OF ROADWAY AND/OR SIDEWALK FOR PUBLIC USE AS IT RELATES TO THE EVENT. PLEASE CONTACT DOT SPECIAL EVENTS (SPECIALEVENTS@DOT.NYC.GOV) FOR FURTHER INFORMATION
SE92A4,0.00039318479685452164,WORK EMBARGO: 08/10/24 8am-8pm for 60th Street Fair. Full street closure. *NYC DOT requires full restoration of roadway and/or sidewalk for public use as it relates to the event. Please contact DOT Special Events (SpecialEvents@dot.nyc.gov) for further information.
SE07J3,0.00039318479685452164,WORK EMBARGO: 10/16/2024 12:01AM - 11:30PM FOR SPECIAL EVENT Burberry Store Sidewalk / Partial Sidewalk Closure *NYC DOT REQUIRES FULL RESTORATION OF ROADWAY AND/OR SIDEWALK FOR PUBLIC USE AS IT RELATES TO THE EVENT. PLEASE CONTACT DOT SPECIAL EVENTS (SPECIALEVENTS@DOT.NYC.GOV) FOR FURTHER INFORMATION
SE3G52,0.00039318479685452164,WORK EMBARGO: 03/18/22 12:01am to 03/20/22 11:59pm for 2022 Embargo NYC Half Marathon. Full street closure. *NYC DOT REQUIRES FULL RESTORATION OF ROADWAY AND/OR SIDEWALK FOR PUBLIC USE AS IT RELATES TO THE EVENT. PLEASE CONTACT DOT SPECIAL EVENTS (SPECIALEVENTS@DOT.NYC.GOV) FOR FURTHER INFORMATION. Also includes: Brklyn: Hill Dr/Well House Dr btwn East Dr-West Dr; Center Dr btwn West Dr-East Dr. Manhattan Br; East Drive between Grand Army Plaza and Terrace Drive &#61623; Terrace Drive between East Drive and West Drive &#61623; West Drive between Terrace Drive and 7th Avenue &#61623; 67th Street between Central Park West and West Drive &#61623; Center Drive between West Drive and 6th Avenue
SE3J02,0.00039318479685452164,WORK EMBARGO: 09/18/22 9am-6pm for 53rd Annual African American Day Parade. Full street closure. *NYC DOT REQUIRES FULL RESTORATION OF ROADWAY AND/OR SIDEWALK FOR PUBLIC USE AS IT RELATES TO THE EVENT. PLEASE CONTACT DOT SPECIAL EVENTS (SPECIALEVENTS@DOT.NYC.GOV) FOR FURTHER INFORMATION
SE96J0,0.00039318479685452164,WORK EMBARGO: 07/12/25 8am-8pm for TIMES SQUARE SUMMER FAIR. Full street closure. *NYC DOT requires full restoration of roadway and/or sidewalk for public use as it relates to the event. Please contact DOT Special Events (SpecialEvents@dot.nyc.gov) for further information.
SE93D7,0.00039318479685452164,WORK EMBARGO: 11/08/24 12:01am to 11/11/24 11:59pm for 2024 Embargo Veterans Day Parade. Full street closure. *NYC DOT requires full restoration of roadway and/or sidewalk for public use as it relates to the event. Please contact DOT Special Events (SpecialEvents@dot.nyc.gov) for further information.
SE3M07,0.00039318479685452164,WORK EMBARGO: 08/14/22 6am-6pm for Blue Knights NY2 LEMC 2022 Motorcycle Run and BBQ. Full street closure. *NYC DOT REQUIRES FULL RESTORATION OF ROADWAY AND/OR SIDEWALK FOR PUBLIC USE AS IT RELATES TO THE EVENT. PLEASE CONTACT DOT SPECIAL EVENTS (SPECIALEVENTS@DOT.NYC.GOV) FOR FURTHER INFORMATION. Also includes: Brooklyn Bridge Eastbound Rd 1. BQE between TO EXIT 35 and LIE/MIDTOWN TUNNEL. LIE between BQE and VAN DAM ST. Willis Ave Bridge.
SE8J01,0.00039318479685452164,"WORK EMBARGO: 02/26/22 9am-12pm for Pray for India. Full street closure. *NYC DOT REQUIRES FULL RESTORATION OF ROADWAY AND/OR SIDEWALK FOR PUBLIC USE AS IT RELATES TO THE EVENT. PLEASE CONTACT DOT SPECIAL EVENTS (SPECIALEVENTS@DOT.NYC.GOV) FOR FURTHER INFORMATION. Also includes: Brooklyn Bridge : Brooklyn Bridge Westbound Rd 1, Verazanno Narrows Bridge : Verazanno Narrows Bridge. Gowanux Exwy bet Verrazano Br and BQE. 7 AV between W 42 ST and LINCOLN TUNNEL"
SE06O8,0.00039318479685452164,WORK EMBARGO: 08/17/25 11am-6pm for 136th Annual St Rocco Feast Parade. Full street closure. *NYC DOT requires full restoration of roadway and/or sidewalk for public use as it relates to the event. Please contact DOT Special Events (SpecialEvents@dot.nyc.gov) for further information.
SE93I9,0.00039318479685452164,WORK EMBARGO: 11/18 12:01AM - 01/07/2025 11:59PM FOR SPECIAL EVENT 5th Avenue Blooms / Partial Sidewalk Closure *NYC DOT REQUIRES FULL RESTORATION OF ROADWAY AND/OR SIDEWALK FOR PUBLIC USE AS IT RELATES TO THE EVENT. PLEASE CONTACT DOT SPECIAL EVENTS (SPECIALEVENTS@DOT.NYC.GOV) FOR FURTHER INFORMATION
SE06C7,0.00039318479685452164,WORK EMBARGO: 08/24/24 11am-2pm for Equal Topless Rights. Full street closure. *NYC DOT requires full restoration of roadway and/or sidewalk for public use as it relates to the event. Please contact DOT Special Events (SpecialEvents@dot.nyc.gov) for further information.
SE05K5,0.00039318479685452164,WORK EMBARGO: 05/05/2025 3:00PM - 11:59PM FOR SPECIAL EVENT Metropolitan Museum Costume Gala / Full Street Closure -86 St Transvrs / Sidewalk and Street Closure -5th Ave *NYC DOT REQUIRES FULL RESTORATION OF ROADWAY AND/OR SIDEWALK FOR PUBLIC USE AS IT RELATES TO THE EVENT. PLEASE CONTACT DOT SPECIAL EVENTS (SPECIALEVENTS@DOT.NYC.GOV) FOR FURTHER INFORMATION
SE3R87,0.00039318479685452164,"WORK EMBARGO: 11/06/22 3pm-8pm for 2022 TCS NYC Marathon - Transportation Elements. Curb lane, partial sidewalk closure. *NYC DOT REQUIRES FULL RESTORATION OF ROADWAY AND/OR SIDEWALK FOR PUBLIC USE AS IT RELATES TO THE EVENT. PLEASE CONTACT DOT SPECIAL EVENTS (SPECIALEVENTS@DOT.NYC.GOV) FOR FURTHER INFORMATION"
SE55N2,0.00039318479685452164,WORK EMBARGO: 06/24 8:00AM - 07/03/2025 8:00AM FOR SPECIAL EVENT Tank Air Pop-Up / Partial Sidewalk Closure / Curb Lane Only *NYC DOT REQUIRES FULL RESTORATION OF ROADWAY AND/OR SIDEWALK FOR PUBLIC USE AS IT RELATES TO THE EVENT. PLEASE CONTACT DOT SPECIAL EVENTS (SPECIALEVENTS@DOT.NYC.GOV) FOR FURTHER INFORMATION
SE54U0,0.00039318479685452164,WORK EMBARGO: 03/06 07:00AM - 03/08/2026 08:00PM FOR SPECIAL EVENT UNIQLO Grand Opening Event / Partial Sidewalk Closure / *NYC DOT REQUIRES FULL RESTORATION OF ROADWAY AND/OR SIDEWALK FOR PUBLIC USE AS IT RELATES TO THE EVENT. PLEASE CONTACT DOT SPECIAL EVENTS (SPECIALEVENTS@DOT.NYC.GOV) FOR FURTHER INFORMATION
SE3T33,0.00039318479685452164,WORK EMBARGO: 08/27/23 9am-6pm for Pakistan Independence Day Celebration. Full street closure. *NYC DOT requires full restoration of roadway and/or sidewalk for public use as it relates to the event. Please contact DOT Special Events (specialevents@dot.nyc.gov) for further information.
SE8J21,0.00039318479685452164,"WORK EMBARGO: 03/20/22 2am-3pm for United Airlines NYC Half Marathon. Full street closure. *NYC DOT REQUIRES FULL RESTORATION OF ROADWAY AND/OR SIDEWALK FOR PUBLIC USE AS IT RELATES TO THE EVENT. PLEASE CONTACT DOT SPECIAL EVENTS (SPECIALEVENTS@DOT.NYC.GOV) FOR FURTHER INFORMATION. Also includes: In Central Park: East Dr bet 66-72 Sts, 72 St Cross Dr, West Dr. In Prospect Park: Center Drive bet East-West Drs. Manhattan Br. FDR Dr bet Montgomery-E42 St, Prospect Park : East Park Drive."
SE78U1,0.00039318479685452164,WORK EMBARGO: 11/21/2026 11:00AM - 03:00PM FOR SPECIAL EVENT Jesus Rally Time Square NYC / Pedestrian Plaza *NYC DOT REQUIRES FULL RESTORATION OF ROADWAY AND/OR SIDEWALK FOR PUBLIC USE AS IT RELATES TO THE EVENT. PLEASE CONTACT DOT SPECIAL EVENTS (SPECIALEVENTS@DOT.NYC.GOV) FOR FURTHER INFORMATION
SE0R24,0.00039318479685452164,"WORK EMBARGO: 12/12/22 7:30am-6pm for CARRERA GRUPO GUADALUPANO ARQUIDIOCES DE New York, Full street closure. *NYC DOT REQUIRES FULL RESTORATION OF ROADWAY AND/OR SIDEWALK FOR PUBLIC USE AS IT RELATES TO THE EVENT. PLEASE CONTACT DOT SPECIAL EVENTS (SPECIALEVENTS@DOT.NYC.GOV) FOR FURTHER INFORMATION"
SE73T9,0.00039318479685452164,WORK EMBARGO: 05/13/2026 9:00AM - 4:00PM for Falun Dafa Day Parade. Full Street Closure. *NYC DOT REQUIRES FULL RESTORATION OF ROADWAY AND/OR SIDEWALK FOR PUBLIC USE AS IT RELATES TO THE EVENT. PLEASE CONTACT DOT SPECIAL EVENTS (SPECIALEVENTS@DOT.NYC.GOV) FOR FURTHER INFORMATION
SE72T6,0.00039318479685452164,WORK EMBARGO: 10/31/2026 02:00PM - 07:00PM FOR SPECIAL EVENT Trick or Streets: Carnegie Hill Neighbors 15th Annual Spooktacular / Full Street Closure *NYC DOT REQUIRES FULL RESTORATION OF ROADWAY AND/OR SIDEWALK FOR PUBLIC USE AS IT RELATES TO THE EVENT. PLEASE CONTACT DOT SPECIAL EVENTS (SPECIALEVENTS@DOT.NYC.GOV) FOR FURTHER INFORMATION
SE85A0,0.00039318479685452164,"WORK EMBARGO: 05/18/24 10am-4pm for Spring Safari 2024. Full street closure. *NYC DOT requires full restoration of roadway and/or sidewalk for public use as it relates to the event. Please contact DOT Special Events (SpecialEvents@dot.nyc.gov) for further information. Note: Includes Queensboro Bridge, Roosevelt Is Bridge, Main St between Roosevelt Is Bridge and W Rd"
SE13B8,0.00039318479685452164,WORK EMBARGO: 03/25/2024 8AM - 5PM FOR SPECIAL EVENT Annual Triangle Shirtwaist Fire Commemoration / Full Street Closure *NYC DOT REQUIRES FULL RESTORATION OF ROADWAY AND/OR SIDEWALK FOR PUBLIC USE AS IT RELATES TO THE EVENT. PLEASE CONTACT DOT SPECIAL EVENTS (SPECIALEVENTS@DOT.NYC.GOV) FOR FURTHER INFORMATION
SE28T9,0.00039318479685452164,WORK EMBARGO: 01/06/2026 8:00AM - 2:00PM for 2026 Annual Three Kings Day Parade. Full Street Closure. NYC DOT REQUIRES FULL RESTORATION OF ROADWAY AND/OR SIDEWALK FOR PUBLIC USE AS IT RELATES TO THE EVENT. PLEASE CONTACT DOT SPECIAL EVENTS (SPECIALEVENTS@DOT.NYC.GOV) FOR FURTHER INFORMATION
SE28U1,0.00039318479685452164,WORK EMBARGO: 05/16/2026 04:00PM - 08:00PM FOR SPECIAL EVENT The Independents - Times Square - Street Closures / Full Street Closure *NYC DOT REQUIRES FULL RESTORATION OF ROADWAY AND/OR SIDEWALK FOR PUBLIC USE AS IT RELATES TO THE EVENT. PLEASE CONTACT DOT SPECIAL EVENTS (SPECIALEVENTS@DOT.NYC.GOV) FOR FURTHER INFORMATION
SE73C1,0.00039318479685452164,WORK EMBARGO: 06/06/2024 12AM - 7PM FOR SPECIAL EVENT TSX Event / Pedestrian Plaza *NYC DOT REQUIRES FULL RESTORATION OF ROADWAY AND/OR SIDEWALK FOR PUBLIC USE AS IT RELATES TO THE EVENT. PLEASE CONTACT DOT SPECIAL EVENTS (SPECIALEVENTS@DOT.NYC.GOV) FOR FURTHER INFORMATION
SE85A6,0.00039318479685452164,"WORK EMBARGO: 12/01/24 9am-4pm for Charity Law Enforcement Christmas Motorcycle Run for Toys for Tots. Rolling street closure. *NYC DOT requires full restoration of roadway and/or sidewalk for public use as it relates to the event. Please contact DOT Special Events (SpecialEvents@dot.nyc.gov) for further information. Note: Includes Verrazano-Narrows Bridge, WEST SHORE EXPWY between OUTERBRIDGE EXIT and STATEN IS EXWY, Brooklyn Bridge"
SE73C2,0.00039318479685452164,WORK EMBARGO: 06/06/2024 12AM - 7PM FOR SPECIAL EVENT TSX Event / Pedestrian Plaza *NYC DOT REQUIRES FULL RESTORATION OF ROADWAY AND/OR SIDEWALK FOR PUBLIC USE AS IT RELATES TO THE EVENT. PLEASE CONTACT DOT SPECIAL EVENTS (SPECIALEVENTS@DOT.NYC.GOV) FOR FURTHER INFORMATION
SE7P18,0.00039318479685452164,WORK EMBARGO: 10/17 12AM - 10/23/2022 11:30PM FOR SPECIAL EVENT Chelsea Industrial 10/17-23 Production Parking / Production Event / Curb Lane Only *NYC DOT REQUIRES FULL RESTORATION OF ROADWAY AND/OR SIDEWALK FOR PUBLIC USE AS IT RELATES TO THE EVENT. PLEASE CONTACT DOT SPECIAL EVENTS (SPECIALEVENTS@DOT.NYC.GOV) FOR FURTHER INFORMATION
SE86K5,0.00039318479685452164,WORK EMBARGO: 10/11/2025 12:01AM - 11:30PM FOR SPECIAL EVENT Street Soccer USA Cup 2024 / Pedestrian Plaza *NYC DOT REQUIRES FULL RESTORATION OF ROADWAY AND/OR SIDEWALK FOR PUBLIC USE AS IT RELATES TO THE EVENT. PLEASE CONTACT DOT SPECIAL EVENTS (SPECIALEVENTS@DOT.NYC.GOV) FOR FURTHER INFORMATION
SE68I4,0.00039318479685452164,WORK EMBARGO: 00/00 - 00/00/2016 FOR SPECIAL EVENT NAME TIME: 12:01 AM - 6 PM *NYC DOT REQUIRES FULL RESTORATION OF ROADWAY AND/OR SIDEWALK FOR PUBLIC USE AS IT RELATES TO THE EVENT. PLEASE CONTACT DOT SPECIAL EVENTS (SPECIALEVENTS@DOT.NYC.GOV) FOR FURTHER INFORMATION
SE80A6,0.00039318479685452164,WORK EMBARGO: 09/22/24 8am-8pm for CERT Community Fair. Full street closure. *NYC DOT requires full restoration of roadway and/or sidewalk for public use as it relates to the event. Please contact DOT Special Events (SpecialEvents@dot.nyc.gov) for further information.
SE7M12,0.00039318479685452164,WORK EMBARGO: 09/17/2022 FOR SPECIAL EVENT Nightingale Bamford Homecoming / Street Event ** TIME: 7AM - 2:30PM / Full Street Closure *NYC DOT REQUIRES FULL RESTORATION OF ROADWAY AND/OR SIDEWALK FOR PUBLIC USE AS IT RELATES TO THE EVENT. PLEASE CONTACT DOT SPECIAL EVENTS (SPECIALEVENTS@DOT.NYC.GOV) FOR FURTHER INFORMATION
SE2J08,0.00039318479685452164,WORK EMBARGO: 05/28/22 to 06/05/22 9am-6pm for washington Square Outdoor Art Exhibit. Partial sidewalk closure. *NYC DOT REQUIRES FULL RESTORATION OF ROADWAY AND/OR SIDEWALK FOR PUBLIC USE AS IT RELATES TO THE EVENT. PLEASE CONTACT DOT SPECIAL EVENTS (SPECIALEVENTS@DOT.NYC.GOV) FOR FURTHER INFORMATION. Note: Memorial Day weekend May 228 29 30 and the following weekend June 4 5
SE7J67,0.00039318479685452164,WORK EMBARGO: 04/09/22 12pm-5pm for NYC Tartan Day Parade. Full street closure. *NYC DOT REQUIRES FULL RESTORATION OF ROADWAY AND/OR SIDEWALK FOR PUBLIC USE AS IT RELATES TO THE EVENT. PLEASE CONTACT DOT SPECIAL EVENTS (SPECIALEVENTS@DOT.NYC.GOV) FOR FURTHER INFORMATION
SE76I9,0.00039318479685452164,WORK EMBARGO: 11/04/2024 11AM - 4:30PM FOR SPECIAL EVENT 2024 Citywide MWBE Procurement Fair / Sidewalk and Street Closure *NYC DOT REQUIRES FULL RESTORATION OF ROADWAY AND/OR SIDEWALK FOR PUBLIC USE AS IT RELATES TO THE EVENT. PLEASE CONTACT DOT SPECIAL EVENTS (SPECIALEVENTS@DOT.NYC.GOV) FOR FURTHER INFORMATION
SE20V6,0.00039318479685452164,WORK EMBARGO: 05/22/2026 12:00PM - 9:00PM for A Caribbean Fete in Times Squares. Pedestrian Plaza. *NYC DOT REQUIRES FULL RESTORATION OF ROADWAY AND/OR SIDEWALK FOR PUBLIC USE AS IT RELATES TO THE EVENT. PLEASE CONTACT DOT SPECIAL EVENTS (SPECIALEVENTS@DOT.NYC.GOV) FOR FURTHER INFORMATION
SE76J2,0.00039318479685452164,WORK EMBARGO: 07/06/25 8am-8pm for Lexington Avenue Fair. Full street closure. *NYC DOT requires full restoration of roadway and/or sidewalk for public use as it relates to the event. Please contact DOT Special Events (SpecialEvents@dot.nyc.gov) for further information.
SE12T5,0.00039318479685452164,WORK EMBARGO: 07/02 02:00AM - 04/06/2026 02:00AM FOR SPECIAL EVENT International Naval Review/Times Square Events / Pedestrian Plaza *NYC DOT REQUIRES FULL RESTORATION OF ROADWAY AND/OR SIDEWALK FOR PUBLIC USE AS IT RELATES TO THE EVENT. PLEASE CONTACT DOT SPECIAL EVENTS (SPECIALEVENTS@DOT.NYC.GOV) FOR FURTHER INFORMATION
SE87I5,0.00039318479685452164,WORK EMBARGO: 11/03/24 12am-7pm for 2024 TCS NYC Marathon. Full street closure. *NYC DOT requires full restoration of roadway and/or sidewalk for public use as it relates to the event. Please contact DOT Special Events (SpecialEvents@dot.nyc.gov) for further information.
SE27R8,0.00039318479685452164,WORK EMBARGO: 09/10 06:00AM - 09/12/2025 03:00AM FOR SPECIAL EVENT Edison Ballroom Event / Curb Lane Only *NYC DOT REQUIRES FULL RESTORATION OF ROADWAY AND/OR SIDEWALK FOR PUBLIC USE AS IT RELATES TO THE EVENT. PLEASE CONTACT DOT SPECIAL EVENTS (SPECIALEVENTS@DOT.NYC.GOV) FOR FURTHER INFORMATION
SE14E1,0.00039318479685452164,WORK EMBARGO: 07/13/24 9am-2pm for The Punishers Motorcycle Club Memorial Ride. Rolling street closure. *NYC DOT requires full restoration of roadway and/or sidewalk for public use as it relates to the event. Please contact DOT Special Events (SpecialEvents@dot.nyc.gov) for further information. Note: Includes UNIVERSITY HIGHT BR (207ST BRIDGE) between MAJOR DEEGAN EXWY and 10 AV
SE6M55,0.00039318479685452164,WORK EMBARGO: 07/09/22 11am-2pm for 2022 Summer League. Full street closure. *NYC DOT REQUIRES FULL RESTORATION OF ROADWAY AND/OR SIDEWALK FOR PUBLIC USE AS IT RELATES TO THE EVENT. PLEASE CONTACT DOT SPECIAL EVENTS (SPECIALEVENTS@DOT.NYC.GOV) FOR FURTHER INFORMATION
SE26V5,0.00039318479685452164,WORK EMBARGO: 04/13 05:00AM - 04/14/2026 11:00PM FOR SPECIAL EVENT General Atlantic / Curb Lane Only *NYC DOT REQUIRES FULL RESTORATION OF ROADWAY AND/OR SIDEWALK FOR PUBLIC USE AS IT RELATES TO THE EVENT. PLEASE CONTACT DOT SPECIAL EVENTS (SPECIALEVENTS@DOT.NYC.GOV) FOR FURTHER INFORMATION
SE80A1,0.00039318479685452164,WORK EMBARGO: 09/14/24 8am-8pm for 20th Precinct Community Expo. Full street closure. *NYC DOT requires full restoration of roadway and/or sidewalk for public use as it relates to the event. Please contact DOT Special Events (SpecialEvents@dot.nyc.gov) for further information.
SE6Z55,0.00039318479685452164,WORK EMBARGO: 05/10/24 3pm to 05/11/24 11pm for Japan Parade. Full street closure. *NYC DOT requires full restoration of roadway and/or sidewalk for public use as it relates to the event. Please contact DOT Special Events (SpecialEvents@dot.nyc.gov) for further information.
SE6Z59,0.00039318479685452164,WORK EMBARGO: 06/08/24 3am-3:30pm for Hare Krishna Festival 2024. Full street closure. *NYC DOT requires full restoration of roadway and/or sidewalk for public use as it relates to the event. Please contact DOT Special Events (SpecialEvents@dot.nyc.gov) for further information.
SE17B5,0.00039318479685452164,WORK EMBARGO: 06/15/24 8am-8pm for TURTLE BAY FESTIVAL. Full street closure. *NYC DOT requires full restoration of roadway and/or sidewalk for public use as it relates to the event. Please contact DOT Special Events (SpecialEvents@dot.nyc.gov) for further information.
SE7Z53,0.00039318479685452164,WORK EMBARGO: 12/12/23 7:30am-1:30pm for CARRERA GRUPO GUADALUPANO ARQUIDIOCES DE New York. Full street closure. *NYC DOT requires full restoration of roadway and/or sidewalk for public use as it relates to the event. Please contact DOT Special Events (SpecialEvents@dot.nyc.gov) for further information.
SE80J3,0.00039318479685452164,WORK EMBARGO: 12/02/2024 12:00AM - 11:59PM FOR SPECIAL EVENT GOLDMAN EVENT / Curb Lane Only *NYC DOT REQUIRES FULL RESTORATION OF ROADWAY AND/OR SIDEWALK FOR PUBLIC USE AS IT RELATES TO THE EVENT. PLEASE CONTACT DOT SPECIAL EVENTS (SPECIALEVENTS@DOT.NYC.GOV) FOR FURTHER INFORMATION
SE25U7,0.00039318479685452164,WORK EMBARGO: 06/06 12:01AM - 06/07/2026 11:59PM FOR SPECIAL EVENT 2-Party in the Garden 2026 - Fundraiser for The Museum of Modern Art / Curb Lane Only *NYC DOT REQUIRES FULL RESTORATION OF ROADWAY AND/OR SIDEWALK FOR PUBLIC USE AS IT RELATES TO THE EVENT. PLEASE CONTACT DOT SPECIAL EVENTS (SPECIALEVENTS@DOT.NYC.GOV) FOR FURTHER INFORMATION
SE70S0,0.00039318479685452164,WORK EMBARGO: 12/01/2025 12:01AM - 11:59PM FOR SPECIAL EVENT VOTER REGISTRATION EDUCATION EXPERIENCE / Pedestrian Plaza *NYC DOT REQUIRES FULL RESTORATION OF ROADWAY AND/OR SIDEWALK FOR PUBLIC USE AS IT RELATES TO THE EVENT. PLEASE CONTACT DOT SPECIAL EVENTS (SPECIALEVENTS@DOT.NYC.GOV) FOR FURTHER INFORMATION
SE6V78,0.00039318479685452164,Work Embargo: 05/29/23 11am-12pm for American Legion Memorial Day parade. Full street closure. *NYC DOT requires full restoration of roadway and/or sidewalk for public use as it relates to the event. Please contact DOT Special Events (specialevents@dot.nyc.gov) for further information.
SE17D5,0.00039318479685452164,WORK EMBARGO: 09/05/24 to 06/27/25 9am-2:30pm for East 92nd Street Open Street. Full street closure. *NYC DOT requires full restoration of roadway and/or sidewalk for public use as it relates to the event. Please contact DOT Special Events (SpecialEvents@dot.nyc.gov) for further information.
SE80O7,0.00039318479685452164,WORK EMBARGO: 10/01 12:01AM - 10/11/2025 11:59PM FOR SPECIAL EVENT AD Week 2025 at 100 W. 33rd St. / Curb Lane Only *NYC DOT REQUIRES FULL RESTORATION OF ROADWAY AND/OR SIDEWALK FOR PUBLIC USE AS IT RELATES TO THE EVENT. PLEASE CONTACT DOT SPECIAL EVENTS (SPECIALEVENTS@DOT.NYC.GOV) FOR FURTHER INFORMATION
SE7Z35,0.00039318479685452164,WORK EMBARGO: 11/15 9PM - 01/04/2024 9PM FOR SPECIAL EVENT Holidays 2023 / Partial Sidewalk Closure *NYC DOT REQUIRES FULL RESTORATION OF ROADWAY AND/OR SIDEWALK FOR PUBLIC USE AS IT RELATES TO THE EVENT. PLEASE CONTACT DOT SPECIAL EVENTS (SPECIALEVENTS@DOT.NYC.GOV) FOR FURTHER INFORMATION
SE8I68,0.00039318479685452164,WORK EMBARGO: 06/10/22 7pm to 06/11/22 7pm for 116th Street Festival. Full street closure. *NYC DOT REQUIRES FULL RESTORATION OF ROADWAY AND/OR SIDEWALK FOR PUBLIC USE AS IT RELATES TO THE EVENT. PLEASE CONTACT DOT SPECIAL EVENTS (SPECIALEVENTS@DOT.NYC.GOV) FOR FURTHER INFORMATION
SE26B9,0.00039318479685452164,WORK EMBARGO: 07/13/24 8am-8pm for TIMES SQUARE SUMMER FAIR. Full street closure. *NYC DOT requires full restoration of roadway and/or sidewalk for public use as it relates to the event. Please contact DOT Special Events (SpecialEvents@dot.nyc.gov) for further information.
SE7Z33,0.00039318479685452164,WORK EMBARGO: 11/03 5PM - 11/17/2023 7PM FOR SPECIAL EVENT Phillips Curb Lane Closure / Curb Lane Only *NYC DOT REQUIRES FULL RESTORATION OF ROADWAY AND/OR SIDEWALK FOR PUBLIC USE AS IT RELATES TO THE EVENT. PLEASE CONTACT DOT SPECIAL EVENTS (SPECIALEVENTS@DOT.NYC.GOV) FOR FURTHER INFORMATION
SE24K3,0.00039318479685452164,"WORK EMBARGO: 06/04 8:00AM - 10/29/2025 7:00PM FOR SPECIAL EVENT FiDi Community Sidewalk Sale / Partial Sidewalk Closure *NYC DOT REQUIRES FULL RESTORATION OF ROADWAY AND/OR SIDEWALK FOR PUBLIC USE AS IT RELATES TO THE EVENT. PLEASE CONTACT DOT SPECIAL EVENTS (SPECIALEVENTS@DOT.NYC.GOV) FOR FURTHER INFORMATION ** Recurring Days Notes: Every Wednesday through October 29, 2025"
SE7Y96,0.00039318479685452164,WORK EMBARGO: 092423 11am-2pm for Procession of the Statue of Our Lady of Cisne. Full street closure. *NYC DOT requires full restoration of roadway andor sidewalk for public use as it relates to the event. Please contact DOT Special Events (SpecialEvents@dot.nyc.gov) for further information.
SE72C9,0.00039318479685452164,WORK EMBARGO: 06/04/2024 4AM - 5:30PM FOR SPECIAL EVENT Morgan Stanley Food Drive / Pedestrian Plaza *NYC DOT REQUIRES FULL RESTORATION OF ROADWAY AND/OR SIDEWALK FOR PUBLIC USE AS IT RELATES TO THE EVENT. PLEASE CONTACT DOT SPECIAL EVENTS (SPECIALEVENTS@DOT.NYC.GOV) FOR FURTHER INFORMATION
SE26U0,0.00039318479685452164,"WORK EMBARGO: 04/24/2026 12:01AM - 05/03/2026 for 2026 Embargo Five Boro Bike Tour (10-day). Full Street Closure. *NYC DOT REQUIRES FULL RESTORATION OF ROADWAY AND/OR SIDEWALK FOR PUBLIC USE AS IT RELATES TO THE EVENT. PLEASE CONTACT DOT SPECIAL EVENTS (SPECIALEVENTS@DOT.NYC.GOV) FOR FURTHER INFORMATION. Note: Includes Front St btwn Hyland Blvd & Hannah St, Bay St btwn Hannah St & Richmond Terrace, Wall St btwn Richmond Terrace & Dead end, Williamsburg St W btwn Kent Ave & Flushing Ave, Flushing Ave btwn Williamsburg St W & Navy St, Trinity Pl btwn Morris St & Liberty St, Harlem River Dr btwn 63rd St Exit & 3rd Ave Bridge, Queensboro Bridge Exit btwn E 63st and E60st, Queensboro Brg, Pulaski Bridge,11st btwn 44th Dr & Pulaski Brg, Verranzo Brg, BQE Expway btw Verranzo Brg & BQE West Entrance Columbia St"
SE68Q4,0.00039318479685452164,WORK EMBARGO: 09/02 12:01AM - 09/16/2025 11:59PM FOR SPECIAL EVENT SQUID LOAD OUT / Curb Lane Only *NYC DOT REQUIRES FULL RESTORATION OF ROADWAY AND/OR SIDEWALK FOR PUBLIC USE AS IT RELATES TO THE EVENT. PLEASE CONTACT DOT SPECIAL EVENTS (SPECIALEVENTS@DOT.NYC.GOV) FOR FURTHER INFORMATION
SE7M42,0.00039318479685452164,WORK EMBARGO: 08/06/22 8am-8pm for 6 st festival. Full street closure. *NYC DOT REQUIRES FULL RESTORATION OF ROADWAY AND/OR SIDEWALK FOR PUBLIC USE AS IT RELATES TO THE EVENT. PLEASE CONTACT DOT SPECIAL EVENTS (SPECIALEVENTS@DOT.NYC.GOV) FOR FURTHER INFORMATION
SE65M0,0.00039318479685452164,WORK EMBARGO: 07/17/25 6am-11am for 2025 Soldier Ride New York. Full street closure. *NYC DOT requires full restoration of roadway and/or sidewalk for public use as it relates to the event. Please contact DOT Special Events (SpecialEvents@dot.nyc.gov) for further information. Note: Incudes Brooklyn Br
SE78J1,0.00039318479685452164,WORK EMBARGO: 12/15/24 7am-2pm for Antorcha Guadalupana 2024. Full street closure. *NYC DOT requires full restoration of roadway and/or sidewalk for public use as it relates to the event. Please contact DOT Special Events (SpecialEvents@dot.nyc.gov) for further information. Note: Includes Willis Ave Br
SE10T2,0.00039318479685452164,WORK EMBARGO: 12/18/2025 6:00AM - 12/23/2025 11:59PM for New Years Eve Numeral Delivery 2026. Pedestrian Plaza/ Sidewalk and Curb Lane Closure. NYC DOT REQUIRES FULL RESTORATION OF ROADWAY AND/OR SIDEWALK FOR PUBLIC USE AS IT RELATES TO THE EVENT. PLEASE CONTACT DOT SPECIAL EVENTS (SPECIALEVENTS@DOT.NYC.GOV) FOR FURTHER INFORMATION. Note: Includes Father Duffy Square.
SE10W3,0.00039318479685452164,WORK EMBARGO: 04/26/2026 11:00AM - 5:00PM for Annual Greek Independence Day Parade. Full Street Closure. *NYC DOT REQUIRES FULL RESTORATION OF ROADWAY AND/OR SIDEWALK FOR PUBLIC USE AS IT RELATES TO THE EVENT. PLEASE CONTACT DOT SPECIAL EVENTS (SPECIALEVENTS@DOT.NYC.GOV) FOR FURTHER INFORMATION
SE88J1,0.00039318479685452164,WORK EMBARGO: 11/25 10:00AM - 01/24/2024 11:00PM FOR SPECIAL EVENT Holidays on Madison Holiday Shopping Displays / Partial Sidewalk Closure *NYC DOT REQUIRES FULL RESTORATION OF ROADWAY AND/OR SIDEWALK FOR PUBLIC USE AS IT RELATES TO THE EVENT. PLEASE CONTACT DOT SPECIAL EVENTS (SPECIALEVENTS@DOT.NYC.GOV) FOR FURTHER INFORMATION
SE1O11,0.00039318479685452164,WORK EMBARGO: 10/23/22 5am-6pm for 2022 Bike MS: NYC. Full street closure. *NYC DOT REQUIRES FULL RESTORATION OF ROADWAY AND/OR SIDEWALK FOR PUBLIC USE AS IT RELATES TO THE EVENT. PLEASE CONTACT DOT SPECIAL EVENTS (SPECIALEVENTS@DOT.NYC.GOV) FOR FURTHER INFORMATION. Also includes: FDR between BATTERY PARK UNDERPASS and HARLEM RIVER DRIVE. West Side Hway/12 Ave/Henry Hudson Pkwy between Battery Place and
SE7H51,0.00039318479685452164,"WORK EMBARGO: 07/01/22 12:01am to 07/05/22 6am for 2022 Embargo Macy's 4th of July Annual Fireworks Celebration (Main). Full street closure. *NYC DOT REQUIRES FULL RESTORATION OF ROADWAY AND/OR SIDEWALK FOR PUBLIC USE AS IT RELATES TO THE EVENT. PLEASE CONTACT DOT SPECIAL EVENTS (SPECIALEVENTS@DOT.NYC.GOV) FOR FURTHER INFORMATION. Also includes all areas bounded by: Robt F Wagner Pl, South St, Water/Pearl Sts, Whitehall St. Also includes Furman St bet Old Fulton St and Joralemon St"
SE2S41,0.00039318479685452164,WORK EMBARGO: 05/01/2023 FOR SPECIAL EVENT Metropolitan Museum Costume Gala / Street Event ** TIME: 3PM - 11:59PM / Full Street Closure / Sidewalk and Street Closure *NYC DOT REQUIRES FULL RESTORATION OF ROADWAY AND/OR SIDEWALK FOR PUBLIC USE AS IT RELATES TO THE EVENT. PLEASE CONTACT DOT SPECIAL EVENTS (SPECIALEVENTS@DOT.NYC.GOV) FOR FURTHER INFORMATION
SE2S42,0.00039318479685452164,WORK EMBARGO: 05/11/2023 FOR SPECIAL EVENT Baruch in Concert / Plaza Event ** TIME: 12PM - 2:30PM / Pedestrian Plaza *NYC DOT REQUIRES FULL RESTORATION OF ROADWAY AND/OR SIDEWALK FOR PUBLIC USE AS IT RELATES TO THE EVENT. PLEASE CONTACT DOT SPECIAL EVENTS (SPECIALEVENTS@DOT.NYC.GOV) FOR FURTHER INFORMATION
SE20B5,0.00039318479685452164,WORK EMBARGO: 01/29 4PM - 01/31/2024 9AM FOR SPECIAL EVENT Thought Process / Curb Lane Only *NYC DOT REQUIRES FULL RESTORATION OF ROADWAY AND/OR SIDEWALK FOR PUBLIC USE AS IT RELATES TO THE EVENT. PLEASE CONTACT DOT SPECIAL EVENTS (SPECIALEVENTS@DOT.NYC.GOV) FOR FURTHER INFORMATION
SE2S61,0.00039318479685452164,WORK EMBARGO: 06/17/23 7am-7pm for Schomburg Center Literary Festival. Full street closure. *NYC DOT REQUIRES FULL RESTORATION OF ROADWAY AND/OR SIDEWALK FOR PUBLIC USE AS IT RELATES TO THE EVENT. PLEASE CONTACT DOT SPECIAL EVENTS (SPECIALEVENTS@DOT.NYC.GOV) FOR FURTHER INFORMATION
SE78C3,0.00039318479685452164,WORK EMBARGO: 10/19/2024 12AM - 9:30PM FOR SPECIAL EVENT AR Helping Hands Foundation Diwali at Times Square / Pedestrian Plaza *NYC DOT REQUIRES FULL RESTORATION OF ROADWAY AND/OR SIDEWALK FOR PUBLIC USE AS IT RELATES TO THE EVENT. PLEASE CONTACT DOT SPECIAL EVENTS (SPECIALEVENTS@DOT.NYC.GOV) FOR FURTHER INFORMATION
SE1T64,0.00039318479685452164,WORK EMBARGO: 08/20/23 7am-8pm for India Independence Day Show. Full street closure. *NYC DOT requires full restoration of roadway and/or sidewalk for public use as it relates to the event. Please contact DOT Special Events (specialevents@dot.nyc.gov) for further information.
SE7H12,0.00039318479685452164,WORK EMBARGO: 06/26/22 12:01am to 11:59pm for 2022 Embargo Heritage of Pride Festival (Event Day). Full street closure. *NYC DOT REQUIRES FULL RESTORATION OF ROADWAY AND/OR SIDEWALK FOR PUBLIC USE AS IT RELATES TO THE EVENT. PLEASE CONTACT DOT SPECIAL EVENTS (SPECIALEVENTS@DOT.NYC.GOV) FOR FURTHER INFORMATION
SE88T1,0.00039318479685452164,WORK EMBARGO: 09/19/2026 8:00AM - 8:00PM for 3rd Avenue Community Benefit Festival. Full Street Closure. *NYC DOT REQUIRES FULL RESTORATION OF ROADWAY AND/OR SIDEWALK FOR PUBLIC USE AS IT RELATES TO THE EVENT. PLEASE CONTACT DOT SPECIAL EVENTS (SPECIALEVENTS@DOT.NYC.GOV) FOR FURTHER INFORMATION
SE1S79,0.00039318479685452164,WORK EMBARGO: 06/03/23 8AM-8PM FOR TIMES SQUARE SPRINGFEST. Full street closure. *NYC DOT REQUIRES FULL RESTORATION OF ROADWAY AND/OR SIDEWALK FOR PUBLIC USE AS IT RELATES TO THE EVENT. PLEASE CONTACT DOT SPECIAL EVENTS (SPECIALEVENTS@DOT.NYC.GOV) FOR FURTHER INFORMATION
SE79J3,0.00039318479685452164,WORK EMBARGO: 07/20/25 8am-8pm for Midtown Fair. Full street closure. *NYC DOT requires full restoration of roadway and/or sidewalk for public use as it relates to the event. Please contact DOT Special Events (SpecialEvents@dot.nyc.gov) for further information.
SE76K9,0.00039318479685452164,WORK EMBARGO: 09/08/25 12:01am to 09/22/25 11:59pm for 2025 Embargo San Gennaro Feast - Sept 18-22. Full street closure. *NYC DOT requires full restoration of roadway and/or sidewalk for public use as it relates to the event. Please contact DOT Special Events (SpecialEvents@dot.nyc.gov) for further information.
SE76K7,0.00039318479685452164,WORK EMBARGO: 09/08/25 12:01am to 09/22/25 11:59pm for 2025 Embargo San Gennaro Feast - Sept 8-12. Full street closure. *NYC DOT requires full restoration of roadway and/or sidewalk for public use as it relates to the event. Please contact DOT Special Events (SpecialEvents@dot.nyc.gov) for further information.
SE12B8,0.00039318479685452164,WORK EMBARGO: 07/14/24 8am-8pm for Bastille Day Festival. Full street closure. *NYC DOT requires full restoration of roadway and/or sidewalk for public use as it relates to the event. Please contact DOT Special Events (SpecialEvents@dot.nyc.gov) for further information.
SE65B3,0.00039318479685452164,WORK EMBARGO: 03/19/2024 12AM - 6:30PM FOR SPECIAL EVENT Sandals Into The Blue / Pedestrian Plaza *NYC DOT REQUIRES FULL RESTORATION OF ROADWAY AND/OR SIDEWALK FOR PUBLIC USE AS IT RELATES TO THE EVENT. PLEASE CONTACT DOT SPECIAL EVENTS (SPECIALEVENTS@DOT.NYC.GOV) FOR FURTHER INFORMATION
SE89P0,0.00039318479685452164,WORK EMBARGO: 08/02/25 9am-1pm for The 100th Anniversary of The St.Luke AME Church. Full street closure. *NYC DOT requires full restoration of roadway and/or sidewalk for public use as it relates to the event. Please contact DOT Special Events (SpecialEvents@dot.nyc.gov) for further information.
SE76K8,0.00039318479685452164,WORK EMBARGO: 09/08/25 12:01am to 09/22/25 11:59pm for 2025 Embargo San Gennaro Feast - Sept 13-17. Full street closure. *NYC DOT requires full restoration of roadway and/or sidewalk for public use as it relates to the event. Please contact DOT Special Events (SpecialEvents@dot.nyc.gov) for further information.
SE89J1,0.00039318479685452164,WORK EMBARGO: 05/31/2025 8:00AM - 4:00PM FOR SPECIAL EVENT Imagining Perspective: Guggenheim/D75 Partnership Celebration / Full Street Closure *NYC DOT REQUIRES FULL RESTORATION OF ROADWAY AND/OR SIDEWALK FOR PUBLIC USE AS IT RELATES TO THE EVENT. PLEASE CONTACT DOT SPECIAL EVENTS (SPECIALEVENTS@DOT.NYC.GOV) FOR FURTHER INFORMATION
SE2O84,0.00039318479685452164,WORK EMBARGO: 08/27 12AM - 09/05/2022 4PM FOR SPECIAL EVENT Barnard College Move in / Production Event / Curb Lane Only *NYC DOT REQUIRES FULL RESTORATION OF ROADWAY AND/OR SIDEWALK FOR PUBLIC USE AS IT RELATES TO THE EVENT. PLEASE CONTACT DOT SPECIAL EVENTS (SPECIALEVENTS@DOT.NYC.GOV) FOR FURTHER INFORMATION
SE12B3,0.00039318479685452164,WORK EMBARGO: 07/07/24 8am-8pm for Lexington Avenue Fair. Full street closure. *NYC DOT requires full restoration of roadway and/or sidewalk for public use as it relates to the event. Please contact DOT Special Events (SpecialEvents@dot.nyc.gov) for further information.
SE1P77,0.00039318479685452164,WORK EMBARGO: 09/10 6AM - 09/11/2022 3:30PM FOR SPECIAL EVENT New Balance 5th Avenue Mile / Street Event / Full Street Closure *NYC DOT REQUIRES FULL RESTORATION OF ROADWAY AND/OR SIDEWALK FOR PUBLIC USE AS IT RELATES TO THE EVENT. PLEASE CONTACT DOT SPECIAL EVENTS (SPECIALEVENTS@DOT.NYC.GOV) FOR FURTHER INFORMATION
SE71G3,0.0002621231979030144,"WORK EMBARGO: 08/1/24 6am-6pm for Blue Knights NY2 LEMC 2024 Motorcycle Run and BBQ. Full street closure. *NYC DOT requires full restoration of roadway and/or sidewalk for public use as it relates to the event. Please contact DOT Special Events (SpecialEvents@dot.nyc.gov) for further information. Note: Includes Brooklyn Bridge, BQE / Exit 35-LIE/Midtown Tunnel, LIE / BQE-Van Dam St. Willis Ave Br."
SE98B4,0.0002621231979030144,WORK EMBARGO: 03/29/24 1pm-4pm for Our Lady of Lourdes Church- Good Friday 2024. Full street closure. *NYC DOT requires full restoration of roadway and/or sidewalk for public use as it relates to the event. Please contact DOT Special Events (SpecialEvents@dot.nyc.gov) for further information.
SE97N2,0.0002621231979030144,WORK EMBARGO: 09/06/25 8am-8pm for The Egyptian Heritage Day. Full street closure. *NYC DOT requires full restoration of roadway and/or sidewalk for public use as it relates to the event. Please contact DOT Special Events (SpecialEvents@dot.nyc.gov) for further information.
SE7Z09,0.0002621231979030144,WORK EMBARGO: 02/04/24 12:01am to 02/15/24 11:59pm for 2024 Embargo New York Fashion Week - Spring. Full street closure. *NYC DOT requires full restoration of roadway and/or sidewalk for public use as it relates to the event. Please contact DOT Special Events (SpecialEvents@dot.nyc.gov) for further information.
SE50R5,0.0002621231979030144,WORK EMBARGO: 09/06/2025 7:30AM - 12:00PM for Witness for Life. Full Street Closure. NYC DOT REQUIRES FULL RESTORATION OF ROADWAY AND/OR SIDEWALK FOR PUBLIC USE AS IT RELATES TO THE EVENT. PLEASE CONTACT DOT SPECIAL EVENTS (SPECIALEVENTS@DOT.NYC.GOV) FOR FURTHER INFORMATION
SE9Z59,0.0002621231979030144,WORK EMBARGO: 10/29/23 11am-5pm for Halloween Parade 2023. Full street closure. *NYC DOT requires full restoration of roadway and/or sidewalk for public use as it relates to the event. Please contact DOT Special Events (SpecialEvents@dot.nyc.gov) for further information.
SE7J31,0.0002621231979030144,WORK EMBARGO: 05/19/22 11am-5pm for Celebrate birth of Malcolm X. Full street closure. *NYC DOT REQUIRES FULL RESTORATION OF ROADWAY AND/OR SIDEWALK FOR PUBLIC USE AS IT RELATES TO THE EVENT. PLEASE CONTACT DOT SPECIAL EVENTS (SPECIALEVENTS@DOT.NYC.GOV) FOR FURTHER INFORMATION
SE51H2,0.0002621231979030144,WORK EMBARGO: 00/00 - 00/00/2016 FOR SPECIAL EVENT NAME TIME: 12:01 AM - 6 PM *NYC DOT REQUIRES FULL RESTORATION OF ROADWAY AND/OR SIDEWALK FOR PUBLIC USE AS IT RELATES TO THE EVENT. PLEASE CONTACT DOT SPECIAL EVENTS (SPECIALEVENTS@DOT.NYC.GOV) FOR FURTHER INFORMATION
SE49T3,0.0002621231979030144,WORK EMBARGO: 09/10/2026 12:00AM - 11:30PM FOR SPECIAL EVENT Global Sustainable Fashion Culture Exchange 2026 / Pedestrian Plaza *NYC DOT REQUIRES FULL RESTORATION OF ROADWAY AND/OR SIDEWALK FOR PUBLIC USE AS IT RELATES TO THE EVENT. PLEASE CONTACT DOT SPECIAL EVENTS (SPECIALEVENTS@DOT.NYC.GOV) FOR FURTHER INFORMATION
SE79U5,0.0002621231979030144,WORK EMBARGO: 10/15/2026 04:00PM - 11:00PM FOR SPECIAL EVENT Obie Awards / Curb Lane Only *NYC DOT REQUIRES FULL RESTORATION OF ROADWAY AND/OR SIDEWALK FOR PUBLIC USE AS IT RELATES TO THE EVENT. PLEASE CONTACT DOT SPECIAL EVENTS (SPECIALEVENTS@DOT.NYC.GOV) FOR FURTHER INFORMATION
SE51Q7,0.0002621231979030144,WORK EMBARGO: 09/04 08:00AM - 09/13/2025 03:00PM FOR SPECIAL EVENT Sanofi Private Event / Curb Lane Only *NYC DOT REQUIRES FULL RESTORATION OF ROADWAY AND/OR SIDEWALK FOR PUBLIC USE AS IT RELATES TO THE EVENT. PLEASE CONTACT DOT SPECIAL EVENTS (SPECIALEVENTS@DOT.NYC.GOV) FOR FURTHER INFORMATION ** Recurring Days Notes: 10 dates selected 09/04/2025 (Thursday) 09/05/2025 (Friday) 09/06/2025 (Saturday) 09/07/2025 (Sunday) 09/08/2025 (Monday) 09/09/2025 (Tuesday) 09/10/2025 (Wednesday) 09/11/2025 (Thursday) 09/12/2025 (Friday) 09/13/2025 (Saturday)
SE79S4,0.0002621231979030144,WORK EMBARGO: 11/26 12:00PM - 11/27/2025 05:00PM FOR SPECIAL EVENT Thanksgiving Day Dinner 2025 / Curb Lane Only *NYC DOT REQUIRES FULL RESTORATION OF ROADWAY AND/OR SIDEWALK FOR PUBLIC USE AS IT RELATES TO THE EVENT. PLEASE CONTACT DOT SPECIAL EVENTS (SPECIALEVENTS@DOT.NYC.GOV) FOR FURTHER INFORMATION
SE70J3,0.0002621231979030144,WORK EMBARGO: 05/03/25 8am-8pm for Manhattan Chamber of Commerce 2nd Ave Community Benefit Festival. Full street closure. *NYC DOT requires full restoration of roadway and/or sidewalk for public use as it relates to the event. Please contact DOT Special Events (SpecialEvents@dot.nyc.gov) for further information.
SE78T1,0.0002621231979030144,WORK EMBARGO: 06/06/2026 8:00AM - 8:00PM for 8th Avenue Midtown Fair. Full Street Closure.*NYC DOT REQUIRES FULL RESTORATION OF ROADWAY AND/OR SIDEWALK FOR PUBLIC USE AS IT RELATES TO THE EVENT. PLEASE CONTACT DOT SPECIAL EVENTS (SPECIALEVENTS@DOT.NYC.GOV) FOR FURTHER INFORMATION
SE53A5,0.0002621231979030144,WORK EMBARGO: 05/02/24 12:01am to 05/05/24 11:59pm for 2024 Embargo Five Boro Bike Tour 5 Days - Manhattan. Full street closure. *NYC DOT requires full restoration of roadway and/or sidewalk for public use as it relates to the event. Please contact DOT Special Events (SpecialEvents@dot.nyc.gov) for further information.
SE96Z9,0.0002621231979030144,WORK EMBARGO: 08/27/2026 10:30AM - 09:00PM FOR SPECIAL EVENT The New School 28th Annual Block Party / Full Street Closure *NYC DOT REQUIRES FULL RESTORATION OF ROADWAY AND/OR SIDEWALK FOR PUBLIC USE AS IT RELATES TO THE EVENT. PLEASE CONTACT DOT SPECIAL EVENTS (SPECIALEVENTS@DOT.NYC.GOV) FOR FURTHER INFORMATION
SE72B8,0.0002621231979030144,WORK EMBARGO: 05/10/24 9am-4pm for Falun Dafa Day Parade. Full street closure. *NYC DOT requires full restoration of roadway and/or sidewalk for public use as it relates to the event. Please contact DOT Special Events (SpecialEvents@dot.nyc.gov) for further information.
SE7U84,0.0002621231979030144,WORK EMBARGO: 04/20/2023 12:30PM - 3:30PM FOR SPECIAL EVENT Baruch Student Event / Pedestrian Plaza *NYC DOT REQUIRES FULL RESTORATION OF ROADWAY AND/OR SIDEWALK FOR PUBLIC USE AS IT RELATES TO THE EVENT. PLEASE CONTACT DOT SPECIAL EVENTS (SPECIALEVENTS@DOT.NYC.GOV) FOR FURTHER INFORMATION
SE4W63,0.0002621231979030144,WORK EMBARGO: 06/08/24 8am-6pm for 39th Immigrants Parade - International Cultures Celebration. Full street closure. *NYC DOT requires full restoration of roadway and/or sidewalk for public use as it relates to the event. Please contact DOT Special Events (SpecialEvents@dot.nyc.gov) for further information.
SE9M27,0.0002621231979030144,WORK EMBARGO: 09/18/2022 FOR SPECIAL EVENT Riverside Church Community Homecoming 2022 / Block Party ** TIME 9AM - 5PM / Full Street Closure *NYC DOT REQUIRES FULL RESTORATION OF ROADWAY AND/OR SIDEWALK FOR PUBLIC USE AS IT RELATES TO THE EVENT. PLEASE CONTACT DOT SPECIAL EVENTS (SPECIALEVENTS@DOT.NYC.GOV) FOR FURTHER INFORMATION
SE4K44,0.0002621231979030144,WORK EMBARGO: 10/02/22 6am-5pm for 6th Annual Disability Pride Parade. Full street closure. *NYC DOT REQUIRES FULL RESTORATION OF ROADWAY AND/OR SIDEWALK FOR PUBLIC USE AS IT RELATES TO THE EVENT. PLEASE CONTACT DOT SPECIAL EVENTS (SPECIALEVENTS@DOT.NYC.GOV) FOR FURTHER INFORMATION
SE9J31,0.0002621231979030144,WORK EMBARGO: 02/28 12AM - 03/31/2022 11:30PM FOR SPECIAL EVENT 5th Avenue Womens History Month / Street Event / Partial Sidewalk Closure *NYC DOT REQUIRES FULL RESTORATION OF ROADWAY AND/OR SIDEWALK FOR PUBLIC USE AS IT RELATES TO THE EVENT. PLEASE CONTACT DOT SPECIAL EVENTS (SPECIALEVENTS@DOT.NYC.GOV) FOR FURTHER INFORMATION
SE4L65,0.0002621231979030144,WORK EMBARGO: 05/15/22 5am-1:30pm for New York 5 Borough Great Strides. Full street closure. *NYC DOT REQUIRES FULL RESTORATION OF ROADWAY AND/OR SIDEWALK FOR PUBLIC USE AS IT RELATES TO THE EVENT. PLEASE CONTACT DOT SPECIAL EVENTS (SPECIALEVENTS@DOT.NYC.GOV) FOR FURTHER INFORMATION
SE9L99,0.0002621231979030144,WORK EMBARGO: 6AM 4/29/22 - 11:59PM 5/9/22 FOR SPECIAL EVENT Future Fair at Chelsea Industrial: 535-549 W. 28th St. TIME: 12:01 AM - 6 PM / CURB LANE ONLY / *NYC DOT REQUIRES FULL RESTORATION OF ROADWAY AND/OR SIDEWALK FOR PUBLIC USE AS IT RELATES TO THE EVENT. PLEASE CONTACT DOT SPECIAL EVENTS (SPECIALEVENTS@DOT.NYC.GOV) FOR FURTHER INFORMATION
SE9I09,0.0002621231979030144,WORK EMBARGO: 03/26/22 8am-8pm for Astor Place Festival. Full street closure. *NYC DOT REQUIRES FULL RESTORATION OF ROADWAY AND/OR SIDEWALK FOR PUBLIC USE AS IT RELATES TO THE EVENT. PLEASE CONTACT DOT SPECIAL EVENTS (SPECIALEVENTS@DOT.NYC.GOV) FOR FURTHER INFORMATION
SE49K7,0.0002621231979030144,WORK EMBARGO: 02/16/2025 7:00AM - 11:59PM FOR SPECIAL EVENT Tiffany and Co. Landmark Event at 727 Fifth Ave. / Curb Lane Only *NYC DOT REQUIRES FULL RESTORATION OF ROADWAY AND/OR SIDEWALK FOR PUBLIC USE AS IT RELATES TO THE EVENT. PLEASE CONTACT DOT SPECIAL EVENTS (SPECIALEVENTS@DOT.NYC.GOV) FOR FURTHER INFORMATION
SE99V7,0.0002621231979030144,WORK EMBARGO: 09/19/2026 10:00PM - 09/27/2026 10:00PM for Times Square Arts Fall Public Art Activation. Pedestrian Plaza. *NYC DOT REQUIRES FULL RESTORATION OF ROADWAY AND/OR SIDEWALK FOR PUBLIC USE AS IT RELATES TO THE EVENT. PLEASE CONTACT DOT SPECIAL EVENTS (SPECIALEVENTS@DOT.NYC.GOV) FOR FURTHER INFORMATION
SE9M06,0.0002621231979030144,WORK EMBARGO: 04/15/22 to 12/31/22 8am-8pm for East 78th Street Open Street. Full street closure. *NYC DOT REQUIRES FULL RESTORATION OF ROADWAY AND/OR SIDEWALK FOR PUBLIC USE AS IT RELATES TO THE EVENT. PLEASE CONTACT DOT (OPENSTREETS@DOT.NYC.GOV) FOR FURTHER INFORMATION
SE74A6,0.0002621231979030144,WORK EMBARGO: 03/24 12AM - 03/26/2024 11:59PM FOR SPECIAL EVENT NISSAN CAR EVENT / Pedestrian Plaza *NYC DOT REQUIRES FULL RESTORATION OF ROADWAY AND/OR SIDEWALK FOR PUBLIC USE AS IT RELATES TO THE EVENT. PLEASE CONTACT DOT SPECIAL EVENTS (SPECIALEVENTS@DOT.NYC.GOV) FOR FURTHER INFORMATION
SE73U9,0.0002621231979030144,"WORK EMBARGO: 09/14/2026 12:01AM - 09/28/2026 11:59PM for 2026 Embargo San Gennaro Feast. Full Street Closure. *NYC DOT REQUIRES FULL RESTORATION OF ROADWAY AND/OR SIDEWALK FOR PUBLIC USE AS IT RELATES TO THE EVENT. PLEASE CONTACT DOT SPECIAL EVENTS (SPECIALEVENTS@DOT.NYC.GOV) FOR FURTHER INFORMATION. Note: Include Cleveland Place between Broome Street and Spring Street,"
SE73U5,0.0002621231979030144,WORK EMBARGO: 10/10/2026 04:00AM - 08:00PM FOR SPECIAL EVENT Alpha Win Big Apple Triathlon / Sidewalk and Street Closure *NYC DOT REQUIRES FULL RESTORATION OF ROADWAY AND/OR SIDEWALK FOR PUBLIC USE AS IT RELATES TO THE EVENT. PLEASE CONTACT DOT SPECIAL EVENTS (SPECIALEVENTS@DOT.NYC.GOV) FOR FURTHER INFORMATION
SE4S35,0.0002621231979030144,WORK EMBARGO: 08/26/23 8AM-8PM FOR Broadway Festival. Full Street Closure *NYC DOT REQUIRES FULL RESTORATION OF ROADWAY AND/OR SIDEWALK FOR PUBLIC USE AS IT RELATES TO THE EVENT. PLEASE CONTACT DOT SPECIAL EVENTS (SPECIALEVENTS@DOT.NYC.GOV) FOR FURTHER INFORMATION
SE76V3,0.0002621231979030144,WORK EMBARGO: 05/13/2026 12:00AM - 10:00PM FOR SPECIAL EVENT Bloomberg Square Mile Relay / Full Street Closure *NYC DOT REQUIRES FULL RESTORATION OF ROADWAY AND/OR SIDEWALK FOR PUBLIC USE AS IT RELATES TO THE EVENT. PLEASE CONTACT DOT SPECIAL EVENTS (SPECIALEVENTS@DOT.NYC.GOV) FOR FURTHER INFORMATION
SE9T46,0.0002621231979030144,WORK EMBARGO: 06/10/23 4am-11am for 2023 Mastercard New York Mini 10K. Full street closure. *NYC DOT requires full restoration of roadway and/or sidewalk for public use as it relates to the event. Please contact DOT Special Events (specialevents@dot.nyc.gov) for further information.
SE4S55,0.0002621231979030144,WORK EMBARGO: 05/04/23 8am-7pm for New York Tech MayFest. Full street closure. *NYC DOT requires full restoration of roadway and/or sidewalk for public use as it relates to the event. Please contact DOT Special Events (specialevents@dot.nyc.gov) for further information.
SE7Q14,0.0002621231979030144,"WORK EMBARGO: 10/02/22 8am-4pm for Salute to veterans. Rolling street closure. *NYC DOT REQUIRES FULL RESTORATION OF ROADWAY AND/OR SIDEWALK FOR PUBLIC USE AS IT RELATES TO THE EVENT. PLEASE CONTACT DOT SPECIAL EVENTS (SPECIALEVENTS@DOT.NYC.GOV) FOR FURTHER INFORMATION. Also includes: Verazanno Br, Brooklyn Br, Madison Ave Br, MAJOR DEEGAN EXP EXIT 9 between MAJOR DEEGAN EXP EXIT, UNIV HEIGHTS BR BIKE & PED PATH between W FORDHAM RD and W 207 ST,"
SE9O99,0.0002621231979030144,WORK EMBARGO: 07/21/22 12:01am to 07/22/22 11:%9pm for NYC/DOT/OSE Construction Embargo 2022. Full street closure. *NYC DOT REQUIRES FULL RESTORATION OF ROADWAY AND/OR SIDEWALK FOR PUBLIC USE AS IT RELATES TO THE EVENT. PLEASE CONTACT DOT SPECIAL EVENTS (SPECIALEVENTS@DOT.NYC.GOV) FOR FURTHER INFORMATION
SE7I11,0.0002621231979030144,WORK EMBARGO: 05/28/22 8am-8pm for Avenue of Americas Springfest. Full street closure. *NYC DOT REQUIRES FULL RESTORATION OF ROADWAY AND/OR SIDEWALK FOR PUBLIC USE AS IT RELATES TO THE EVENT. PLEASE CONTACT DOT SPECIAL EVENTS (SPECIALEVENTS@DOT.NYC.GOV) FOR FURTHER INFORMATION
SE7S40,0.0002621231979030144,WORK EMBARGO:10/05/23 12am-10pm for Bloomberg Square Mile Relay. Full street closure. *NYC DOT requires full restoration of roadway and/or sidewalk for public use as it relates to the event. Please contact DOT Special Events (specialevents@dot.nyc.gov) for further information.
SE7U21,0.0002621231979030144,WORK EMBARGO: 04/24 9AM - 05/31/2023 10PM FOR SPECIAL EVENT Madison Avenue Design Month / Partial Sidewalk Closure *NYC DOT REQUIRES FULL RESTORATION OF ROADWAY AND/OR SIDEWALK FOR PUBLIC USE AS IT RELATES TO THE EVENT. PLEASE CONTACT DOT SPECIAL EVENTS (SPECIALEVENTS@DOT.NYC.GOV) FOR FURTHER INFORMATION
SE72X3,0.0002621231979030144,WORK EMBARGO: 06/02/2026 12:00AM - 07:00PM FOR SPECIAL EVENT Morgan Stanley Food Drive / Pedestrian Plaza *NYC DOT REQUIRES FULL RESTORATION OF ROADWAY AND/OR SIDEWALK FOR PUBLIC USE AS IT RELATES TO THE EVENT. PLEASE CONTACT DOT SPECIAL EVENTS (SPECIALEVENTS@DOT.NYC.GOV) FOR FURTHER INFORMATION
SE9T45,0.0002621231979030144,WORK EMBARGO: 06/10/23 4am-11am for 2023 Mastercard New York Mini 10K. Full street closure. *NYC DOT requires full restoration of roadway and/or sidewalk for public use as it relates to the event. Please contact DOT Special Events (specialevents@dot.nyc.gov) for further information.
SE9J14,0.0002621231979030144,WORK EMBARGO: 05/02/2022 FOR SPECIAL EVENT Metropolitan Museum Costume Gala / Street Event ** TIME: 8AM - 11:59PM / Full Street Closure -5TH AVE / Sidewalk and Street Closure -Madison Av / Full Street Closure -E.83 St *NYC DOT REQUIRES FULL RESTORATION OF ROADWAY AND/OR SIDEWALK FOR PUBLIC USE AS IT RELATES TO THE EVENT. PLEASE CONTACT DOT SPECIAL EVENTS (SPECIALEVENTS@DOT.NYC.GOV) FOR FURTHER INFORMATION
SE4V97,0.0002621231979030144,Work Embargo: 05/01/23 to 11/01/23 8am-8pm for SPRING STREET Open Street. Full street closure. *NYC DOT requires full restoration of roadway and/or sidewalk for public use as it relates to the event. Please contact DOT Special Events (specialevents@dot.nyc.gov) for further information.
SE4W39,0.0002621231979030144,WORK EMBARGO: 10/01/23 5am-2pm for New York City Triathlon. Full street closure. *NYC DOT requires full restoration of roadway and/or sidewalk for public use as it relates to the event. Please contact DOT Special Events (SpecialEvents@dot.nyc.gov) for further information.
SE79Y8,0.0002621231979030144,WORK EMBARGO: 09/28 06:00AM - 10/10/2026 11:59PM FOR SPECIAL EVENT AD Week 2026 at 100 W. 33rd St. / Curb Lane Only *NYC DOT REQUIRES FULL RESTORATION OF ROADWAY AND/OR SIDEWALK FOR PUBLIC USE AS IT RELATES TO THE EVENT. PLEASE CONTACT DOT SPECIAL EVENTS (SPECIALEVENTS@DOT.NYC.GOV) FOR FURTHER INFORMATION
SE96M4,0.0002621231979030144,WORK EMBARGO: 05/18/25 11am-6pm for NEPAL DAY PARADE 2025. Full street closure. *NYC DOT requires full restoration of roadway and/or sidewalk for public use as it relates to the event. Please contact DOT Special Events (SpecialEvents@dot.nyc.gov) for further information.
SE8I99,0.0002621231979030144,WORK EMBARGO: 09/27 12AM - 10/03/2022 12PM FOR SPECIAL EVENT Curtains Up Broadway / Plaza Partner Event / Pedestrian Plaza / Full Street Closure *NYC DOT REQUIRES FULL RESTORATION OF ROADWAY AND/OR SIDEWALK FOR PUBLIC USE AS IT RELATES TO THE EVENT. PLEASE CONTACT DOT SPECIAL EVENTS (SPECIALEVENTS@DOT.NYC.GOV) FOR FURTHER INFORMATION
SE54I5,0.0002621231979030144,WORK EMBARGO: 11/09/24 1pm-4pm for RCA Day 2024. Full street closure. *NYC DOT requires full restoration of roadway and/or sidewalk for public use as it relates to the event. Please contact DOT Special Events (SpecialEvents@dot.nyc.gov) for further information.
SE5R96,0.0002621231979030144,WORK EMBARGO: 09/04/23 12:01am to 09/16/23 11:59pm for 2023 Embargo New York Fashion Week (Fall). Full street closure. *NYC DOT REQUIRES FULL RESTORATION OF ROADWAY AND/OR SIDEWALK FOR PUBLIC USE AS IT RELATES TO THE EVENT. PLEASE CONTACT DOT SPECIAL EVENTS (SPECIALEVENTS@DOT.NYC.GOV) FOR FURTHER INFORMATION. Note: Also includes each St bet Varick St - West Broadway
SE66K2,0.0002621231979030144,WORK EMBARGO: 09/18/25 8am-8pm for ST AGNES COMMUNITY FAIR. Full street closure. *NYC DOT requires full restoration of roadway and/or sidewalk for public use as it relates to the event. Please contact DOT Special Events (SpecialEvents@dot.nyc.gov) for further information.
SE67J2,0.0002621231979030144,WORK EMBARGO: 11/25 6:00PM - 11/28/2024 7:30PM FOR SPECIAL EVENT 98th Annual Macys Thanksgiving Day Parade / Curb Lane Only / Full Sidewalk Closure *NYC DOT REQUIRES FULL RESTORATION OF ROADWAY AND/OR SIDEWALK FOR PUBLIC USE AS IT RELATES TO THE EVENT. PLEASE CONTACT DOT SPECIAL EVENTS (SPECIALEVENTS@DOT.NYC.GOV) FOR FURTHER INFORMATION
SE5V60,0.0002621231979030144,Work Embargo: 08/26/23 10:30am-4pm for GoTopless Day. Full street closure. *NYC DOT requires full restoration of roadway and/or sidewalk for public use as it relates to the event. Please contact DOT Special Events (specialevents@dot.nyc.gov) for further information.
SE67K2,0.0002621231979030144,WORK EMBARGO: 11/13/25 8am-8pm for FINANCIAL COMMUNITY FALL FAIR. Full street closure. *NYC DOT requires full restoration of roadway and/or sidewalk for public use as it relates to the event. Please contact DOT Special Events (SpecialEvents@dot.nyc.gov) for further information.
SE5T25,0.0002621231979030144,"WORK EMBARGO: 07/13/23 6am-11am for 2023 Soldier Ride New York. Rolling street closure. *NYC DOT requires full restoration of roadway and/or sidewalk for public use as it relates to the event. Please contact DOT Special Events (specialevents@dot.nyc.gov) for further information. Also includes: Brooklyn Bridge Eastbound Rd 1, Shore Pkwy bet Bay Ridge Ave- Cropsey Ave,"
SE8Z20,0.0002621231979030144,WORK EMBARGO: 11/05 6AM - 11/08/2023 11:59PM FOR SPECIAL EVENT Foursquare 2023 Private Event at The Pierre Hotel: 2 E. 61ST ST. / Curb Lane Only *NYC DOT REQUIRES FULL RESTORATION OF ROADWAY AND/OR SIDEWALK FOR PUBLIC USE AS IT RELATES TO THE EVENT. PLEASE CONTACT DOT SPECIAL EVENTS (SPECIALEVENTS@DOT.NYC.GOV) FOR FURTHER INFORMATION
SE5S52,0.0002621231979030144,WORK EMBARGO: 03/11/2023 FOR SPECIAL EVENT Dance Flash Mob for Out Students / Plaza Event ** TIME: 4PM - 6PM / Partial Sidewalk Closure 7 AV / Pedestrian Plaza BWY *NYC DOT REQUIRES FULL RESTORATION OF ROADWAY AND/OR SIDEWALK FOR PUBLIC USE AS IT RELATES TO THE EVENT. PLEASE CONTACT DOT SPECIAL EVENTS (SPECIALEVENTS@DOT.NYC.GOV) FOR FURTHER INFORMATION
SE88D7,0.0002621231979030144,WORK EMBARGO: 03/15/24 to 12/31/24 10:30pm-11:30pm for MULBERRY STREET OPEN STREET. Full street closure. *NYC DOT requires full restoration of roadway and/or sidewalk for public use as it relates to the event. Please contact DOT Special Events (SpecialEvents@dot.nyc.gov) for further information.
SE5R39,0.0002621231979030144,WORK EMBARGO: 12/12/22 5:30am-7pm for Carrera Antorcha Guadalupana Mexico New York 2022. Full street closure. *NYC DOT REQUIRES FULL RESTORATION OF ROADWAY AND/OR SIDEWALK FOR PUBLIC USE AS IT RELATES TO THE EVENT. PLEASE CONTACT DOT SPECIAL EVENTS (SPECIALEVENTS@DOT.NYC.GOV) FOR FURTHER INFORMATION
SE54J2,0.0002621231979030144,WORK EMBARGO: 12/08/24 7:30am-12:30pm for Antorcha Guadalupana Manhattan/Bronx. Full street closure. *NYC DOT requires full restoration of roadway and/or sidewalk for public use as it relates to the event. Please contact DOT Special Events (SpecialEvents@dot.nyc.gov) for further information. Note: includes Wills Ave Br
SE69R6,0.0002621231979030144,WORK EMBARGO: 09/11 12:00AM - 09/25/2025 11:59PM FOR SPECIAL EVENT CIPRIANI EVENTS / Curb Lane Only *NYC DOT REQUIRES FULL RESTORATION OF ROADWAY AND/OR SIDEWALK FOR PUBLIC USE AS IT RELATES TO THE EVENT. PLEASE CONTACT DOT SPECIAL EVENTS (SPECIALEVENTS@DOT.NYC.GOV) FOR FURTHER INFORMATION
SE69T3,0.0002621231979030144,WORK EMBARGO: 05/21 12:01AM - 05/22/2026 11:59PM FOR SPECIAL EVENT 2-Frieze Art Fair 2026 at The Shed at Hudson Yards: 545 W. 30th St. / Curb Lane Only *NYC DOT REQUIRES FULL RESTORATION OF ROADWAY AND/OR SIDEWALK FOR PUBLIC USE AS IT RELATES TO THE EVENT. PLEASE CONTACT DOT SPECIAL EVENTS (SPECIALEVENTS@DOT.NYC.GOV) FOR FURTHER INFORMATION
SE5O87,0.0002621231979030144,WORK EMBARGO: 10/01/22 9am-2pm for Desfile Mariano de Nueva York. Full street closure. *NYC DOT REQUIRES FULL RESTORATION OF ROADWAY AND/OR SIDEWALK FOR PUBLIC USE AS IT RELATES TO THE EVENT. PLEASE CONTACT DOT SPECIAL EVENTS (SPECIALEVENTS@DOT.NYC.GOV) FOR FURTHER INFORMATION
SE90B5,0.0002621231979030144,WORK EMBARGO: 07/21 12AM - 07/26/2024 11:30PM FOR SPECIAL EVENT Wonderama Summer TV Shoot / Pedestrian Plaza *NYC DOT REQUIRES FULL RESTORATION OF ROADWAY AND/OR SIDEWALK FOR PUBLIC USE AS IT RELATES TO THE EVENT. PLEASE CONTACT DOT SPECIAL EVENTS (SPECIALEVENTS@DOT.NYC.GOV) FOR FURTHER INFORMATION
SE69T4,0.0002621231979030144,WORK EMBARGO: 05/06 12:01AM - 05/20/2026 11:59PM FOR SPECIAL EVENT 1-Frieze Art Fair 2026 at The Shed at Hudson Yards: 545 W. 30th St. / Curb Lane Only / *NYC DOT REQUIRES FULL RESTORATION OF ROADWAY AND/OR SIDEWALK FOR PUBLIC USE AS IT RELATES TO THE EVENT. PLEASE CONTACT DOT SPECIAL EVENTS (SPECIALEVENTS@DOT.NYC.GOV) FOR FURTHER INFORMATION
SE69U6,0.0002621231979030144,WORK EMBARGO: 05/14/2026 4:00PM - 10:30PM for American Heart Association Wall Street Run and Heart Walk. Full Street Closure. *NYC DOT REQUIRES FULL RESTORATION OF ROADWAY AND/OR SIDEWALK FOR PUBLIC USE AS IT RELATES TO THE EVENT. PLEASE CONTACT DOT SPECIAL EVENTS (SPECIALEVENTS@DOT.NYC.GOV) FOR FURTHER INFORMATION
SE5I65,0.0002621231979030144,WORK EMBARGO: 06/11/22 8am-5pm for 37th Immigrant's Parade - International Cultures Celebration. Full street closure. *NYC DOT REQUIRES FULL RESTORATION OF ROADWAY AND/OR SIDEWALK FOR PUBLIC USE AS IT RELATES TO THE EVENT. PLEASE CONTACT DOT SPECIAL EVENTS (SPECIALEVENTS@DOT.NYC.GOV) FOR FURTHER INFORMATION
SE6H50,0.0002621231979030144,WORK EMBARGO: 09/17/22 12:01am to 09/21/22 11:59pm for 2022 Embargo San Gennaro Feast (9/17 to 9/21). Full street closure. *NYC DOT REQUIRES FULL RESTORATION OF ROADWAY AND/OR SIDEWALK FOR PUBLIC USE AS IT RELATES TO THE EVENT. PLEASE CONTACT DOT SPECIAL EVENTS (SPECIALEVENTS@DOT.NYC.GOV) FOR FURTHER INFORMATION
SE88I9,0.0002621231979030144,"WORK EMBARGO: 12/06/25 11am-3pm for NYC Law Enforcement Rockefeller Center Toys for Tots Police Charity Motorcycle Parade. Rolling street closure. *NYC DOT requires full restoration of roadway and/or sidewalk for public use as it relates to the event. Please contact DOT Special Events (SpecialEvents@dot.nyc.gov) for further information. Note: Includes Verrazano Br, Brooklyn Br"
SE5X27,0.0002621231979030144,WORK EMBARGO: 09/02/23 10:30am-4pm for Animal Rights March. Full street closure. *NYC DOT requires full restoration of roadway and/or sidewalk for public use as it relates to the event. Please contact DOT Special Events (SpecialEvents@dot.nyc.gov) for further information.
SE5Y25,0.0002621231979030144,WORK EMBARGO: 09.30.2023 3:30pm-5:30pm for KOREA PEACE RALLY MARCH. Full street closure. *NYC DOT requires full restoration of roadway andor sidewalk for public use as it relates to the event. Please contact DOT Special Events (SpecialEvents@dot.nyc.gov) for further information.
SE8S61,0.0002621231979030144,WORK EMBARGO: 09/17/23 9am-6pm for 54th Annual African American Day Parade. Full street closure. *NYC DOT requires full restoration of roadway and/or sidewalk for public use as it relates to the event. Please contact DOT Special Events (specialevents@dot.nyc.gov) for further information.
SE65K2,0.0002621231979030144,WORK EMBARGO: 08/03/25 8am-8pm for SWING STREET BLOCK PARTY. Full street closure. *NYC DOT requires full restoration of roadway and/or sidewalk for public use as it relates to the event. Please contact DOT Special Events (SpecialEvents@dot.nyc.gov) for further information.
SE65K9,0.0002621231979030144,WORK EMBARGO: 09/04/25 8am-8pm for WORLD TRADE CENTER BLOCK PARTY. Full street closure. *NYC DOT requires full restoration of roadway and/or sidewalk for public use as it relates to the event. Please contact DOT Special Events (SpecialEvents@dot.nyc.gov) for further information.
SE63D3,0.0002621231979030144,WORK EMBARGO: 05/04 12:01AM - 05/09/2024 11:59PM FOR SPECIAL EVENT AC Wooster Street Production Parking / Curb Lane Only *NYC DOT REQUIRES FULL RESTORATION OF ROADWAY AND/OR SIDEWALK FOR PUBLIC USE AS IT RELATES TO THE EVENT. PLEASE CONTACT DOT SPECIAL EVENTS (SPECIALEVENTS@DOT.NYC.GOV) FOR FURTHER INFORMATION
SE63A4,0.0002621231979030144,WORK EMBARGO: 08/25/24 10am-6pm for Pakistan Independence Day Celebration. Full street closure. *NYC DOT requires full restoration of roadway and/or sidewalk for public use as it relates to the event. Please contact DOT Special Events (SpecialEvents@dot.nyc.gov) for further information.
SE8K24,0.0002621231979030144,WORK EMBARGO: 05/13/22 9am-4pm for Falun Dafa Day Parade. Full street closure. *NYC DOT REQUIRES FULL RESTORATION OF ROADWAY AND/OR SIDEWALK FOR PUBLIC USE AS IT RELATES TO THE EVENT. PLEASE CONTACT DOT SPECIAL EVENTS (SPECIALEVENTS@DOT.NYC.GOV) FOR FURTHER INFORMATION
SE8K27,0.0002621231979030144,WORK EMBARGO: 05/21/22 6am-1pm for Lung Force Walk. Full street closure. *NYC DOT REQUIRES FULL RESTORATION OF ROADWAY AND/OR SIDEWALK FOR PUBLIC USE AS IT RELATES TO THE EVENT. PLEASE CONTACT DOT SPECIAL EVENTS (SPECIALEVENTS@DOT.NYC.GOV) FOR FURTHER INFORMATION. Also includes: State St btwn Whitehall St-Little West St. BATTERY PLACE between STATE STREET and LITTLE WEST STREET.
SE62K6,0.0002621231979030144,WORK EMBARGO: 04/27/25 8:30am-2:30pm for Persian Day Parade. Full street closure. *NYC DOT requires full restoration of roadway and/or sidewalk for public use as it relates to the event. Please contact DOT Special Events (SpecialEvents@dot.nyc.gov) for further information.
SE8M29,0.0002621231979030144,WORK EMBARGO: 04/15/22 to 12/31/22 8am-8pm for East 82nd Street Open Street. Full street closure. *NYC DOT REQUIRES FULL RESTORATION OF ROADWAY AND/OR SIDEWALK FOR PUBLIC USE AS IT RELATES TO THE EVENT. PLEASE CONTACT DOT (OPENSTREETS@DOT.NYC.GOV) FOR FURTHER INFORMATION
SE8M93,0.0002621231979030144,WORK EMBARGO: 08/21/22 12pm-6pm for 133rd Annual St Rocco Feast Parade. Full street closure. *NYC DOT REQUIRES FULL RESTORATION OF ROADWAY AND/OR SIDEWALK FOR PUBLIC USE AS IT RELATES TO THE EVENT. PLEASE CONTACT DOT SPECIAL EVENTS (SPECIALEVENTS@DOT.NYC.GOV) FOR FURTHER INFORMATION
SE8Q01,0.0002621231979030144,WORK EMBARGO: 05/12/23 3pm to 05/13/23 11pm for Japan Parade. Full street closure. *NYC DOT REQUIRES FULL RESTORATION OF ROADWAY AND/OR SIDEWALK FOR PUBLIC USE AS IT RELATES TO THE EVENT. PLEASE CONTACT DOT SPECIAL EVENTS (SPECIALEVENTS@DOT.NYC.GOV) FOR FURTHER INFORMATION
SE65Z6,0.0002621231979030144,WORK EMBARGO: 08/27/2026 11:30PM - 09/07/2026 11:30PM for New York Proud Photoville exhibition. Pedestrian Plaza.*NYC DOT REQUIRES FULL RESTORATION OF ROADWAY AND/OR SIDEWALK FOR PUBLIC USE AS IT RELATES TO THE EVENT. PLEASE CONTACT DOT SPECIAL EVENTS (SPECIALEVENTS@DOT.NYC.GOV) FOR FURTHER INFORMATION
SE88P5,0.0002621231979030144,WORK EMBARGO: 10/04 12:00AM - 10/07/2025 11:30PM FOR SPECIAL EVENT The Road Activation / Pedestrian Plaza *NYC DOT REQUIRES FULL RESTORATION OF ROADWAY AND/OR SIDEWALK FOR PUBLIC USE AS IT RELATES TO THE EVENT. PLEASE CONTACT DOT SPECIAL EVENTS (SPECIALEVENTS@DOT.NYC.GOV) FOR FURTHER INFORMATION
SE8Q14,0.0002621231979030144,WORK EMBARGO: 11/06/2022 FOR SPECIAL EVENT Art Walk / Street Event ** TIME: 8AM - 6PM / Sidewalk and Curb Lane Closure *NYC DOT REQUIRES FULL RESTORATION OF ROADWAY AND/OR SIDEWALK FOR PUBLIC USE AS IT RELATES TO THE EVENT. PLEASE CONTACT DOT SPECIAL EVENTS (SPECIALEVENTS@DOT.NYC.GOV) FOR FURTHER INFORMATION
SE60H3,0.0002621231979030144,WORK EMBARGO: 09/07/24 1pm-3:30pm for Procession for the Feast of the Nativity of Mary. Full street closure. *NYC DOT requires full restoration of roadway and/or sidewalk for public use as it relates to the event. Please contact DOT Special Events (SpecialEvents@dot.nyc.gov) for further information.
SE8Q22,0.0002621231979030144,WORK EMBARGO: 11/20/22 10:30am-12:15pm for Our Lady of Quinche. Full street closure. *NYC DOT REQUIRES FULL RESTORATION OF ROADWAY AND/OR SIDEWALK FOR PUBLIC USE AS IT RELATES TO THE EVENT. PLEASE CONTACT DOT SPECIAL EVENTS (SPECIALEVENTS@DOT.NYC.GOV) FOR FURTHER INFORMATION. Also includes: 9 Ave btwn W 14 St and W 13 St
SE60F4,0.0002621231979030144,"WORK EMBARGO: 08/11/24 8am-4pm for Dominican Day Parade, Inc.. Full street closure. *NYC DOT requires full restoration of roadway and/or sidewalk for public use as it relates to the event. Please contact DOT Special Events (SpecialEvents@dot.nyc.gov) for further information."
SE8R39,0.0002621231979030144,WORK EMBARGO: 12/04/2022 FOR SPECIAL EVENT Santa Rescue / Street Event ** TIME: 11AM - 1:30PM / Full Sidewalk Closure *NYC DOT REQUIRES FULL RESTORATION OF ROADWAY AND/OR SIDEWALK FOR PUBLIC USE AS IT RELATES TO THE EVENT. PLEASE CONTACT DOT SPECIAL EVENTS (SPECIALEVENTS@DOT.NYC.GOV) FOR FURTHER INFORMATION
SE86T5,0.0002621231979030144,WORK EMBARGO: 07/26/2026 8:00AM - 8:00PM for LEXINGTON AVENUE SUMMERFEST. Full Street Closure.*NYC DOT REQUIRES FULL RESTORATION OF ROADWAY AND/OR SIDEWALK FOR PUBLIC USE AS IT RELATES TO THE EVENT. PLEASE CONTACT DOT SPECIAL EVENTS (SPECIALEVENTS@DOT.NYC.GOV) FOR FURTHER INFORMATION
SE90G4,0.0002621231979030144,WORK EMBARGO: 10/20/24 3pm-9:30pm for Religious Procession of our Lord of Miracles. Full street closure. *NYC DOT requires full restoration of roadway and/or sidewalk for public use as it relates to the event. Please contact DOT Special Events (SpecialEvents@dot.nyc.gov) for further information.
SE6H51,0.0002621231979030144,WORK EMBARGO: 09/22/22 12:01am to 09/26/22 11:59pm for 2022 Embargo San Gennaro Feast (9/22 to 9/26). Full street closure. *NYC DOT REQUIRES FULL RESTORATION OF ROADWAY AND/OR SIDEWALK FOR PUBLIC USE AS IT RELATES TO THE EVENT. PLEASE CONTACT DOT SPECIAL EVENTS (SPECIALEVENTS@DOT.NYC.GOV) FOR FURTHER INFORMATION
SE6S49,0.0002621231979030144,WORK EMBARGO: 09/02/2023 8AM - 8PM FOR SPECIAL EVENT BROADWAY VILLAGE FAIR . Street Festival . Full Street Closure *NYC DOT REQUIRES FULL RESTORATION OF ROADWAY AND/OR SIDEWALK FOR PUBLIC USE AS IT RELATES TO THE EVENT. PLEASE CONTACT DOT SPECIAL EVENTS (SPECIALEVENTS@DOT.NYC.GOV) FOR FURTHER INFORMATION
SE57I6,0.0002621231979030144,WORK EMBARGO: 11/2712PM - 11/29/2024 9AM FOR SPECIAL EVENT Thanksgiving Day Dinner 2024 / Curb Lane Only *NYC DOT REQUIRES FULL RESTORATION OF ROADWAY AND/OR SIDEWALK FOR PUBLIC USE AS IT RELATES TO THE EVENT. PLEASE CONTACT DOT SPECIAL EVENTS (SPECIALEVENTS@DOT.NYC.GOV) FOR FURTHER INFORMATION
SE8125,0.0002621231979030144,WORK EMBARGO: 12/05/2016 FOR SPECIAL EVENT WB Bus Tour TIME: 1pm - 5pm / Street Event / Curb Lane Only * *NYC DOT MAY REQUIRE FULL RESTORATION OF ROADWAY AND/OR SIDEWALK FOR PUBLIC USE AS IT RELATES TO THE EVENT. PLEASE CONTACT DOT SPECIAL EVENTS (SPECIALEVENTS@DOT.NYC.GOV)  FOR FURTHER INFORMATION
SE6U40,0.0002621231979030144,WORK EMBARGO: 05/14/2023 4:30PM - 11:30PM FOR SPECIAL EVENT Piroozian Wedding / Curb Lane Only *NYC DOT REQUIRES FULL RESTORATION OF ROADWAY AND/OR SIDEWALK FOR PUBLIC USE AS IT RELATES TO THE EVENT. PLEASE CONTACT DOT SPECIAL EVENTS (SPECIALEVENTS@DOT.NYC.GOV) FOR FURTHER INFORMATION
SE56Y6,0.0002621231979030144,WORK EMBARGO: 07/24/2026 10:00AM - 07:00PM FOR SPECIAL EVENT 576 Crew Block Party / Full Street Closure *NYC DOT REQUIRES FULL RESTORATION OF ROADWAY AND/OR SIDEWALK FOR PUBLIC USE AS IT RELATES TO THE EVENT. PLEASE CONTACT DOT SPECIAL EVENTS (SPECIALEVENTS@DOT.NYC.GOV) FOR FURTHER INFORMATION
SE80U3,0.0002621231979030144,WORK EMBARGO: 07/25/2026 2:00PM - 6:30PM for BARAAT PROCESSION. Full Street Closure. *NYC DOT REQUIRES FULL RESTORATION OF ROADWAY AND/OR SIDEWALK FOR PUBLIC USE AS IT RELATES TO THE EVENT. PLEASE CONTACT DOT SPECIAL EVENTS (SPECIALEVENTS@DOT.NYC.GOV) FOR FURTHER INFORMATION
SE56U0,0.0002621231979030144,WORK EMBARGO: 10/01/2026 12:00AM - 10:30PM FOR SPECIAL EVENT FaceTime with Todd Wharton Live / Pedestrian Plaza *NYC DOT REQUIRES FULL RESTORATION OF ROADWAY AND/OR SIDEWALK FOR PUBLIC USE AS IT RELATES TO THE EVENT. PLEASE CONTACT DOT SPECIAL EVENTS (SPECIALEVENTS@DOT.NYC.GOV) FOR FURTHER INFORMATION
SE93M0,0.0002621231979030144,WORK EMBARGO: 06/29/2025 12:01AM - 11:59PM FOR SPECIAL EVENT 2025 -NYC GOAL PRIDE Registration and Muster Area 501c3 Fundraiser / Curb Lane Only *NYC DOT REQUIRES FULL RESTORATION OF ROADWAY AND/OR SIDEWALK FOR PUBLIC USE AS IT RELATES TO THE EVENT. PLEASE CONTACT DOT SPECIAL EVENTS (SPECIALEVENTS@DOT.NYC.GOV) FOR FURTHER INFORMATION
SE6V63,0.0002621231979030144,Work Embargo: 05/04/23 to 10/26/23 8am-8pm for LA SALLE STREET DOT Open Street. Full street closure. *NYC DOT requires full restoration of roadway and/or sidewalk for public use as it relates to the event. Please contact DOT Special Events (specialevents@dot.nyc.gov) for further information.
SE56A9,0.0002621231979030144,WORK EMBARGO: 04/27/24 6am-7pm for SIKH DAY PARADE 2024. Full street closure. *NYC DOT requires full restoration of roadway and/or sidewalk for public use as it relates to the event. Please contact DOT Special Events (SpecialEvents@dot.nyc.gov) for further information.
SE55W5,0.0002621231979030144,WORK EMBARGO: 05/02/2026 05:30AM - 11:30PM FOR SPECIAL EVENT Wall Street Journal Future of Everything / Curb Lane Only *NYC DOT REQUIRES FULL RESTORATION OF ROADWAY AND/OR SIDEWALK FOR PUBLIC USE AS IT RELATES TO THE EVENT. PLEASE CONTACT DOT SPECIAL EVENTS (SPECIALEVENTS@DOT.NYC.GOV) FOR FURTHER INFORMATION
SE94I5,0.0002621231979030144,WORK EMBARGO: 10/19/24 12:01am to 10/20/24 11:59pm for 2024 Embargo Bike MS. Full street closure. *NYC DOT requires full restoration of roadway and/or sidewalk for public use as it relates to the event. Please contact DOT Special Events (SpecialEvents@dot.nyc.gov) for further information.
SE55K2,0.0002621231979030144,WORK EMBARGO: 08/14/25 8am-8pm for EAST SIDE SUMMER FAIR. Full street closure. *NYC DOT requires full restoration of roadway and/or sidewalk for public use as it relates to the event. Please contact DOT Special Events (SpecialEvents@dot.nyc.gov) for further information.
SE95C1,0.0002621231979030144,WORK EMBARGO: 05/18/24 6am-1:30pm for Lung Force Walk. Full street closure. *NYC DOT requires full restoration of roadway and/or sidewalk for public use as it relates to the event. Please contact DOT Special Events (SpecialEvents@dot.nyc.gov) for further information.
SE6Y47,0.0002621231979030144,WORK EMBARGO: 09.14.2023 6AM - 11:59PM FOR SPECIAL EVENT Daikin Private Event at The St. Regis Hotel * Curb Lane Only *NYC DOT REQUIRES FULL RESTORATION OF ROADWAY ANDOR SIDEWALK FOR PUBLIC USE AS IT RELATES TO THE EVENT. PLEASE CONTACT DOT SPECIAL EVENTS (SPECIALEVENTS@DOT.NYC.GOV) FOR FURTHER INFORMATION
SE54U8,0.0002621231979030144,WORK EMBARGO: 04/23/2026 06:00AM - 10:00PM FOR SPECIAL EVENT Ballet Hispanico Student Matinee Day at New York City Center / Curb Lane Only *NYC DOT REQUIRES FULL RESTORATION OF ROADWAY AND/OR SIDEWALK FOR PUBLIC USE AS IT RELATES TO THE EVENT. PLEASE CONTACT DOT SPECIAL EVENTS (SPECIALEVENTS@DOT.NYC.GOV) FOR FURTHER INFORMATION
SE95U8,0.0002621231979030144,WORK EMBARGO: 05/12/2026 5:00AM - 05/14/2026 5:00AM for Bloomberg Square Mile Relay. Full Street Closure. *NYC DOT REQUIRES FULL RESTORATION OF ROADWAY AND/OR SIDEWALK FOR PUBLIC USE AS IT RELATES TO THE EVENT. PLEASE CONTACT DOT SPECIAL EVENTS (SPECIALEVENTS@DOT.NYC.GOV) FOR FURTHER INFORMATION
SE80A8,0.0002621231979030144,WORK EMBARGO: 09/29/24 8am-8pm for CENTRAL PARK PRECINCT COMMUNITY BLOCK PARTY. Full street closure. *NYC DOT requires full restoration of roadway and/or sidewalk for public use as it relates to the event. Please contact DOT Special Events (SpecialEvents@dot.nyc.gov) for further information.
SE81T2,0.0002621231979030144,WORK EMBARGO: 06/13/2026 8:00AM - 8:00PM for EIGHTH AVENUE SUMMER FESTIVAL. Full Street Closure. *NYC DOT REQUIRES FULL RESTORATION OF ROADWAY AND/OR SIDEWALK FOR PUBLIC USE AS IT RELATES TO THE EVENT. PLEASE CONTACT DOT SPECIAL EVENTS (SPECIALEVENTS@DOT.NYC.GOV) FOR FURTHER INFORMATION
SE82C3,0.0002621231979030144,WORK EMBARGO: 06/01/2024 8AM - 1PM FOR SPECIAL EVENT Coptic Global Day / Pedestrian Plaza *NYC DOT REQUIRES FULL RESTORATION OF ROADWAY AND/OR SIDEWALK FOR PUBLIC USE AS IT RELATES TO THE EVENT. PLEASE CONTACT DOT SPECIAL EVENTS (SPECIALEVENTS@DOT.NYC.GOV) FOR FURTHER INFORMATION
SE6H65,0.0002621231979030144,WORK EMBARGO: 00/00 - 00/00/2016 FOR SPECIAL EVENT NAME TIME: 12:01 AM - 6 PM *NYC DOT REQUIRES FULL RESTORATION OF ROADWAY AND/OR SIDEWALK FOR PUBLIC USE AS IT RELATES TO THE EVENT. PLEASE CONTACT DOT SPECIAL EVENTS (SPECIALEVENTS@DOT.NYC.GOV) FOR FURTHER INFORMATION
SE82E0,0.0002621231979030144,WORK EMBARGO: 08/18/24 8am-6pm for India Day Parade. Full street closure. *NYC DOT requires full restoration of roadway and/or sidewalk for public use as it relates to the event. Please contact DOT Special Events (SpecialEvents@dot.nyc.gov) for further information.
SE6I18,0.0002621231979030144,WORK EMBARGO: 11/12/22 8am-8pm for VILLAGE FALL FAIR. Full street closure. *NYC DOT REQUIRES FULL RESTORATION OF ROADWAY AND/OR SIDEWALK FOR PUBLIC USE AS IT RELATES TO THE EVENT. PLEASE CONTACT DOT SPECIAL EVENTS (SPECIALEVENTS@DOT.NYC.GOV) FOR FURTHER INFORMATION
SE5G34,0.0002621231979030144,WORK EMBARGO: 09/12/22 12:01am to 09/16/22 11:59pm for 2022 Embargo San Gennaro Feast (9/12 to 9/16). Full street closure. *NYC DOT REQUIRES FULL RESTORATION OF ROADWAY AND/OR SIDEWALK FOR PUBLIC USE AS IT RELATES TO THE EVENT. PLEASE CONTACT DOT SPECIAL EVENTS (SPECIALEVENTS@DOT.NYC.GOV) FOR FURTHER INFORMATION
SE90X7,0.0002621231979030144,WORK EMBARGO: 05/10/2026 12:00AM - 07/26/2026 12:00AM for COLUMBUS AVENUE Open Street 2026. Full Street Closure.*NYC DOT REQUIRES FULL RESTORATION OF ROADWAY AND/OR SIDEWALK FOR PUBLIC USE AS IT RELATES TO THE EVENT. PLEASE CONTACT DOT SPECIAL EVENTS (SPECIALEVENTS@DOT.NYC.GOV) FOR FURTHER INFORMATION
SE85H1,0.0002621231979030144,WORK EMBARGO10/05/24 9am-5:30pm for The Annual National Marian Parade of New York Inc.. Full street closure. *NYC DOT requires full restoration of roadway and/or sidewalk for public use as it relates to the event. Please contact DOT Special Events (SpecialEvents@dot.nyc.gov) for further information.
SE59X4,0.0002621231979030144,WORK EMBARGO: 12/01/2026 12:00AM - 11:59PM FOR SPECIAL EVENT Times Square Arts Midnight Moment Activation: World AIDS Day / Pedestrian Plaza *NYC DOT REQUIRES FULL RESTORATION OF ROADWAY AND/OR SIDEWALK FOR PUBLIC USE AS IT RELATES TO THE EVENT. PLEASE CONTACT DOT SPECIAL EVENTS (SPECIALEVENTS@DOT.NYC.GOV) FOR FURTHER INFORMATION
SE59T5,0.0002621231979030144,WORK EMBARGO: 09/19/2026 01:00AM - 08:00PM FOR SPECIAL EVENT International Day of Peace / Pedestrian Plaza *NYC DOT REQUIRES FULL RESTORATION OF ROADWAY AND/OR SIDEWALK FOR PUBLIC USE AS IT RELATES TO THE EVENT. PLEASE CONTACT DOT SPECIAL EVENTS (SPECIALEVENTS@DOT.NYC.GOV) FOR FURTHER INFORMATION
SE59Q9,0.0002621231979030144,WORK EMBARGO: 08/16/2025 12:00AM - 11:30PM FOR SPECIAL EVENT YSL Small Pop Up / Sidewalk and Curb Lane Closure *NYC DOT REQUIRES FULL RESTORATION OF ROADWAY AND/OR SIDEWALK FOR PUBLIC USE AS IT RELATES TO THE EVENT. PLEASE CONTACT DOT SPECIAL EVENTS (SPECIALEVENTS@DOT.NYC.GOV) FOR FURTHER INFORMATION
SE6I93,0.0002621231979030144,WORK EMBARGO: 06/05/22 8am-8pm for KULTUREFEST OF SIXTH. Full street closure. *NYC DOT REQUIRES FULL RESTORATION OF ROADWAY AND/OR SIDEWALK FOR PUBLIC USE AS IT RELATES TO THE EVENT. PLEASE CONTACT DOT SPECIAL EVENTS (SPECIALEVENTS@DOT.NYC.GOV) FOR FURTHER INFORMATION
SE6J08,0.0002621231979030144,WORK EMBARGO: 10/15/2022 FOR SPECIAL EVENT Nordstrom Fall / Block Party ** TIME: 12PM - 5:30PM / Full Street Closure Broadway / *NYC DOT REQUIRES FULL RESTORATION OF ROADWAY AND/OR SIDEWALK FOR PUBLIC USE AS IT RELATES TO THE EVENT. PLEASE CONTACT DOT SPECIAL EVENTS (SPECIALEVENTS@DOT.NYC.GOV) FOR FURTHER INFORMATION
SE58J1,0.0002621231979030144,WORK EMBARGO: 09/21/2025 12:01AM - 11:59PM FOR SPECIAL EVENT Annual Broadway Flea Market and Grand Auction / Curb Lane Only - W 44 Street / Partial Sidewalk Closure -W 45 Street / Pedestrian Plaza -Broadway *NYC DOT REQUIRES FULL RESTORATION OF ROADWAY AND/OR SIDEWALK FOR PUBLIC USE AS IT RELATES TO THE EVENT. PLEASE CONTACT DOT SPECIAL EVENTS (SPECIALEVENTS@DOT.NYC.GOV) FOR FURTHER INFORMATION
SE6J55,0.0002621231979030144,WORK EMBARGO: 06/26/22 12am-7pm for 2022 NYC Pride March. Full street closure. *NYC DOT REQUIRES FULL RESTORATION OF ROADWAY AND/OR SIDEWALK FOR PUBLIC USE AS IT RELATES TO THE EVENT. PLEASE CONTACT DOT SPECIAL EVENTS (SPECIALEVENTS@DOT.NYC.GOV) FOR FURTHER INFORMATION
SE6K07,0.0002621231979030144,WORK EMBARGO: 05/22/22 8am-1pm for NAMI Walk. Full street closure. *NYC DOT REQUIRES FULL RESTORATION OF ROADWAY AND/OR SIDEWALK FOR PUBLIC USE AS IT RELATES TO THE EVENT. PLEASE CONTACT DOT SPECIAL EVENTS (SPECIALEVENTS@DOT.NYC.GOV) FOR FURTHER INFORMATION.
SE6M53,0.0002621231979030144,WORK EMBARGO: 07/24/22 7am-3pm for Empire State Ride. Rolling closure. *NYC DOT REQUIRES FULL RESTORATION OF ROADWAY AND/OR SIDEWALK FOR PUBLIC USE AS IT RELATES TO THE EVENT. PLEASE CONTACT DOT SPECIAL EVENTS (SPECIALEVENTS@DOT.NYC.GOV) FOR FURTHER INFORMATION
SE82W9,0.0002621231979030144,WORK EMBARGO: 06/02 06:00AM - 06/05/2026 11:59PM FOR SPECIAL EVENT McKinsey Womens Event at GH on the Park and at NY Public Library / Curb Lane Only *NYC DOT REQUIRES FULL RESTORATION OF ROADWAY AND/OR SIDEWALK FOR PUBLIC USE AS IT RELATES TO THE EVENT. PLEASE CONTACT DOT SPECIAL EVENTS (SPECIALEVENTS@DOT.NYC.GOV) FOR FURTHER INFORMATION
SE82W7,0.0002621231979030144,WORK EMBARGO: 06/02/2026 08:00AM - 07:00PM FOR SPECIAL EVENT StreetEasy Flagship Event / Curb Lane Only *NYC DOT REQUIRES FULL RESTORATION OF ROADWAY AND/OR SIDEWALK FOR PUBLIC USE AS IT RELATES TO THE EVENT. PLEASE CONTACT DOT SPECIAL EVENTS (SPECIALEVENTS@DOT.NYC.GOV) FOR FURTHER INFORMATION
SE57U6,0.0002621231979030144,WORK EMBARGO: 11/07/2026 5:00AM - 1:00PM for Breathe Deep NYC. Full Street Closure *NYC DOT REQUIRES FULL RESTORATION OF ROADWAY AND/OR SIDEWALK FOR PUBLIC USE AS IT RELATES TO THE EVENT. PLEASE CONTACT DOT SPECIAL EVENTS (SPECIALEVENTS@DOT.NYC.GOV) FOR FURTHER INFORMATION
SE6R40,0.0002621231979030144,WORK EMBARGO: 12/11/22 7am-1pm for Antorcha Guadalupana Manhattan/Bronx. Full street closure. *NYC DOT REQUIRES FULL RESTORATION OF ROADWAY AND/OR SIDEWALK FOR PUBLIC USE AS IT RELATES TO THE EVENT. PLEASE CONTACT DOT SPECIAL EVENTS (SPECIALEVENTS@DOT.NYC.GOV) FOR FURTHER INFORMATION. Also includes: Willis Avenue Bridge : Willis Avenue Bridge (E124th St. to Willis Ave.)
SE6U98,0.0002621231979030144,WORK EMBARGO: 10/21/23 7am-7pm for WSMS Fall Festival. Full street closure. *NYC DOT requires full restoration of roadway and/or sidewalk for public use as it relates to the event. Please contact DOT Special Events (specialevents@dot.nyc.gov) for further information.
SE4O57,0.0002621231979030144,WORK EMBARGO: 08/06/22 to 08/20/22 12am-3pm for DOT Summer Streets 2022. Full street closure. *NYC DOT REQUIRES FULL RESTORATION OF ROADWAY AND/OR SIDEWALK FOR PUBLIC USE AS IT RELATES TO THE EVENT. PLEASE CONTACT DOT SPECIAL EVENTS (SPECIALEVENTS@DOT.NYC.GOV) FOR FURTHER INFORMATION
SE1S20,0.0002621231979030144,WORK EMBARGO: 05/06/23 8am-8pm for Manhattan Chamber of Commerce 2nd Ave Community Benefit Festival. *NYC DOT REQUIRES FULL RESTORATION OF ROADWAY AND/OR SIDEWALK FOR PUBLIC USE AS IT RELATES TO THE EVENT. PLEASE CONTACT DOT SPECIAL EVENTS (SPECIALEVENTS@DOT.NYC.GOV) FOR FURTHER INFORMATION
SE3U64,0.0002621231979030144,WORK EMBARGO: 05/13/23 9am-3pm for CIDNY COVID-19 Vaccinations Manhattan. Partial sidewalk closure.*NYC DOT requires full restoration of roadway and/or sidewalk for public use as it relates to the event. Please contact DOT Special Events (specialevents@dot.nyc.gov) for further information.
SE25U6,0.0002621231979030144,WORK EMBARGO: 05/22 12:01AM - 06/05/2026 11:59PM FOR SPECIAL EVENT 1-Party in the Garden 2026 - Fundraiser for The Museum of Modern Art / Curb Lane Only *NYC DOT REQUIRES FULL RESTORATION OF ROADWAY AND/OR SIDEWALK FOR PUBLIC USE AS IT RELATES TO THE EVENT. PLEASE CONTACT DOT SPECIAL EVENTS (SPECIALEVENTS@DOT.NYC.GOV) FOR FURTHER INFORMATION
SE13F6,0.0002621231979030144,WORK EMBARGO: 07/14/24 10am-6pm for Carnaval Cubano. Full street closure. *NYC DOT requires full restoration of roadway and/or sidewalk for public use as it relates to the event. Please contact DOT Special Events (SpecialEvents@dot.nyc.gov) for further information.
SE18D2,0.0002621231979030144,WORK EMBARGO: 11/01/2024 5PM - 12AM FOR SPECIAL EVENT COVENANT HOUSE NYC YHAM KICKOFF / Pedestrian Plaza *NYC DOT REQUIRES FULL RESTORATION OF ROADWAY AND/OR SIDEWALK FOR PUBLIC USE AS IT RELATES TO THE EVENT. PLEASE CONTACT DOT SPECIAL EVENTS (SPECIALEVENTS@DOT.NYC.GOV) FOR FURTHER INFORMATION
SE04K0,0.0002621231979030144,WORK EMBARGO: 05/31/25 8am-8pm for TIMES SQUARE SPRINGFEST. Full street closure. *NYC DOT requires full restoration of roadway and/or sidewalk for public use as it relates to the event. Please contact DOT Special Events (SpecialEvents@dot.nyc.gov) for further information.
SE25K0,0.0002621231979030144,WORK EMBARGO: 05/29/25 8am-8pm for CIVIC CENTER BLOCK PARTY. Full street closure. *NYC DOT requires full restoration of roadway and/or sidewalk for public use as it relates to the event. Please contact DOT Special Events (SpecialEvents@dot.nyc.gov) for further information.
SE3S73,0.0002621231979030144,WORK EMBARGO: 06/10/23 7:30am-6pm for 38th Immigrants Parade - International Cultures Celebration. Full street closure. *NYC DOT requires full restoration of roadway and/or sidewalk for public use as it relates to the event. Please contact DOT Special Events (specialevents@dot.nyc.gov) for further information.
SE04I9,0.0002621231979030144,WORK EMBARGO: 10/12/24 5:30pm-9pm for Carnaval de Barranquilla NY USA. Pedestrian plaza. *NYC DOT requires full restoration of roadway and/or sidewalk for public use as it relates to the event. Please contact DOT Special Events (SpecialEvents@dot.nyc.gov) for further information.
SE3T56,0.0002621231979030144,WORK EMBARGO: 05/25/23 12pm-9pm for Retirement Block Party for Rosalie Genevro. Full street closure. *NYC DOT requires full restoration of roadway and/or sidewalk for public use as it relates to the event. Please contact DOT Special Events (specialevents@dot.nyc.gov) for further information.
SE2K77,0.0002621231979030144,WORK EMBARGO: 05/13/22 4pm-5pm for Norwegian Boat Parade. Full street closure. *NYC DOT REQUIRES FULL RESTORATION OF ROADWAY AND/OR SIDEWALK FOR PUBLIC USE AS IT RELATES TO THE EVENT. PLEASE CONTACT DOT SPECIAL EVENTS (SPECIALEVENTS@DOT.NYC.GOV) FOR FURTHER INFORMATION
SE04G4,0.0002621231979030144,WORK EMBARGO: 09/21/24 3:30pm-5:30pm for Reelect Ambassador Kyaw Moe Tun in the UN for Burma 2024. Full street closure. *NYC DOT requires full restoration of roadway and/or sidewalk for public use as it relates to the event. Please contact DOT Special Events (SpecialEvents@dot.nyc.gov) for further information.
SE04C1,0.0002621231979030144,WORK EMBARGO: 04/25/2024 3PM - 9PM FOR SPECIAL EVENT Feast on St. Marks / Full Street Closure *NYC DOT REQUIRES FULL RESTORATION OF ROADWAY AND/OR SIDEWALK FOR PUBLIC USE AS IT RELATES TO THE EVENT. PLEASE CONTACT DOT SPECIAL EVENTS (SPECIALEVENTS@DOT.NYC.GOV) FOR FURTHER INFORMATION
SE32U6,0.0002621231979030144,"WORK EMBARGO: 10/31/2026 1:00AM - 11:00AM for 2026 Abbott Dash to the finish line 5k. Full Street Closure. *NYC DOT REQUIRES FULL RESTORATION OF ROADWAY AND/OR SIDEWALK FOR PUBLIC USE AS IT RELATES TO THE EVENT. PLEASE CONTACT DOT SPECIAL EVENTS (SPECIALEVENTS@DOT.NYC.GOV) FOR FURTHER INFORMATION. Note: Includes CENTRAL PARK WEST DRIVE between EAST DRIVE and TERRACE DRIVE (V/O 72 ST), CENTRAL PARK- WEST DRIVE between 66 ST and 72 ST"
SE3U08,0.0002621231979030144,WORK EMBARGO: 05/06 12AM - 05/19/2023 11:30PM FOR SPECIAL EVENT Phillips Curb Lane Usage / Curb Lane Only *NYC DOT REQUIRES FULL RESTORATION OF ROADWAY AND/OR SIDEWALK FOR PUBLIC USE AS IT RELATES TO THE EVENT. PLEASE CONTACT DOT SPECIAL EVENTS (SPECIALEVENTS@DOT.NYC.GOV) FOR FURTHER INFORMATION
SE32U0,0.0002621231979030144,WORK EMBARGO: 09/20/2026 7:00AM - 7:00PM for 57th Annual African American Day Parade. Full Street Closure.*NYC DOT REQUIRES FULL RESTORATION OF ROADWAY AND/OR SIDEWALK FOR PUBLIC USE AS IT RELATES TO THE EVENT. PLEASE CONTACT DOT SPECIAL EVENTS (SPECIALEVENTS@DOT.NYC.GOV) FOR FURTHER INFORMATION
SE24V2,0.0002621231979030144,WORK EMBARGO: 06/06/2026 02:00AM - 12:30PM FOR SPECIAL EVENT 2026 Mastercard New York Mini 10K / Sidewalk and Street Closure / Full Street Closure *NYC DOT REQUIRES FULL RESTORATION OF ROADWAY AND/OR SIDEWALK FOR PUBLIC USE AS IT RELATES TO THE EVENT. PLEASE CONTACT DOT SPECIAL EVENTS (SPECIALEVENTS@DOT.NYC.GOV) FOR FURTHER INFORMATION
SE3Q75,0.0002621231979030144,"WORK EMBARGO: 10/02/22 8am-4pm for Salute to veterans. Rolling street closure. *NYC DOT REQUIRES FULL RESTORATION OF ROADWAY AND/OR SIDEWALK FOR PUBLIC USE AS IT RELATES TO THE EVENT. PLEASE CONTACT DOT SPECIAL EVENTS (SPECIALEVENTS@DOT.NYC.GOV) FOR FURTHER INFORMATION. Also includes: Verrazano Br, Brooklyn Br, Madison Ave Br, University Heights Br"
SE3V70,0.0002621231979030144,WORK EMBARGO: 08/1823 12:10am to 08/31/23 11:59pm for 2023 Embargo MTV Video Music Awards. Full street closure. *NYC DOT requires full restoration of roadway and/or sidewalk for public use as it relates to the event. Please contact DOT Special Events (specialevents@dot.nyc.gov) for further information.
SE32B3,0.0002621231979030144,WORK EMBARGO: 09/07/24 8am-8pm for 3rd Avenue Community Benefit Festival. Full street closure. *NYC DOT requires full restoration of roadway and/or sidewalk for public use as it relates to the event. Please contact DOT Special Events (SpecialEvents@dot.nyc.gov) for further information.
SE0P52,0.0002621231979030144,WORK EMBARGO: 08/26 8AM - 08/29/2022 6AM FOR SPECIAL EVENT Mini / Production Event / Curb Lane Only *NYC DOT REQUIRES FULL RESTORATION OF ROADWAY AND/OR SIDEWALK FOR PUBLIC USE AS IT RELATES TO THE EVENT. PLEASE CONTACT DOT SPECIAL EVENTS (SPECIALEVENTS@DOT.NYC.GOV) FOR FURTHER INFORMATION
SE19W7,0.0002621231979030144,WORK EMBARGO: 09/05/2026 06:00AM - 06:00PM FOR SPECIAL EVENT The Back to School Street Play Invitational / Full Street Closure *NYC DOT REQUIRES FULL RESTORATION OF ROADWAY AND/OR SIDEWALK FOR PUBLIC USE AS IT RELATES TO THE EVENT. PLEASE CONTACT DOT SPECIAL EVENTS (SPECIALEVENTS@DOT.NYC.GOV) FOR FURTHER INFORMATION
SE3Y07,0.0002621231979030144,WORK EMBARGO: 10/21/23 7am-7pm for MetFest. Full street closure. *NYC DOT requires full restoration of roadway and/or sidewalk for public use as it relates to the event. Please contact DOT Special Events (SpecialEvents@dot.nyc.gov) for further information.
SE3Y19,0.0002621231979030144,WORK EMBARGO: 04/16/24 5am to 04/23/24 9am for Curtain Up Broadway Festival. Pedestrian plaza. *NYC DOT requires full restoration of roadway and/or sidewalk for public use as it relates to the event. Please contact DOT Special Events (SpecialEvents@dot.nyc.gov) for further information.
SE31V3,0.0002621231979030144,WORK EMBARGO: 10/10/2026 12:01AM - 02:30PM FOR SPECIAL EVENT Alpha Win Big Apple Triathlon / Full Street Closure *NYC DOT REQUIRES FULL RESTORATION OF ROADWAY AND/OR SIDEWALK FOR PUBLIC USE AS IT RELATES TO THE EVENT. PLEASE CONTACT DOT SPECIAL EVENTS (SPECIALEVENTS@DOT.NYC.GOV) FOR FURTHER INFORMATION
SE31U8,0.0002621231979030144,WORK EMBARGO: 09/19/2026 12:00PM - 7:30PM for World Wide Gospel Fellowship. Curb Lane Only. *NYC DOT REQUIRES FULL RESTORATION OF ROADWAY AND/OR SIDEWALK FOR PUBLIC USE AS IT RELATES TO THE EVENT. PLEASE CONTACT DOT SPECIAL EVENTS (SPECIALEVENTS@DOT.NYC.GOV) FOR FURTHER INFORMATION
SE19W8,0.0002621231979030144,WORK EMBARGO: 09/12/2026 06:00AM - 12:30PM FOR SPECIAL EVENT NYC BUDDY WALK / Pedestrian Plaza / Curb Lane Only *NYC DOT REQUIRES FULL RESTORATION OF ROADWAY AND/OR SIDEWALK FOR PUBLIC USE AS IT RELATES TO THE EVENT. PLEASE CONTACT DOT SPECIAL EVENTS (SPECIALEVENTS@DOT.NYC.GOV) FOR FURTHER INFORMATION
SE23V6,0.0002621231979030144,WORK EMBARGO: 05/14 12:01AM - 05/21/2026 11:59PM FOR SPECIAL EVENT Fashion Show at The Frick Collection: 1 E. 70th St. / Curb Lane Only *NYC DOT REQUIRES FULL RESTORATION OF ROADWAY AND/OR SIDEWALK FOR PUBLIC USE AS IT RELATES TO THE EVENT. PLEASE CONTACT DOT SPECIAL EVENTS (SPECIALEVENTS@DOT.NYC.GOV) FOR FURTHER INFORMATION
SE31T6,0.0002621231979030144,WORK EMBARGO: 05/02/2026 08:30AM - 05:00PM FOR SPECIAL EVENT Buddha Blessing Ceremony in Times Square / Pedestrian Plaza *NYC DOT REQUIRES FULL RESTORATION OF ROADWAY AND/OR SIDEWALK FOR PUBLIC USE AS IT RELATES TO THE EVENT. PLEASE CONTACT DOT SPECIAL EVENTS (SPECIALEVENTS@DOT.NYC.GOV) FOR FURTHER INFORMATION
SE02N6,0.0002621231979030144,WORK EMBARGO: 08/17/25 8am-6pm for India Day Parade. Full street closure. *NYC DOT requires full restoration of roadway and/or sidewalk for public use as it relates to the event. Please contact DOT Special Events (SpecialEvents@dot.nyc.gov) for further information.
SE31T3,0.0002621231979030144,WORK EMBARGO: 04/18/2026 05:30AM - 05:30PM FOR SPECIAL EVENT Project Dance Times Square 2026 / Pedestrian Plaza / Curb Lane Only *NYC DOT REQUIRES FULL RESTORATION OF ROADWAY AND/OR SIDEWALK FOR PUBLIC USE AS IT RELATES TO THE EVENT. PLEASE CONTACT DOT SPECIAL EVENTS (SPECIALEVENTS@DOT.NYC.GOV) FOR FURTHER INFORMATION
SE13B4,0.0002621231979030144,WORK EMBARGO: 02/4 12:01AM - 02/15/2024 11:59PM FOR SPECIAL EVENT Fashion Week at Starrett-Lehigh / Sidewalk and Curb Lane Closure *NYC DOT REQUIRES FULL RESTORATION OF ROADWAY AND/OR SIDEWALK FOR PUBLIC USE AS IT RELATES TO THE EVENT. PLEASE CONTACT DOT SPECIAL EVENTS (SPECIALEVENTS@DOT.NYC.GOV) FOR FURTHER INFORMATION
SE3R31,0.0002621231979030144,WORK EMBARGO: 11/11 12AM - 11/12/2022 11/30PM FOR SPECIAL EVENT Burberry Holiday Cart N57 / Street Event / Partial Sidewalk Closure *NYC DOT REQUIRES FULL RESTORATION OF ROADWAY AND/OR SIDEWALK FOR PUBLIC USE AS IT RELATES TO THE EVENT. PLEASE CONTACT DOT SPECIAL EVENTS (SPECIALEVENTS@DOT.NYC.GOV) FOR FURTHER INFORMATION
SE260B,0.0002621231979030144,WORK EMBARGO: 09/20/2026 10:00 AM - 04:00 PM FOR SPECIAL EVENT Mexican Day Parade. Full Street Closure. *NYC DOT REQUIRES FULL RESTORATION OF ROADWAY AND/OR SIDEWALK FOR PUBLIC USE AS IT RELATES TO THE EVENT. PLEASE CONTACT DOT SPECIAL EVENTS (SPECIALEVENTS@DOT.NYC.GOV) FOR FURTHER INFORMATION
SE2O22,0.0002621231979030144,WORK EMBARGO: 08/21/22 7am-12pm for Americas 911 Ride. Full street closure. *NYC DOT REQUIRES FULL RESTORATION OF ROADWAY AND/OR SIDEWALK FOR PUBLIC USE AS IT RELATES TO THE EVENT. PLEASE CONTACT DOT SPECIAL EVENTS (SPECIALEVENTS@DOT.NYC.GOV) FOR FURTHER INFORMATION. Also includes: West St btwn Warren St and 12 Ave.
SE26K8,0.0002621231979030144,WORK EMBARGO: 09/08/25 to 09/22/25 10am-11:30pm for Feast of San Gennaro. Full street closure. *NYC DOT requires full restoration of roadway and/or sidewalk for public use as it relates to the event. Please contact DOT Special Events (SpecialEvents@dot.nyc.gov) for further information.
SE27U9,0.0002621231979030144,WORK EMBARGO: 04/15/2026 06:00AM - 05:00PM FOR SPECIAL EVENT Dance Theatre of Harlem Student Matinee Day at New York City Center / Curb Lane Only *NYC DOT REQUIRES FULL RESTORATION OF ROADWAY AND/OR SIDEWALK FOR PUBLIC USE AS IT RELATES TO THE EVENT. PLEASE CONTACT DOT SPECIAL EVENTS (SPECIALEVENTS@DOT.NYC.GOV) FOR FURTHER INFORMATION
SE35U7,0.0002621231979030144,WORK EMBARGO: 02/14/2026 11:30AM - 07:30PM FOR SPECIAL EVENT Canada Goose Beverage Cart - SoHo / Partial Sidewalk Closure *NYC DOT REQUIRES FULL RESTORATION OF ROADWAY AND/OR SIDEWALK FOR PUBLIC USE AS IT RELATES TO THE EVENT. PLEASE CONTACT DOT SPECIAL EVENTS (SPECIALEVENTS@DOT.NYC.GOV) FOR FURTHER INFORMATION
SE09T0,0.0002621231979030144,WORK EMBARGO: 11/15/2025 10:00AM - 12:00PM for Walking Pilgrimage. Partial Sidewalk and Full Street Closure. NYC DOT REQUIRES FULL RESTORATION OF ROADWAY AND/OR SIDEWALK FOR PUBLIC USE AS IT RELATES TO THE EVENT. PLEASE CONTACT DOT SPECIAL EVENTS (SPECIALEVENTS@DOT.NYC.GOV) FOR FURTHER INFORMATION. Note: Includes West Drive between 102 Street Crossing and Central Park South
SE0K50,0.0002621231979030144,WORK EMBARGO: 05/22/2022 FOR SPECIAL EVENT West 144th Street Beautification Day / Clean-Up ** TIME: 10AM - 2PM / Full Street Closure *NYC DOT REQUIRES FULL RESTORATION OF ROADWAY AND/OR SIDEWALK FOR PUBLIC USE AS IT RELATES TO THE EVENT. PLEASE CONTACT DOT SPECIAL EVENTS (SPECIALEVENTS@DOT.NYC.GOV) FOR FURTHER INFORMATION
SE37M6,0.0002621231979030144,WORK EMBARGO: 06/14/25 9am-2pm for The Punishers Motorcycle Club Memorial Ride. Full street closure. *NYC DOT requires full restoration of roadway and/or sidewalk for public use as it relates to the event. Please contact DOT Special Events (SpecialEvents@dot.nyc.gov) for further information. Note: Includes G WASHINGTON BRIDGE betweenHARLEM RIVER DR and PALISDESPARKWAY
SE35B3,0.0002621231979030144,WORK EMBARGO: 10/05/24 8am-8pm for TIMES SQUARE FESTIVAL. Full street closure. *NYC DOT requires full restoration of roadway and/or sidewalk for public use as it relates to the event. Please contact DOT Special Events (SpecialEvents@dot.nyc.gov) for further information.
SE29G0,0.0002621231979030144,WORK EMBARGO: 08/03/24 3am-5pm for Open Streets: Summer Streets. Full street closure. *NYC DOT requires full restoration of roadway and/or sidewalk for public use as it relates to the event. Please contact DOT Special Events (SpecialEvents@dot.nyc.gov) for further information.
SE27K0,0.0002621231979030144,WORK EMBARGO: 12/07/25 12pm-3pm for Charity Law Enforcement Christmas Motorcycle Run for Toys for Tots. Full street closure. *NYC DOT requires full restoration of roadway and/or sidewalk for public use as it relates to the event. Please contact DOT Special Events (SpecialEvents@dot.nyc.gov) for further information. Note: Also includes: Verrazano-Narrows Bridge. Brooklyn Bridge.
SE38C8,0.0002621231979030144,WORK EMBARGO: 03/21 6AM - 03/27/2024 11:59PM FOR SPECIAL EVENT Launch Event at The Genesis House: 40A Tenth Avenue / Curb Lane Only *NYC DOT REQUIRES FULL RESTORATION OF ROADWAY AND/OR SIDEWALK FOR PUBLIC USE AS IT RELATES TO THE EVENT. PLEASE CONTACT DOT SPECIAL EVENTS (SPECIALEVENTS@DOT.NYC.GOV) FOR FURTHER INFORMATION
SE26Z9,0.0002621231979030144,WORK EMBARGO: 09/12/2026 3:30PM - 5:30PM for Body of Resistance. Full Street Closure. *NYC DOT REQUIRES FULL RESTORATION OF ROADWAY AND/OR SIDEWALK FOR PUBLIC USE AS IT RELATES TO THE EVENT. PLEASE CONTACT DOT SPECIAL EVENTS (SPECIALEVENTS@DOT.NYC.GOV) FOR FURTHER INFORMATION
SE29J4,0.0002621231979030144,WORK EMBARGO: 11/16 12:01AM - 11/18/2024 11:59PM FOR SPECIAL EVENT HM - TSX Stage Performance / Pedestrian Plaza -Broadway / Curb Lane Only *NYC DOT REQUIRES FULL RESTORATION OF ROADWAY AND/OR SIDEWALK FOR PUBLIC USE AS IT RELATES TO THE EVENT. PLEASE CONTACT DOT SPECIAL EVENTS (SPECIALEVENTS@DOT.NYC.GOV) FOR FURTHER INFORMATION
SE14C1,0.0002621231979030144,WORK EMBARGO: 03/26/2024 12AM - 8PM FOR SPECIAL EVENT TSX Event / Pedestrian Plaza *NYC DOT REQUIRES FULL RESTORATION OF ROADWAY AND/OR SIDEWALK FOR PUBLIC USE AS IT RELATES TO THE EVENT. PLEASE CONTACT DOT SPECIAL EVENTS (SPECIALEVENTS@DOT.NYC.GOV) FOR FURTHER INFORMATION
SE34T4,0.0002621231979030144,WORK EMBARGO: 12/04 12:01AM - 12/06/2025 11:59PM FOR SPECIAL EVENT FIFA World Cup Draw / Pedestrian Plaza *NYC DOT REQUIRES FULL RESTORATION OF ROADWAY AND/OR SIDEWALK FOR PUBLIC USE AS IT RELATES TO THE EVENT. PLEASE CONTACT DOT SPECIAL EVENTS (SPECIALEVENTS@DOT.NYC.GOV) FOR FURTHER INFORMATION
SE34S3,0.0002621231979030144,WORK EMBARGO: 10/28/2025 04:00AM - 11:00PM FOR SPECIAL EVENT Magic Mike NYC / Full Street Closure *NYC DOT REQUIRES FULL RESTORATION OF ROADWAY AND/OR SIDEWALK FOR PUBLIC USE AS IT RELATES TO THE EVENT. PLEASE CONTACT DOT SPECIAL EVENTS (SPECIALEVENTS@DOT.NYC.GOV) FOR FURTHER INFORMATION
SE26K4,0.0002621231979030144,WORK EMBARGO: 08/07/25 8am-8pm for FINANCIAL COMMUNITY FAIR. Full street closure. *NYC DOT requires full restoration of roadway and/or sidewalk for public use as it relates to the event. Please contact DOT Special Events (SpecialEvents@dot.nyc.gov) for further information.
SE04L3,0.0002621231979030144,WORK EMBARGO: 09/21/25 7am-7pm for The 56th Annual African American Day Parade. Full street closure. *NYC DOT requires full restoration of roadway and/or sidewalk for public use as it relates to the event. Please contact DOT Special Events (SpecialEvents@dot.nyc.gov) for further information.
SE2I00,0.0002621231979030144,"WORK EMBARGO: 10/08/22 9am-12pm for Walk to End Lupus Now NYC. Full street closure. *NYC DOT REQUIRES FULL RESTORATION OF ROADWAY AND/OR SIDEWALK FOR PUBLIC USE AS IT RELATES TO THE EVENT. PLEASE CONTACT DOT SPECIAL EVENTS (SPECIALEVENTS@DOT.NYC.GOV) FOR FURTHER INFORMATION. Also includes: PARK ROW between ANN STREET and SPRUCE STREET, PEARL STREET between WATER STREET and FULTON STREET"
SE3G90,0.0002621231979030144,WORK EMBARGO: 04/18/22 12:01am to 04/23/22 11:59pm for 2022 Embargo Car Free Earth Day - Manhattan. Full street closure. *NYC DOT REQUIRES FULL RESTORATION OF ROADWAY AND/OR SIDEWALK FOR PUBLIC USE AS IT RELATES TO THE EVENT. PLEASE CONTACT DOT SPECIAL EVENTS (SPECIALEVENTS@DOT.NYC.GOV) FOR FURTHER INFORMATION
SE06K4,0.0002621231979030144,WORK EMBARGO: 10/02/25 8am-8pm for WORLD TRADE CENTER COMMUNITY FAIR. Full street closure. *NYC DOT requires full restoration of roadway and/or sidewalk for public use as it relates to the event. Please contact DOT Special Events (SpecialEvents@dot.nyc.gov) for further information.
SE26I5,0.0002621231979030144,WORK EMBARGO: 10/19/24 10:30am-1pm for 40 Days for Life Procession. Partial sidewalk closure. *NYC DOT requires full restoration of roadway and/or sidewalk for public use as it relates to the event. Please contact DOT Special Events (SpecialEvents@dot.nyc.gov) for further information.
SE3I22,0.0002621231979030144,WORK EMBARGO: 12/26/21 12AM - 01/07/2022 11:59PM FOR SPECIAL EVENT New Years Eve 2022 / Plaza Partner Event / Full Street Closure *NYC DOT REQUIRES FULL RESTORATION OF ROADWAY AND/OR SIDEWALK FOR PUBLIC USE AS IT RELATES TO THE EVENT. PLEASE CONTACT DOT SPECIAL EVENTS (SPECIALEVENTS@DOT.NYC.GOV) FOR FURTHER INFORMATION
SE0L69,0.0002621231979030144,WORK EMBARGO: 04/30/22 7am-2pm for Purple Stride PanCan Charity Walk. Full street closure. *NYC DOT REQUIRES FULL RESTORATION OF ROADWAY AND/OR SIDEWALK FOR PUBLIC USE AS IT RELATES TO THE EVENT. PLEASE CONTACT DOT SPECIAL EVENTS (SPECIALEVENTS@DOT.NYC.GOV) FOR FURTHER INFORMATION
SE16U8,0.0002621231979030144,WORK EMBARGO: 10/04/2026 6:00AM - 5:30PM for 89th Pulaski Day Parade. Full Street Closure. *NYC DOT REQUIRES FULL RESTORATION OF ROADWAY AND/OR SIDEWALK FOR PUBLIC USE AS IT RELATES TO THE EVENT. PLEASE CONTACT DOT SPECIAL EVENTS (SPECIALEVENTS@DOT.NYC.GOV) FOR FURTHER INFORMATION
SE26D2,0.0002621231979030144,WORK EMBARGO: 00/00 - 00/00/2016 FOR SPECIAL EVENT NAME TIME: 12:01 AM - 6 PM *NYC DOT REQUIRES FULL RESTORATION OF ROADWAY AND/OR SIDEWALK FOR PUBLIC USE AS IT RELATES TO THE EVENT. PLEASE CONTACT DOT SPECIAL EVENTS (SPECIALEVENTS@DOT.NYC.GOV) FOR FURTHER INFORMATION
SE26D0,0.0002621231979030144,WORK EMBARGO: 00/00 - 00/00/2016 FOR SPECIAL EVENT NAME TIME: 12:01 AM - 6 PM *NYC DOT REQUIRES FULL RESTORATION OF ROADWAY AND/OR SIDEWALK FOR PUBLIC USE AS IT RELATES TO THE EVENT. PLEASE CONTACT DOT SPECIAL EVENTS (SPECIALEVENTS@DOT.NYC.GOV) FOR FURTHER INFORMATION
SE3N21,0.0002621231979030144,WORK EMBARGO: 06/18/22 12:01am to 06/19/22 11:59pm for 2-Party in the Garden 2022 - Fundraiser for The Museum of Modern Art. Curb lane only. *NYC DOT REQUIRES FULL RESTORATION OF ROADWAY AND/OR SIDEWALK FOR PUBLIC USE AS IT RELATES TO THE EVENT. PLEASE CONTACT DOT SPECIAL EVENTS (SPECIALEVENTS@DOT.NYC.GOV) FOR FURTHER INFORMATION
SE0M77,0.0002621231979030144,WORK EMBARGO: 08/27/2022 FOR SPECIAL EVENT West 151 Street / 600 Block Association Block Party ** TIME: 9:30AM - 6:30PM / Full Street Closure *NYC DOT REQUIRES FULL RESTORATION OF ROADWAY AND/OR SIDEWALK FOR PUBLIC USE AS IT RELATES TO THE EVENT. PLEASE CONTACT DOT SPECIAL EVENTS (SPECIALEVENTS@DOT.NYC.GOV) FOR FURTHER INFORMATION
SE3P26,0.0002621231979030144,WORK EMBARGO: 09/16/22 7am-1pm for Amal in Times Square. Full street closure. *NYC DOT REQUIRES FULL RESTORATION OF ROADWAY AND/OR SIDEWALK FOR PUBLIC USE AS IT RELATES TO THE EVENT. PLEASE CONTACT DOT SPECIAL EVENTS (SPECIALEVENTS@DOT.NYC.GOV) FOR FURTHER INFORMATION
SE04Y6,0.0002621231979030144,WORK EMBARGO: 06/27/2026 06:00AM - 11:59PM FOR SPECIAL EVENT MB Event at the St Regis Hotel / Curb Lane Only *NYC DOT REQUIRES FULL RESTORATION OF ROADWAY AND/OR SIDEWALK FOR PUBLIC USE AS IT RELATES TO THE EVENT. PLEASE CONTACT DOT SPECIAL EVENTS (SPECIALEVENTS@DOT.NYC.GOV) FOR FURTHER INFORMATION
SE3Q06,0.0002621231979030144,WORK EMBARGO: 110/05/22 2am-1pm for 2022 Abbott Dash to the Finish Line 5K. Full street closure. *NYC DOT REQUIRES FULL RESTORATION OF ROADWAY AND/OR SIDEWALK FOR PUBLIC USE AS IT RELATES TO THE EVENT. PLEASE CONTACT DOT SPECIALEVENTS (SPECIALEVENTS@DOT.NYC.GOV) FOR FURTHER INFORMATION. Also includes Center Dr bet East Dr and West Dr.
SE1S17,0.0002621231979030144,WORK EMBARGO: 04/30/23 8am-8pm for Columbus Avenue Spring Fair. Full street closure. *NYC DOT REQUIRES FULL RESTORATION OF ROADWAY AND/OR SIDEWALK FOR PUBLIC USE AS IT RELATES TO THE EVENT. PLEASE CONTACT DOT SPECIAL EVENTS (SPECIALEVENTS@DOT.NYC.GOV) FOR FURTHER INFORMATION
SE35M6,0.0002621231979030144,WORK EMBARGO: 05/31/25 7am-7pm for Met Fest 2025. Full street closure. *NYC DOT requires full restoration of roadway and/or sidewalk for public use as it relates to the event. Please contact DOT Special Events (SpecialEvents@dot.nyc.gov) for further information.
SE22X3,0.0002621231979030144,WORK EMBARGO: 05/10/2026 12:00AM - 07/26/2026 12:00AM for COLUMBUS AVENUE Open Street 2026. Full Street Closure. *NYC DOT REQUIRES FULL RESTORATION OF ROADWAY AND/OR SIDEWALK FOR PUBLIC USE AS IT RELATES TO THE EVENT. PLEASE CONTACT DOT SPECIAL EVENTS (SPECIALEVENTS@DOT.NYC.GOV) FOR FURTHER INFORMATION
SE00Q6,0.0002621231979030144,WORK EMBARGO: 08/02/2025 9:00AM - 6:00PM FOR SPECIAL EVENT Family Resource Day / Full Street Closure *NYC DOT REQUIRES FULL RESTORATION OF ROADWAY AND/OR SIDEWALK FOR PUBLIC USE AS IT RELATES TO THE EVENT. PLEASE CONTACT DOT SPECIAL EVENTS (SPECIALEVENTS@DOT.NYC.GOV) FOR FURTHER INFORMATION
SE45J4,0.0002621231979030144,WORK EMBARGO: 06/18 12AM - 06/21/2025 12PM FOR SPECIAL EVENT Solstice in Times Square / Pedestrian Plaza / Curb Lane Only *NYC DOT REQUIRES FULL RESTORATION OF ROADWAY AND/OR SIDEWALK FOR PUBLIC USE AS IT RELATES TO THE EVENT. PLEASE CONTACT DOT SPECIAL EVENTS (SPECIALEVENTS@DOT.NYC.GOV) FOR FURTHER INFORMATION
SE00B6,0.0002621231979030144,WORK EMBARGO: 10/20 8AM - 11/22/2024 11:30PM FOR SPECIAL EVENT Times Square Arts: Fall 2024 Public Art Project / Pedestrian Plaza *NYC DOT REQUIRES FULL RESTORATION OF ROADWAY AND/OR SIDEWALK FOR PUBLIC USE AS IT RELATES TO THE EVENT. PLEASE CONTACT DOT SPECIAL EVENTS (SPECIALEVENTS@DOT.NYC.GOV) FOR FURTHER INFORMATION
SE44T3,0.0002621231979030144,WORK EMBARGO: 05/02/2026 8:00am - 8:00pm for Manhattan Chamber of Commerce 2nd Ave Community Benefit Festival. Full Street Closure. NYC DOT REQUIRES FULL RESTORATION OF ROADWAY AND/OR SIDEWALK FOR PUBLIC USE AS IT RELATES TO THE EVENT. PLEASE CONTACT DOT SPECIAL EVENTS (SPECIALEVENTS@DOT.NYC.GOV) FOR FURTHER INFORMATION
SE0Y59,0.0002621231979030144,WORK EMBARGO: 08/13 9AM - 08/15/2023 6PM FOR SPECIAL EVENT Shoppe Object / Curb Lane Only *NYC DOT REQUIRES FULL RESTORATION OF ROADWAY AND/OR SIDEWALK FOR PUBLIC USE AS IT RELATES TO THE EVENT. PLEASE CONTACT DOT SPECIAL EVENTS (SPECIALEVENTS@DOT.NYC.GOV) FOR FURTHER INFORMATION
SE00B7,0.0002621231979030144,WORK EMBARGO: 11/23 11AM - 11/23/2024 3PM FOR SPECIAL EVENT University of Notre Dame Band Concert / Pedestrian Plaza *NYC DOT REQUIRES FULL RESTORATION OF ROADWAY AND/OR SIDEWALK FOR PUBLIC USE AS IT RELATES TO THE EVENT. PLEASE CONTACT DOT SPECIAL EVENTS (SPECIALEVENTS@DOT.NYC.GOV) FOR FURTHER INFORMATION
SE2R91,0.0002621231979030144,WORK EMBARGO: 11/24/22 1am-11:59pm for 96th Annual Macys Thanksgiving Day Parade. Full street closure. *NYC DOT REQUIRES FULL RESTORATION OF ROADWAY AND/OR SIDEWALK FOR PUBLIC USE AS IT RELATES TO THE EVENT. PLEASE CONTACT DOT SPECIAL EVENTS (SPECIALEVENTS@DOT.NYC.GOV) FOR FURTHER INFORMATION
SE2R43,0.0002621231979030144,WORK EMBARGO: 06/21/23 12:01am to 06/25/23 11:59pm for 2023 Embargo NYC Pridefest. Full street closure. *NYC DOT REQUIRES FULL RESTORATION OF ROADWAY AND/OR SIDEWALK FOR PUBLIC USE AS IT RELATES TO THE EVENT. PLEASE CONTACT DOT SPECIAL EVENTS (SPECIALEVENTS@DOT.NYC.GOV) FOR FURTHER INFORMATION
SE30G1,0.0002621231979030144,WORK EMBARGO: 08/10/24 3am-5pm for Open Streets: Summer Streets. Full street closure. *NYC DOT requires full restoration of roadway and/or sidewalk for public use as it relates to the event. Please contact DOT Special Events (SpecialEvents@dot.nyc.gov) for further information.
SE1M66,0.0002621231979030144,WORK EMBARGO: 07/09/22 10am-6pm for Reaching Youth For CHRIST. Full street closure. *NYC DOT REQUIRES FULL RESTORATION OF ROADWAY AND/OR SIDEWALK FOR PUBLIC USE AS IT RELATES TO THE EVENT. PLEASE CONTACT DOT SPECIAL EVENTS (SPECIALEVENTS@DOT.NYC.GOV) FOR FURTHER INFORMATION
SE0Q73,0.0002621231979030144,WORK EMBARGO: 11/21 6AM - 01/05/2023 FOR SPECIAL EVENT Holiday 2022 / Street Event / Partial Sidewalk Closure *NYC DOT REQUIRES FULL RESTORATION OF ROADWAY AND/OR SIDEWALK FOR PUBLIC USE AS IT RELATES TO THE EVENT. PLEASE CONTACT DOT SPECIAL EVENTS (SPECIALEVENTS@DOT.NYC.GOV) FOR FURTHER INFORMATION
SE44A5,0.0002621231979030144,WORK EMBARGO: 08/08 11PM - 08/13/2024 10PM FOR SPECIAL EVENT Battle Champs x DYCD x Beats Rhymes Relief / Pedestrian Plaza *NYC DOT REQUIRES FULL RESTORATION OF ROADWAY AND/OR SIDEWALK FOR PUBLIC USE AS IT RELATES TO THE EVENT. PLEASE CONTACT DOT SPECIAL EVENTS (SPECIALEVENTS@DOT.NYC.GOV) FOR FURTHER INFORMATION
SE00X4,0.0002621231979030144,WORK EMBARGO: 05/29 05:00AM - 05/30/2026 11:30PM FOR SPECIAL EVENT Morris Mitzvah / Curb Lane Only *NYC DOT REQUIRES FULL RESTORATION OF ROADWAY AND/OR SIDEWALK FOR PUBLIC USE AS IT RELATES TO THE EVENT. PLEASE CONTACT DOT SPECIAL EVENTS (SPECIALEVENTS@DOT.NYC.GOV) FOR FURTHER INFORMATION
SE20U1,0.0002621231979030144,"WORK EMBARGO: 10/10/2026 12:00AM - 2:30PM for Alpha Win Big Apple Triathlon. Full Street Closure. *NYC DOT REQUIRES FULL RESTORATION OF ROADWAY AND/OR SIDEWALK FOR PUBLIC USE AS IT RELATES TO THE EVENT. PLEASE CONTACT DOT SPECIAL EVENTS (SPECIALEVENTS@DOT.NYC.GOV) FOR FURTHER INFORMATION. Note: Includes Riverside Park: Esplanade - 72nd St-83rd St-RSP, Riverside Park : Esplanade - 91st-100th Street-RSP, Riverside Park : Soccer D (103rd)-RSP, Central Park : West Drive, Central Park : East Drive, Riverside Park : Swing-A-Rings, Riverside Park : Softball 05 LL (104th)-RSP, HENRY HUDSON PARKWAY between WEST 56 ST STREET and MOSHOLU PARKWAY and, MOSHOLU PARKWAY between HENRY HUDSON PARKWAY and WEST GUN HILL ROAD"
SE43Q1,0.0002621231979030144,WORK EMBARGO: 09/03/2025 09:00AM - 05:30PM FOR SPECIAL EVENT Welcome Week Carnival and Club Fair / Full Street Closure *NYC DOT REQUIRES FULL RESTORATION OF ROADWAY AND/OR SIDEWALK FOR PUBLIC USE AS IT RELATES TO THE EVENT. PLEASE CONTACT DOT SPECIAL EVENTS (SPECIALEVENTS@DOT.NYC.GOV) FOR FURTHER INFORMATION
SE2Z57,0.0002621231979030144,WORK EMBARGO: 11/30 12AM - 12/03/2023 11:30PM FOR SPECIAL EVENT Holiday Snow Globe - 14th Street * Partial Sidewalk Closure *NYC DOT REQUIRES FULL RESTORATION OF ROADWAY AND/OR SIDEWALK FOR PUBLIC USE AS IT RELATES TO THE EVENT. PLEASE CONTACT DOT SPECIAL EVENTS (SPECIALEVENTS@DOT.NYC.GOV) FOR FURTHER INFORMATION
SE0Z89,0.0002621231979030144,WORK EMBARGO: 09-16-23 12am-11:59pm for GERMAN-AMERICAN STEUBEN PARADE. Full street closure. *NYC DOT requires full restoration of roadway and-or sidewalk for public use as it relates to the event. Please contact DOT Special Events (SpecialEvents@dot.nyc.gov) for further information.
028,0.0002621231979030144,"MAINTAIN 4 LANES FOR TRAFFIC, 2 LANES IN  EACH DIRECTION "
OCMC11,0.0002621231979030144,WORK ALSO ALLOWED 10AM TO 6PM SATURDAY. SECTION 24-224 ADMINISTRATIVE CODE VARIANCE GRANTED FOR HOURS AND DAYS STIPULATED HEREIN. 
SE1Q32,0.0002621231979030144,WORK EMBARGO: 11/22/2022 FOR SPECIAL EVENT SAKS WINDOW UNVAILING / Street Event ** TIME: 12AM - 11:59PM / Sidewalk and Curb Lane Closure *NYC DOT REQUIRES FULL RESTORATION OF ROADWAY AND/OR SIDEWALK FOR PUBLIC USE AS IT RELATES TO THE EVENT. PLEASE CONTACT DOT SPECIAL EVENTS (SPECIALEVENTS@DOT.NYC.GOV) FOR FURTHER INFORMATION
SE2S01,0.0002621231979030144,WORK EMBARGO: 06/04/23 7am-5:30pm for Celebrate Israel Parade Street Festival. Full street closure. *NYC DOT REQUIRES FULL RESTORATION OF ROADWAY AND/OR SIDEWALK FOR PUBLIC USE AS IT RELATES TO THE EVENT. PLEASE CONTACT DOT SPECIAL EVENTS (SPECIALEVENTS@DOT.NYC.GOV) FOR FURTHER INFORMATION
SE12G7,0.0002621231979030144,WORK EMBARGO: 07/26 12:01AM - 08/01/2024 11:59PM FOR SPECIAL EVENT Summer in the Square Production Area / Curb Lane Only *NYC DOT REQUIRES FULL RESTORATION OF ROADWAY AND/OR SIDEWALK FOR PUBLIC USE AS IT RELATES TO THE EVENT. PLEASE CONTACT DOT SPECIAL EVENTS (SPECIALEVENTS@DOT.NYC.GOV) FOR FURTHER INFORMATION
SE10V9,0.0002621231979030144,WORK EMBARGO: 08/17/2026 12:00AM - 05:30PM FOR SPECIAL EVENT Basketball Clinic / Pedestrian Plaza *NYC DOT REQUIRES FULL RESTORATION OF ROADWAY AND/OR SIDEWALK FOR PUBLIC USE AS IT RELATES TO THE EVENT. PLEASE CONTACT DOT SPECIAL EVENTS (SPECIALEVENTS@DOT.NYC.GOV) FOR FURTHER INFORMATION
CURE02,0.0002621231979030144,"ROADWAY: ONE LANE MAY REMAIN CLOSED FOR 48 HOURS FROM START OF RE-GRADE WORK, TO ALLOW FOR CURING AND FINAL RESTORATION. RE-GRADES PERFORMED MONDAY THROUGH WEDNESDAY MUST BE RESTORED WITHIN 48 HOURS. RE-GRADES PERFORMED THURSDAY THROUGH SUNDAY MUST BE  RESTORED BY NOON ON THE MONDAY FOLLOWING THE RE-GRADE WORK. SIDEWALK: A PORTION OF THE SIDEWALK MAY REMAIN CLOSED FOR A MAXIMUM OF 48 HOURS ONCE THE HARDWARE RE-GRADE EXCAVATION BEGINS TO ALLOW FOR INSTALLING AND CURING CONCRETE. IF THE RE-GRADE EXCAVATION  BEGINS ON A FRIDAY, THAT PORTION OF THE SIDEWALK MAY REMAIN CLOSED FOR 72 HOURS TO ALLOW FOR INSTALLING AND CURING CONCRETE."
SE46U0,0.0002621231979030144,WORK EMBARGO: 09/05/2026 08:00AM - 11:00PM FOR SPECIAL EVENT Inner City Pickeball / Pedestrian Plaza *NYC DOT REQUIRES FULL RESTORATION OF ROADWAY AND/OR SIDEWALK FOR PUBLIC USE AS IT RELATES TO THE EVENT. PLEASE CONTACT DOT SPECIAL EVENTS (SPECIALEVENTS@DOT.NYC.GOV) FOR FURTHER INFORMATION
054,0.0002621231979030144,OCCUPY 11 FOOT WIDTH OF ROADWAY ADJACENT  TO WEST CURBLINE 
113,0.0002621231979030144,WORK 9AM TO 7PM SATURDAY AND 10AM TO 7PM SUNDAY. SECTION 24-224 ADMINISTRATIVE CODE VARIANCE GRANTED FOR HOURS AND DAYS STIPULATED HEREIN. 
SE47D2,0.0002621231979030144,WORK EMBARGO: 05/16/2024 8AM - 10PM FOR SPECIAL EVENT Sports Illustrated Swimsuit Event / Sidewalk and Curb Lane Closure *NYC DOT REQUIRES FULL RESTORATION OF ROADWAY AND/OR SIDEWALK FOR PUBLIC USE AS IT RELATES TO THE EVENT. PLEASE CONTACT DOT SPECIAL EVENTS (SPECIALEVENTS@DOT.NYC.GOV) FOR FURTHER INFORMATION
056,0.0002621231979030144,OCCUPY 20 FOOT WIDTH OF ROADWAY ADJACENT  TO SOUTH CURBLINE 
SE2T44,0.0002621231979030144,WORK EMBARGO: 06/02/23 10am to 06/03/23 8pm for Haitian Flag Day Parade. full street closure. *NYC DOT requires full restoration of roadway and/or sidewalk for public use as it relates to the event. Please contact DOT Special Events (specialevents@dot.nyc.gov) for further information.
SE2T40,0.0002621231979030144,WORK EMBARGO: 08/24/2023 FOR SPECIAL EVENT Convocation / Plaza Event ** TIME: 6AM - 6:30PM / Pedestrian Plaza *NYC DOT REQUIRES FULL RESTORATION OF ROADWAY AND/OR SIDEWALK FOR PUBLIC USE AS IT RELATES TO THE EVENT. PLEASE CONTACT DOT SPECIAL EVENTS (SPECIALEVENTS@DOT.NYC.GOV) FOR FURTHER INFORMATION
079,0.0002621231979030144,WORK 7PM - 10AM WEEKNIGHTS. SECTION 24-224 ADMINISTRATIVE CODE VARIANCE GRANTED FOR HOURS AND DAYS STIPULATED HEREIN.
SE2Q65,0.0002621231979030144,WORK EMBARGO: 11/05/22 12am-1pm for Abbott Dash to the Finish Line 5k. Full street closure. *NYC DOT REQUIRES FULL RESTORATION OF ROADWAY AND/OR SIDEWALK FOR PUBLIC USE AS IT RELATES TO THE EVENT. PLEASE CONTACT DOT SPECIAL EVENTS (SPECIALEVENTS@DOT.NYC.GOV) FOR FURTHER INFORMATION
SE20T5,0.0002621231979030144,WORK EMBARGO: 06/06/2026 08:00AM - 04:00PM FOR SPECIAL EVENT Brunch Pitch Entrepreneurs / Pedestrian Plaza *NYC DOT REQUIRES FULL RESTORATION OF ROADWAY AND/OR SIDEWALK FOR PUBLIC USE AS IT RELATES TO THE EVENT. PLEASE CONTACT DOT SPECIAL EVENTS (SPECIALEVENTS@DOT.NYC.GOV) FOR FURTHER INFORMATION
SE42R8,0.0002621231979030144,WORK EMBARGO: 09/06/2025 12:01AM - 09/08/2025 11:59 PM for 2025 Embargo Taste of Time Square. Full Street Closure. NYC DOT REQUIRES FULL RESTORATION OF ROADWAY AND/OR SIDEWALK FOR PUBLIC USE AS IT RELATES TO THE EVENT. PLEASE CONTACT DOT SPECIAL EVENTS (SPECIALEVENTS@DOT.NYC.GOV) FOR FURTHER INFORMATION
SE30G3,0.0002621231979030144,WORK EMBARGO: 08/17/24 3am-5pm for Open Streets: Summer Streets. Full street closure. *NYC DOT requires full restoration of roadway and/or sidewalk for public use as it relates to the event. Please contact DOT Special Events (SpecialEvents@dot.nyc.gov) for further information.
SE0S78,0.0002621231979030144,WORK EMBARGO: 01/07 6AM - 12/30/2023 6PM FOR SPECIAL EVENT 82 street Greenmarket Saturday / Farmers Market / Sidewalk and Curb Lane Closure *NYC DOT REQUIRES FULL RESTORATION OF ROADWAY AND/OR SIDEWALK FOR PUBLIC USE AS IT RELATES TO THE EVENT. PLEASE CONTACT DOT SPECIAL EVENTS (SPECIALEVENTS@DOT.NYC.GOV) FOR FURTHER INFORMATION ** Recurring Days Notes: Farmers Market Saturdays- Out Side of St Stephens of Hungary Use of Curb lane and 10 Ft of Sidewalk. 1-7-2023 to 12-30-2023
SE12U4,0.0002621231979030144,WORK EMBARGO:08/30/2026 8:00AM - 8:00PM for THE 41ST ANNUAL BRAZILIAN DAY FESTIVAL. Full Street Closure. *NYC DOT REQUIRES FULL RESTORATION OF ROADWAY AND/OR SIDEWALK FOR PUBLIC USE AS IT RELATES TO THE EVENT. PLEASE CONTACT DOT SPECIAL EVENTS (SPECIALEVENTS@DOT.NYC.GOV) FOR FURTHER INFORMATION
SE30K1,0.0002621231979030144,WORK EMBARGO: 08/24/25 10am-6pm for Pakistan Independence Day Celebration. Full street closure. *NYC DOT requires full restoration of roadway and/or sidewalk for public use as it relates to the event. Please contact DOT Special Events (SpecialEvents@dot.nyc.gov) for further information.
SE01B8,0.0002621231979030144,WORK EMBARGO: 06/02/24 8am-7pm for Philippine Independence Day Celebration. Full street closure. *NYC DOT requires full restoration of roadway and/or sidewalk for public use as it relates to the event. Please contact DOT Special Events (SpecialEvents@dot.nyc.gov) for further information.
SE0T85,0.0002621231979030144,WORK EMBARGO: 04/01/23 8:30am-2pm for 2023 Northern Manhattan Interparochial Via Crucis. Full street closure. *NYC DOT requires full restoration of roadway and/or sidewalk for public use as it relates to the event. Please contact DOT Special Events (specialevents@dot.nyc.gov) for further information.
SE02B4,0.0002621231979030144,WORK EMBARGO: 04/21/24 8:30am-2:30pm for Persian Day Parade. Full street closure. *NYC DOT requires full restoration of roadway and/or sidewalk for public use as it relates to the event. Please contact DOT Special Events (SpecialEvents@dot.nyc.gov) for further information.
SE21T9,0.0002621231979030144,WORK EMBARGO: 10/24/2026 12:00AM - 09:30PM FOR SPECIAL EVENT Sammaan For All Diwali at Times Square / Ful Street Closure *NYC DOT REQUIRES FULL RESTORATION OF ROADWAY AND/OR SIDEWALK FOR PUBLIC USE AS IT RELATES TO THE EVENT. PLEASE CONTACT DOT SPECIAL EVENTS (SPECIALEVENTS@DOT.NYC.GOV) FOR FURTHER INFORMATION
SE30J9,0.0002621231979030144,WORK EMBARGO: 11/19 8AM - 12/03/2024 8PM FOR SPECIAL EVENT Holiday Catering Pickup / Curb Lane Only *NYC DOT REQUIRES FULL RESTORATION OF ROADWAY AND/OR SIDEWALK FOR PUBLIC USE AS IT RELATES TO THE EVENT. PLEASE CONTACT DOT SPECIAL EVENTS (SPECIALEVENTS@DOT.NYC.GOV) FOR FURTHER INFORMATION
SE22K7,0.0002621231979030144,WORK EMBARGO: 07/10/25 8am-8pm for GRAND CENTRAL COMMUNITY SUMMERFEST. Full street closure. *NYC DOT requires full restoration of roadway and/or sidewalk for public use as it relates to the event. Please contact DOT Special Events (SpecialEvents@dot.nyc.gov) for further information.
SE01E5,0.0002621231979030144,WORK EMBARGO: 04/01/24 to 10/31/24 10am-11pm for BOND STREET OPEN STREET. Full street closure. *NYC DOT requires full restoration of roadway and/or sidewalk for public use as it relates to the event. Please contact DOT Special Events (SpecialEvents@dot.nyc.gov) for further information.
SE42E4,0.0002621231979030144,"WORK EMBARGO: 06/04 6AM - 11/26/2024 7PM FOR SPECIAL EVENT Astor Place Greenmarket Tuesday / Sidewalk and Curb Lane Closure *NYC DOT REQUIRES FULL RESTORATION OF ROADWAY AND/OR SIDEWALK FOR PUBLIC USE AS IT RELATES TO THE EVENT. PLEASE CONTACT DOT SPECIAL EVENTS (SPECIALEVENTS@DOT.NYC.GOV) FOR FURTHER INFORMATION ** Recurring Event Notes: Farmers market Tuesdays starting 6/4 to 11/26/24 on Astor place plaza between Lafayette and Cooper Square and 8th street . Market will be on Plaza with PARKING on the W/S of Cooper Sq between E 8th street and E 6th street * Recurring Dates: 06/18/2024,06/25/2024,07/02/2024,07/09/2024,07/16/2024,07/23/2024,07/30/2024,08/06/2024,08/13/2024,08/20/2024,08/27/2024,09/03/2024,09/10/2024,09/17/2024,09/24/2024,10/01/2024,10/08/2024,10/15/2024,10/22/2024,10/29/2024,11/05/2024,11/12/2024,11/19/2024,11/26/2024"
SE12K7,0.0002621231979030144,WORK EMBARGO: 04/26/25 6am-7pm for SIKH DAY PARADE 2025. Full street closure. *NYC DOT requires full restoration of roadway and/or sidewalk for public use as it relates to the event. Please contact DOT Special Events (SpecialEvents@dot.nyc.gov) for further information.
SE41E7,0.0002621231979030144,WORK EMBARGO: 06/08/24 4am-9pm for Hare Krishna Festival 2024. Full street closure. *NYC DOT requires full restoration of roadway and/or sidewalk for public use as it relates to the event. Please contact DOT Special Events (SpecialEvents@dot.nyc.gov) for further information.
SE86T2,0.0001310615989515072,WORK EMBARGO:07/25/2026 8:00AM - 8:00PM for 60th Street Fair. Full Street Closure. *NYC DOT REQUIRES FULL RESTORATION OF ROADWAY AND/OR SIDEWALK FOR PUBLIC USE AS IT RELATES TO THE EVENT. PLEASE CONTACT DOT SPECIAL EVENTS (SPECIALEVENTS@DOT.NYC.GOV) FOR FURTHER INFORMATION
SE14X4,0.0001310615989515072,WORK EMBARGO: 04/15/2026 12:00AM - 11/30/2026 12:00AM for ELIZABETH STREET Open Street 2026. Full Street Closure. *NYC DOT REQUIRES FULL RESTORATION OF ROADWAY AND/OR SIDEWALK FOR PUBLIC USE AS IT RELATES TO THE EVENT. PLEASE CONTACT DOT SPECIAL EVENTS (SPECIALEVENTS@DOT.NYC.GOV) FOR FURTHER INFORMATION
SE88A1,0.0001310615989515072,WORK EMBARGO: 05/11/24 10am-5:30pm for Ecological City Procession. Full street closure. *NYC DOT requires full restoration of roadway and/or sidewalk for public use as it relates to the event. Please contact DOT Special Events (SpecialEvents@dot.nyc.gov) for further information.
SE155A,0.0001310615989515072,WORK EMBARGO: 08/23/2026 06:00AM - 08:00AM FOR SPECIAL EVENT Americas 911 Ride / Curb Lane Only *NYC DOT REQUIRES FULL RESTORATION OF ROADWAY AND/OR SIDEWALK FOR PUBLIC USE AS IT RELATES TO THE EVENT. PLEASE CONTACT DOT SPECIAL EVENTS (SPECIALEVENTS@DOT.NYC.GOV) FOR FURTHER INFORMATION
SE83P2,0.0001310615989515072,WORK EMBARGO: 07/27/2025 6:00AM - 10:00PM FOR SPECIAL EVENT Hourglass Cosmetics at 14 Prince Street / Curb Lane Only *NYC DOT REQUIRES FULL RESTORATION OF ROADWAY AND/OR SIDEWALK FOR PUBLIC USE AS IT RELATES TO THE EVENT. PLEASE CONTACT DOT SPECIAL EVENTS (SPECIALEVENTS@DOT.NYC.GOV) FOR FURTHER INFORMATION
SE83K8,0.0001310615989515072,WORK EMBARGO: 04/19/2025 6:00AM - 11:30AM FOR SPECIAL EVENT Opening Ceremonies for 125th New York Auto Show / Full Street Closure *NYC DOT REQUIRES FULL RESTORATION OF ROADWAY AND/OR SIDEWALK FOR PUBLIC USE AS IT RELATES TO THE EVENT. PLEASE CONTACT DOT SPECIAL EVENTS (SPECIALEVENTS@DOT.NYC.GOV) FOR FURTHER INFORMATION
SE85Q7,0.0001310615989515072,WORK EMBARGO: 10/19/2025 2:30PM - 10:30PM for Religious Procession of Our Lord of Miracles. Full Street Closure. NYC DOT REQUIRES FULL RESTORATION OF ROADWAY AND/OR SIDEWALK FOR PUBLIC USE AS IT RELATES TO THE EVENT. PLEASE CONTACT DOT SPECIAL EVENTS (SPECIALEVENTS@DOT.NYC.GOV) FOR FURTHER INFORMATION
SE14X2,0.0001310615989515072,WORK EMBARGO: 04/15/2026 12:00AM - 12/31/2026 12:00AM for BROADWAY Open Street 2026. Full Street Closure. *NYC DOT REQUIRES FULL RESTORATION OF ROADWAY AND/OR SIDEWALK FOR PUBLIC USE AS IT RELATES TO THE EVENT. PLEASE CONTACT DOT SPECIAL EVENTS (SPECIALEVENTS@DOT.NYC.GOV) FOR FURTHER INFORMATION
SE14K5,0.0001310615989515072,WORK EMBARGO: 12/15 12:01AM - 12/21/2024 11:59PM FOR SPECIAL EVENT TS2025 - Week 3 / Curb Lane Only / Pedestrian Plaza *NYC DOT REQUIRES FULL RESTORATION OF ROADWAY AND/OR SIDEWALK FOR PUBLIC USE AS IT RELATES TO THE EVENT. PLEASE CONTACT DOT SPECIAL EVENTS (SPECIALEVENTS@DOT.NYC.GOV) FOR FURTHER INFORMATION
SE83C4,0.0001310615989515072,WORK EMBARGO: 04/24/2024 7AM - 7PM FOR SPECIAL EVENT New Jersey Tourism Penn Station / Partial Sidewalk Closure *NYC DOT REQUIRES FULL RESTORATION OF ROADWAY AND/OR SIDEWALK FOR PUBLIC USE AS IT RELATES TO THE EVENT. PLEASE CONTACT DOT SPECIAL EVENTS (SPECIALEVENTS@DOT.NYC.GOV) FOR FURTHER INFORMATION
SE130B,0.0001310615989515072,WORK EMBARGO: 11/08/2026 12:01AM - 11/11/2026 11:59PM for 2026 Embargo Veteran's Day Parade. Full Street Closure. *NYC DOT REQUIRES FULL RESTORATION OF ROADWAY AND/OR SIDEWALK FOR PUBLIC USE AS IT RELATES TO THE EVENT. PLEASE CONTACT DOT SPECIAL EVENTS (SPECIALEVENTS@DOT.NYC.GOV) FOR FURTHER INFORMATION. Note: Includes West 26 Street and West 23 Street
SE14W2,0.0001310615989515072,WORK EMBARGO: 07/31/2026 12:00AM - 07:00PM FOR SPECIAL EVENT Broadway Celebrates Juneteenth / Pedestrian Plaza *NYC DOT REQUIRES FULL RESTORATION OF ROADWAY AND/OR SIDEWALK FOR PUBLIC USE AS IT RELATES TO THE EVENT. PLEASE CONTACT DOT SPECIAL EVENTS (SPECIALEVENTS@DOT.NYC.GOV) FOR FURTHER INFORMATION
SE14O8,0.0001310615989515072,WORK EMBARGO: 07/13/25 10am-6pm for Carnaval Cubano. Full street closure. *NYC DOT requires full restoration of roadway and/or sidewalk for public use as it relates to the event. Please contact DOT Special Events (SpecialEvents@dot.nyc.gov) for further information.
SE86P2,0.0001310615989515072,"WORK EMBARGO: 6/27/2025 -07/5/2025 for 2025 Embargo Macy's 4th of July Annual Fireworks Celebration 12:01AM - 6:00AM. Full Street Closure. NYC DOT REQUIRES FULL RESTORATION OF ROADWAY AND/OR SIDEWALK FOR PUBLIC USE AS IT RELATES TO THE EVENT. PLEASE CONTACT DOT SPECIAL EVENTS (SPECIALEVENTS@DOT.NYC.GOV) FOR FURTHER INFORMATION. Note* Includes: Manhattan Bridge, Water St btwn Adams St & Old Fulton St, Tillary St btwn Prince St & Cadman Plaza W, Coffey St btwn Van Brunt St & Dead End, Adams St btwn Brooklyn Bridge/Brooklyn Bridge Blvd & Joralemon St/Fulton St, Flatbush Ave/Flatbush Ave Ext btwn Manhattan Bridge & Atlantic Avenue, Conover St btwn Pioneer St & Dead End. Battery Pl between State St/Broadway & West St, Water St btwn State St/Whitehall St & Pearl St. Robert F. Wagner Sr. Pl btwn Pearl St & South St, Pike St btwn Divsion St & Canal St. FDR drive btwn Brooklyn Battery Underpass & Delancy St."
SE14I9,0.0001310615989515072,WORK EMBARGO: 09/26/24 5pm-8pm for Ayotzinapa 43: 10 Years Without 43 Hearts. Full street closure. *NYC DOT requires full restoration of roadway and/or sidewalk for public use as it relates to the event. Please contact DOT Special Events (SpecialEvents@dot.nyc.gov) for further information.
SE12B7,0.0001310615989515072,WORK EMBARGO: 07/13/24 8sm-8pm for 6th Avenue Fair. Full street closure. *NYC DOT requires full restoration of roadway and/or sidewalk for public use as it relates to the event. Please contact DOT Special Events (SpecialEvents@dot.nyc.gov) for further information.
SE86M2,0.0001310615989515072,WORK EMBARGO: 05/20/25 5am to 05/22/25 5am for Bloomberg Square Mile Relay. Full street closure. *NYC DOT requires full restoration of roadway and/or sidewalk for public use as it relates to the event. Please contact DOT Special Events (SpecialEvents@dot.nyc.gov) for further information.
SE13B2,0.0001310615989515072,WORK EMBARGO: 07/28/24 8am-8pm for 3rd Avenue Cooper Square Fair. Full street closure. *NYC DOT requires full restoration of roadway and/or sidewalk for public use as it relates to the event. Please contact DOT Special Events (SpecialEvents@dot.nyc.gov) for further information.
SE86V5,0.0001310615989515072,WORK EMBARGO: 04/22/2026 12:30AM - 11:30PM FOR SPECIAL EVENT Apex Movie Premier After Party / Curb Lane Only *NYC DOT REQUIRES FULL RESTORATION OF ROADWAY AND/OR SIDEWALK FOR PUBLIC USE AS IT RELATES TO THE EVENT. PLEASE CONTACT DOT SPECIAL EVENTS (SPECIALEVENTS@DOT.NYC.GOV) FOR FURTHER INFORMATION
SE85G4,0.0001310615989515072,WORK EMBARGO: 03/23 12:01AM - 03/27/2025 11:59PM FOR SPECIAL EVENT 2025 Embargo Yankee Stadium Opening Day / Full Street Closure *NYC DOT REQUIRES FULL RESTORATION OF ROADWAY AND/OR SIDEWALK FOR PUBLIC USE AS IT RELATES TO THE EVENT. PLEASE CONTACT DOT SPECIAL EVENTS (SPECIALEVENTS@DOT.NYC.GOV) FOR FURTHER INFORMATION ** Locations: Bronx Portion • Area bounded by East/West 169th Street on the North; East 138th Street on the South; Grand Concourse on the East; Harlem River on the West • Major Deegan Expressway between RFK/Triborough Bridge and Van Cortlandt Park South • Willis Avenue Bridge • Third Avenue Bridge • Madison Avenue Bridge • 145th Street Bridge • Macombs Dam Bridge
SE87J5,0.0001310615989515072,WORK EMBARGO: 04/26/25 6am-5:30pm for Open Streets: Car-Free Earth Day - Broadway Manhattan. Full street closure. *NYC DOT requires full restoration of roadway and/or sidewalk for public use as it relates to the event. Please contact DOT Special Events (SpecialEvents@dot.nyc.gov) for further information.
SE84V6,0.0001310615989515072,WORK EMBARGO: 06/26/2026 7:00PM - 06/27/2026 11:30PM for The Drag March. Full Street Closure. *NYC DOT REQUIRES FULL RESTORATION OF ROADWAY AND/OR SIDEWALK FOR PUBLIC USE AS IT RELATES TO THE EVENT. PLEASE CONTACT DOT SPECIAL EVENTS (SPECIALEVENTS@DOT.NYC.GOV) FOR FURTHER INFORMATION
SE87E2,0.0001310615989515072,WORK EMBARGO: 07/04/24 8am-11:30pm for Sharon Brown Jeter for President: Thomas Daniel Brown Annie Lee Brown Christian Military Reunion. Full street closure. *NYC DOT requires full restoration of roadway and/or sidewalk for public use as it relates to the event. Please contact DOT Special Events (SpecialEvents@dot.nyc.gov) for further information.
SE84T8,0.0001310615989515072,WORK EMBARGO: 07/12/2026 8:00AM - 8:00PM for Bastille Day Festival. Full Street Closure. *NYC DOT REQUIRES FULL RESTORATION OF ROADWAY AND/OR SIDEWALK FOR PUBLIC USE AS IT RELATES TO THE EVENT. PLEASE CONTACT DOT SPECIAL EVENTS (SPECIALEVENTS@DOT.NYC.GOV) FOR FURTHER INFORMATION
SE12J3,0.0001310615989515072,WORK EMBARGO: 05/07 1:00PM - 09/24/2025 9:00PM FOR SPECIAL EVENT TSQ LIVE: 43/44 Plaza Programming / Pedestrian Plaza -Broadway / Curb Lane Only -W 43 Street *NYC DOT REQUIRES FULL RESTORATION OF ROADWAY AND/OR SIDEWALK FOR PUBLIC USE AS IT RELATES TO THE EVENT. PLEASE CONTACT DOT SPECIAL EVENTS (SPECIALEVENTS@DOT.NYC.GOV) FOR FURTHER INFORMATION ** Recurring Event Notes: Every Wednesday from May 7 to Sept 24
SE84Z2,0.0001310615989515072,WORK EMBARGO: 07/17 12:00AM - 07/18/2026 11:59PM FOR SPECIAL EVENT SI EVENT CIPRIANI WALL STREET / Curb Lane Only *NYC DOT REQUIRES FULL RESTORATION OF ROADWAY AND/OR SIDEWALK FOR PUBLIC USE AS IT RELATES TO THE EVENT. PLEASE CONTACT DOT SPECIAL EVENTS (SPECIALEVENTS@DOT.NYC.GOV) FOR FURTHER INFORMATION
SE13R0,0.0001310615989515072,WORK EMBARGO: 11/24/2025 12:01AM - 11:59PM FOR SPECIAL EVENT SAKS WINDOW UNVEILING / Partial Sidewalk Closure / Curb Lane Only *NYC DOT REQUIRES FULL RESTORATION OF ROADWAY AND/OR SIDEWALK FOR PUBLIC USE AS IT RELATES TO THE EVENT. PLEASE CONTACT DOT SPECIAL EVENTS (SPECIALEVENTS@DOT.NYC.GOV) FOR FURTHER INFORMATION
SE84A7,0.0001310615989515072,WORK EMBARGO: 05/16/24 3pm-9pm for American Heart Association Wall Street Run and Heart Walk. Full street closure. *NYC DOT requires full restoration of roadway and/or sidewalk for public use as it relates to the event. Please contact DOT Special Events (SpecialEvents@dot.nyc.gov) for further information.
SE857A,0.0001310615989515072,WORK EMBARGO: 09/15 10:00PM - 09/29/2026 10:00PM FOR SPECIAL EVENT Saks Holiday Lite Show set up / Curb Lane Only *NYC DOT REQUIRES FULL RESTORATION OF ROADWAY AND/OR SIDEWALK FOR PUBLIC USE AS IT RELATES TO THE EVENT. PLEASE CONTACT DOT SPECIAL EVENTS (SPECIALEVENTS@DOT.NYC.GOV) FOR FURTHER INFORMATION
SE877B,0.0001310615989515072,WORK EMBARGO: 10/18/2026 6:00AM - 3:00PM for 9th Annual Disability Pride Parade. Full Street Closure. *NYC DOT REQUIRES FULL RESTORATION OF ROADWAY AND/OR SIDEWALK FOR PUBLIC USE AS IT RELATES TO THE EVENT. PLEASE CONTACT DOT SPECIAL EVENTS (SPECIALEVENTS@DOT.NYC.GOV) FOR FURTHER INFORMATION
SE13B9,0.0001310615989515072,WORK EMBARGO: 04/06/2024 9:30AM - 2:30PM FOR SPECIAL EVENT Vaccine Clinic-- Manhattan / Sidewalk and Curb Lane Closure *NYC DOT REQUIRES FULL RESTORATION OF ROADWAY AND/OR SIDEWALK FOR PUBLIC USE AS IT RELATES TO THE EVENT. PLEASE CONTACT DOT SPECIAL EVENTS (SPECIALEVENTS@DOT.NYC.GOV) FOR FURTHER INFORMATION
SE13T0,0.0001310615989515072,WORK EMBARGO: 07/11/2026 10:00AM - 05:00PM FOR SPECIAL EVENT Lower East Side Peoples Federal Credit Union 40th Anniversary Celebration / Full Street Closure *NYC DOT REQUIRES FULL RESTORATION OF ROADWAY AND/OR SIDEWALK FOR PUBLIC USE AS IT RELATES TO THE EVENT. PLEASE CONTACT DOT SPECIAL EVENTS (SPECIALEVENTS@DOT.NYC.GOV) FOR FURTHER INFORMATION
SE85A7,0.0001310615989515072,"WORK EMBARGO: 12/08/24 11am-3pm for NYC Law Enforcement Rockefeller Center Toys for Tots Police Charity Motorcycle Parade. Rolling street closure. *NYC DOT requires full restoration of roadway and/or sidewalk for public use as it relates to the event. Please contact DOT Special Events (SpecialEvents@dot.nyc.gov) for further information. Note: Includes Verrazano-Narrows Bridge, Gowanus Expy bet Verrazano Br and BQE, Brooklyn Bridge WB, BQE bet Gowanus Expy and Brooklyn Bridge"
SE140B,0.0001310615989515072,"WORK EMBARGO: 10/22/2026 12:01AM - 10/31/2026 11:59PM for 2026 Embargo NYRR Abbott Dash to the Finish Line 5K. Full Street Closure. *NYC DOT REQUIRES FULL RESTORATION OF ROADWAY AND/OR SIDEWALK FOR PUBLIC USE AS IT RELATES TO THE EVENT. PLEASE CONTACT DOT SPECIAL EVENTS (SPECIALEVENTS@DOT.NYC.GOV) FOR FURTHER INFORMATION. Note: Includes East Drive between Grand Army Plaza and Center Drive, Center Drive between East Drive and West Drive and West Drive between Center Drive and 67th Street"
SE87Z4,0.0001310615989515072,WORK EMBARGO: 09/12 12:00AM - 09/13/2026 11:30PM FOR SPECIAL EVENT Grand Street Line Queue / Partial Sidewalk Closure *NYC DOT REQUIRES FULL RESTORATION OF ROADWAY AND/OR SIDEWALK FOR PUBLIC USE AS IT RELATES TO THE EVENT. PLEASE CONTACT DOT SPECIAL EVENTS (SPECIALEVENTS@DOT.NYC.GOV) FOR FURTHER INFORMATION
SE83V3,0.0001310615989515072,WORK EMBARGO: 04/25/2026 12:00AM - 11:30PM for Purple Stride PanCan Charity Walk 2026. Full Street and Partial Sidewalk Closures. *NYC DOT REQUIRES FULL RESTORATION OF ROADWAY AND/OR SIDEWALK FOR PUBLIC USE AS IT RELATES TO THE EVENT. PLEASE CONTACT DOT SPECIAL EVENTS (SPECIALEVENTS@DOT.NYC.GOV) FOR FURTHER INFORMATION
SE83U0,0.0001310615989515072,WORK EMBARGO: 03/02 06:00AM - 03/03/2026 11:00PM FOR SPECIAL EVENT Great Wine Grand Tasting Trade / Curb Lane Only *NYC DOT REQUIRES FULL RESTORATION OF ROADWAY AND/OR SIDEWALK FOR PUBLIC USE AS IT RELATES TO THE EVENT. PLEASE CONTACT DOT SPECIAL EVENTS (SPECIALEVENTS@DOT.NYC.GOV) FOR FURTHER INFORMATION
SE83T5,0.0001310615989515072,WORK EMBARGO: 07/03/2026 8:00AM - 8:00PM for THE GREAT JULY 4TH FESTIVAL. Full Street Closure. *NYC DOT REQUIRES FULL RESTORATION OF ROADWAY AND/OR SIDEWALK FOR PUBLIC USE AS IT RELATES TO THE EVENT. PLEASE CONTACT DOT SPECIAL EVENTS (SPECIALEVENTS@DOT.NYC.GOV) FOR FURTHER INFORMATION
SE13B7,0.0001310615989515072,WORK EMBARGO: 03/09/2024 9:30AM - 2:30PM FOR SPECIAL EVENT Vaccine Clinic-- Manhattan / Sidewalk and Curb Lane Closure *NYC DOT REQUIRES FULL RESTORATION OF ROADWAY AND/OR SIDEWALK FOR PUBLIC USE AS IT RELATES TO THE EVENT. PLEASE CONTACT DOT SPECIAL EVENTS (SPECIALEVENTS@DOT.NYC.GOV) FOR FURTHER INFORMATION
SE83R8,0.0001310615989515072,WORK EMBARGO: 10/27 06:00AM - 11/01/2025 11:59PM FOR SPECIAL EVENT Vanderbilt University Private Donor Reception at The General Theological Seminary: 440 W. 21st St. / Curb Lane Only *NYC DOT REQUIRES FULL RESTORATION OF ROADWAY AND/OR SIDEWALK FOR PUBLIC USE AS IT RELATES TO THE EVENT. PLEASE CONTACT DOT SPECIAL EVENTS (SPECIALEVENTS@DOT.NYC.GOV) FOR FURTHER INFORMATION
SE877A,0.0001310615989515072,WORK EMBARGO: 11/30/2026 12:01AM - 12/02/2026 11:59PM for 2026 Embargo Rockefeller Tree Lighting Ceremony. Full Street Closure. *NYC DOT REQUIRES FULL RESTORATION OF ROADWAY AND/OR SIDEWALK FOR PUBLIC USE AS IT RELATES TO THE EVENT. PLEASE CONTACT DOT SPECIAL EVENTS (SPECIALEVENTS@DOT.NYC.GOV) FOR FURTHER INFORMATION
SE13B5,0.0001310615989515072,WORK EMBARGO: 02/10/2024 9:30AM - 2:30PM FOR SPECIAL EVENT Vaccine Clinic-- Manhattan / Sidewalk and Curb Lane Closure *NYC DOT REQUIRES FULL RESTORATION OF ROADWAY AND/OR SIDEWALK FOR PUBLIC USE AS IT RELATES TO THE EVENT. PLEASE CONTACT DOT SPECIAL EVENTS (SPECIALEVENTS@DOT.NYC.GOV) FOR FURTHER INFORMATION
SE87D5,0.0001310615989515072,WORK EMBARGO: 06/29/2024 10AM - 7PM FOR SPECIAL EVENT West End Summer Block Party: Pride / Full Street Closure *NYC DOT REQUIRES FULL RESTORATION OF ROADWAY AND/OR SIDEWALK FOR PUBLIC USE AS IT RELATES TO THE EVENT. PLEASE CONTACT DOT SPECIAL EVENTS (SPECIALEVENTS@DOT.NYC.GOV) FOR FURTHER INFORMATION
SE85G6,0.0001310615989515072,WORK EMBARGO: 08/09/2024 6AM - 10PM FOR SPECIAL EVENT Crumbli Event / Partial Sidewalk Closure -7 Ave / Curb Lane Only -West 24 Str *NYC DOT REQUIRES FULL RESTORATION OF ROADWAY AND/OR SIDEWALK FOR PUBLIC USE AS IT RELATES TO THE EVENT. PLEASE CONTACT DOT SPECIAL EVENTS (SPECIALEVENTS@DOT.NYC.GOV) FOR FURTHER INFORMATION
SE17B9,0.0001310615989515072,WORK EMBARGO: 05/18/24 8am-8pm for P.A.L. FESTIVAL. Full street closure. *NYC DOT requires full restoration of roadway and/or sidewalk for public use as it relates to the event. Please contact DOT Special Events (SpecialEvents@dot.nyc.gov) for further information.
SE82A6,0.0001310615989515072,WORK EMBARGO: 04/21/2024 12AM - 11:30PM FOR SPECIAL EVENT 43-44 Plaza Event for New Product Launch / Pedestrian Plaza *NYC DOT REQUIRES FULL RESTORATION OF ROADWAY AND/OR SIDEWALK FOR PUBLIC USE AS IT RELATES TO THE EVENT. PLEASE CONTACT DOT SPECIAL EVENTS (SPECIALEVENTS@DOT.NYC.GOV) FOR FURTHER INFORMATION
SE7S05,0.0001310615989515072,WORK EMBARGO: 03/02/2023 FOR SPECIAL EVENT 2023 PEN America Literary Awards Red Carpet / Street Event ** TIME: 4PM - 9PM / Partial Sidewalk Closure *NYC DOT REQUIRES FULL RESTORATION OF ROADWAY AND/OR SIDEWALK FOR PUBLIC USE AS IT RELATES TO THE EVENT. PLEASE CONTACT DOT SPECIAL EVENTS (SPECIALEVENTS@DOT.NYC.GOV) FOR FURTHER INFORMATION
SE1L35,0.0001310615989515072,WORK EMBARGO: 07/14/2022 FOR SPECIAL EVENT 2022 Soldier Ride New York / Production Event ** TIME: 5AM - 10:30PM / Curb Lane Only *NYC DOT REQUIRES FULL RESTORATION OF ROADWAY AND/OR SIDEWALK FOR PUBLIC USE AS IT RELATES TO THE EVENT. PLEASE CONTACT DOT SPECIAL EVENTS (SPECIALEVENTS@DOT.NYC.GOV) FOR FURTHER INFORMATION
SE1J94,0.0001310615989515072,WORK EMBARGO: 04/24/22 8am-8pm for 2nd Avenue Festival. Full street closure. *NYC DOT REQUIRES FULL RESTORATION OF ROADWAY AND/OR SIDEWALK FOR PUBLIC USE AS IT RELATES TO THE EVENT. PLEASE CONTACT DOT SPECIAL EVENTS (SPECIALEVENTS@DOT.NYC.GOV) FOR FURTHER INFORMATION
SE7M31,0.0001310615989515072,WORK EMBARGO: 07/07/22 tp 07/28/22 4pm-9pm for Arts and Culture on East 4th Street OPEN STREET. Full street closure. *NYC DOT REQUIRES FULL RESTORATION OF ROADWAY AND/OR SIDEWALK FOR PUBLIC USE AS IT RELATES TO THE EVENT. PLEASE CONTACT DOT SPECIAL EVENTS (SPECIALEVENTS@DOT.NYC.GOV) FOR FURTHER INFORMATION
SE7M41,0.0001310615989515072,"WORK EMBARGO: 08/04/22 tp 0//25/22 4pm-9pm for Arts and Culture on East 4th Street OPEN STREET. Full street closure. *NYC DOT REQUIRES FULL RESTORATION OF ROADWAY AND/OR SIDEWALK FOR PUBLIC USE AS IT RELATES TO THE EVENT. PLEASE CONTACT DOT SPECIAL EVENTS (SPECIALEVENTS@DOT.NYC.GOV) FOR FURTHER INFORMATION. Recurring Dates: 08/04/2022,08/11/2022,08/18/2022,08/25/2022"
SE1J68,0.0001310615989515072,WORK EMBARGO: 00/00 - 00/00/2016 FOR SPECIAL EVENT NAME TIME: 12:01 AM - 6 PM *NYC DOT REQUIRES FULL RESTORATION OF ROADWAY AND/OR SIDEWALK FOR PUBLIC USE AS IT RELATES TO THE EVENT. PLEASE CONTACT DOT SPECIAL EVENTS (SPECIALEVENTS@DOT.NYC.GOV) FOR FURTHER INFORMATION
SE7M59,0.0001310615989515072,WORK EMBARGO: 06/18/2022 FOR SPECIAL EVENT OXG Pop Up - June 18 / Street Event ** TIME: 12AM - 11:30PM / Partial Sidewalk Closure *NYC DOT REQUIRES FULL RESTORATION OF ROADWAY AND/OR SIDEWALK FOR PUBLIC USE AS IT RELATES TO THE EVENT. PLEASE CONTACT DOT SPECIAL EVENTS (SPECIALEVENTS@DOT.NYC.GOV) FOR FURTHER INFORMATION
SE7M60,0.0001310615989515072,WORK EMBARGO: 06/04/2022 FOR SPECIAL EVENT OXG Pop Up - June 4 / Street Event ** TIME: 12AM - 11:30PM / Partial Sidewalk Closure *NYC DOT REQUIRES FULL RESTORATION OF ROADWAY AND/OR SIDEWALK FOR PUBLIC USE AS IT RELATES TO THE EVENT. PLEASE CONTACT DOT SPECIAL EVENTS (SPECIALEVENTS@DOT.NYC.GOV) FOR FURTHER INFORMATION
SE7M62,0.0001310615989515072,WORK EMBARGO: 06/20 12:01AM - 06/23/2022 11:59PM FOR SPECIAL EVENT 2022 NBA Draft at the Westin Hotel / Production Event / Curb Lane Only *NYC DOT REQUIRES FULL RESTORATION OF ROADWAY AND/OR SIDEWALK FOR PUBLIC USE AS IT RELATES TO THE EVENT. PLEASE CONTACT DOT SPECIAL EVENTS (SPECIALEVENTS@DOT.NYC.GOV) FOR FURTHER INFORMATION
SE7M81,0.0001310615989515072,WORK EMBARGO: 04/15/22 to 12/31/22 8am-8pm for Columbus Avenue Open Street. Full street closure. *NYC DOT REQUIRES FULL RESTORATION OF ROADWAY AND/OR SIDEWALK FOR PUBLIC USE AS IT RELATES TO THE EVENT. PLEASE CONTACT DOT (OPENSTREETS@DOT.NYC.GOV) FOR FURTHER INFORMATION
SE7M98,0.0001310615989515072,WORK EMBARGO: 04/15/22 to 12/31/22 8am-8pm for West 22nd Street Open Street. Full street closure. *NYC DOT REQUIRES FULL RESTORATION OF ROADWAY AND/OR SIDEWALK FOR PUBLIC USE AS IT RELATES TO THE EVENT. PLEASE CONTACT DOT (OPENSTREETS@DOT.NYC.GOV) FOR FURTHER INFORMATION
SE1J40,0.0001310615989515072,WORK EMBARGO: 06/05/22 8am-3pm for Philippine Independence Day Parade. Full street closure. *NYC DOT REQUIRES FULL RESTORATION OF ROADWAY AND/OR SIDEWALK FOR PUBLIC USE AS IT RELATES TO THE EVENT. PLEASE CONTACT DOT SPECIAL EVENTS (SPECIALEVENTS@DOT.NYC.GOV) FOR FURTHER INFORMATION
SE7O47,0.0001310615989515072,WORK EMBARGO: 08/06/2022 10:00AM-03:00PM FOR Dominican Excellence. *NYC DOT REQUIRES FULL RESTORATION OF ROADWAY AND/OR SIDEWALK FOR PUBLIC USE AS IT RELATES TO THE EVENT. PLEASE CONTACT DOT SPECIAL EVENTS (SPECIALEVENTS@DOT.NYC.GOV) FOR FURTHER INFORMATION
SE1I55,0.0001310615989515072,WORK EMBARGO: 10/28/22 12:01am to 11/06/22 11:59pm for 2022 Embargo NYC Marathon Family Reunion. Full street closure. *NYC DOT REQUIRES FULL RESTORATION OF ROADWAY AND/OR SIDEWALK FOR PUBLIC USE AS IT RELATES TO THE EVENT. PLEASE CONTACT DOT SPECIAL EVENTS (SPECIALEVENTS@DOT.NYC.GOV) FOR FURTHER INFORMATION
SE7P13,0.0001310615989515072,WORK EMBARGO: 10/29/2022 FOR SPECIAL EVENT Halloween Party / Block Party ** TIME: 9AM - 3:30PM / Full Street Closure *NYC DOT REQUIRES FULL RESTORATION OF ROADWAY AND/OR SIDEWALK FOR PUBLIC USE AS IT RELATES TO THE EVENT. PLEASE CONTACT DOT SPECIAL EVENTS (SPECIALEVENTS@DOT.NYC.GOV) FOR FURTHER INFORMATION
SE1I29,0.0001310615989515072,WORK EMBARGO: 10/27/22 12:01am to 11/05/22 11:59pm for 2022 Embargo Dash to the Finish Line. Full street closure. *NYC DOT REQUIRES FULL RESTORATION OF ROADWAY AND/OR SIDEWALK FOR PUBLIC USE AS IT RELATES TO THE EVENT. PLEASE CONTACT DOT SPECIAL EVENTS (SPECIALEVENTS@DOT.NYC.GOV) FOR FURTHER INFORMATION
SE7P57,0.0001310615989515072,WORK EMBARGO: 10/31/22 8am-11:58pm for The 49th Annual Village Halloween Parade. Full street closure. *NYC DOT REQUIRES FULL RESTORATION OF ROADWAY AND/OR SIDEWALK FOR PUBLIC USE AS IT RELATES TO THE EVENT. PLEASE CONTACT DOT SPECIAL EVENTS (SPECIALEVENTS@DOT.NYC.GOV) FOR FURTHER INFORMATION. Also includes: 6 Ave betweeb Canal and West 19 St
SE7P97,0.0001310615989515072,WORK EMBARGO: 04/17/23 12:01am to 04/22/23 11:59pm for 2023 Embargo Car Free Earth Day (Manhattan). Full street closure. *NYC DOT REQUIRES FULL RESTORATION OF ROADWAY AND/OR SIDEWALK FOR PUBLIC USE AS IT RELATES TO THE EVENT. PLEASE CONTACT DOT SPECIAL EVENTS (SPECIALEVENTS@DOT.NYC.GOV) FOR FURTHER INFORMATION
SE1I14,0.0001310615989515072,WORK EMBARGO: 10/28/22 12:01am to 10/31/22 1:59pm for 2022 Embargo Village Halloween Day Parade. Full street closure. *NYC DOT REQUIRES FULL RESTORATION OF ROADWAY AND/OR SIDEWALK FOR PUBLIC USE AS IT RELATES TO THE EVENT. PLEASE CONTACT DOT SPECIAL EVENTS (SPECIALEVENTS@DOT.NYC.GOV) FOR FURTHER INFORMATION
SE1F97,0.0001310615989515072,WORK EMBARGO: 05/19/22 3:30pm-8:30pm for American Heart Association Wall Street Run and Heart Walk. Full street closure. *NYC DOT REQUIRES FULL RESTORATION OF ROADWAY AND/OR SIDEWALK FOR PUBLIC USE AS IT RELATES TO THE EVENT. PLEASE CONTACT DOT SPECIAL EVENTS (SPECIALEVENTS@DOT.NYC.GOV) FOR FURTHER INFORMATION
SE7J66,0.0001310615989515072,WORK EMBARGO: 06/18/22 10am-3pm for Juneteenth Celebration. Full street closure. *NYC DOT REQUIRES FULL RESTORATION OF ROADWAY AND/OR SIDEWALK FOR PUBLIC USE AS IT RELATES TO THE EVENT. PLEASE CONTACT DOT SPECIAL EVENTS (SPECIALEVENTS@DOT.NYC.GOV) FOR FURTHER INFORMATION
SE1L61,0.0001310615989515072,"WORK EMBARGO: 03/22 11AM - 04/30/2022 7PM FOR SPECIAL EVENT Mobile COVID-19 Testing and Vaccine Site / Street Event / Curb Lane Only *NYC DOT REQUIRES FULL RESTORATION OF ROADWAY AND/OR SIDEWALK FOR PUBLIC USE AS IT RELATES TO THE EVENT. PLEASE CONTACT DOT SPECIAL EVENTS (SPECIALEVENTS@DOT.NYC.GOV) FOR FURTHER INFORMATION ** Recurring Event Notes: Beginning on 3/22 ending on 4/30 except Sundays and Mondays. Recurring Dates: 03/30/2022,03/31/2022,04/01/2022,04/02/2022,04/05/2022,04/06/2022,04/07/2022,04/08/2022,04/09/2022,04/12/2022,04/13/2022,04/14/2022,04/15/2022,04/16/2022,04/19/2022,04/20/2022,04/21/2022,04/22/2022,04/23/2022,04/26/2022,04/27/2022,04/28/2022,04/29/2022,04/30/2022,03/29/2022,03/22/2022,03/23/2022,03/24/2022,03/25/2022,03/26/2022 Tue 03/29/2022 11:00 AM - 07:00 PM Wed 03/30/2022 11:00 AM - 07:00 PM Thu 03/31/2022 11:00 AM - 07:00 PM Fri 04/01/2022 11:00 AM - 07:00 PM Sat 04/02/2022 11:00 AM - 07:00 PM Tue 04/05/2022 11"
SE7J49,0.0001310615989515072,WORK EMBARGO: 06/18/22 8am=8pm for Bleecker Street Festival. Full street closure. *NYC DOT REQUIRES FULL RESTORATION OF ROADWAY AND/OR SIDEWALK FOR PUBLIC USE AS IT RELATES TO THE EVENT. PLEASE CONTACT DOT SPECIAL EVENTS (SPECIALEVENTS@DOT.NYC.GOV) FOR FURTHER INFORMATION
SE1Q28,0.0001310615989515072,WORK EMBARGO: 11/02/2022 FOR SPECIAL EVENT NYC Law Dept./JALBCA / Project Renewal ScanVan Mammogra / Street Event ** TIME: 6AM - 6PM / Curb Lane Only *NYC DOT REQUIRES FULL RESTORATION OF ROADWAY AND/OR SIDEWALK FOR PUBLIC USE AS IT RELATES TO THE EVENT. PLEASE CONTACT DOT SPECIAL EVENTS (SPECIALEVENTS@DOT.NYC.GOV) FOR FURTHER INFORMATION
SE1R64,0.0001310615989515072,WORK EMBARGO: 11/04/2022 FOR SPECIAL EVENT Bermuda Tourism Glass Truck / Street Event ** TIME: 12AM - 10PM / Curb Lane Only *NYC DOT REQUIRES FULL RESTORATION OF ROADWAY AND/OR SIDEWALK FOR PUBLIC USE AS IT RELATES TO THE EVENT. PLEASE CONTACT DOT SPECIAL EVENTS (SPECIALEVENTS@DOT.NYC.GOV) FOR FURTHER INFORMATION
SE1R30,0.0001310615989515072,WORK EMBARGO: 10/09/22 12:01am to 10/11/22 11:30pm for The Knot Gala - Production Parking. Curb lane only. *NYC DOT REQUIRES FULL RESTORATION OF ROADWAY AND/OR SIDEWALK FOR PUBLIC USE AS IT RELATES TO THE EVENT. PLEASE CONTACT DOT SPECIAL EVENTS (SPECIALEVENTS@DOT.NYC.GOV) FOR FURTHER INFORMATION
SE79B2,0.0001310615989515072,WORK EMBARGO: 09/23 12AM - 09/14/2024 11:30PM FOR SPECIAL EVENT United Nations Expo / Pedestrian Plaza *NYC DOT REQUIRES FULL RESTORATION OF ROADWAY AND/OR SIDEWALK FOR PUBLIC USE AS IT RELATES TO THE EVENT. PLEASE CONTACT DOT SPECIAL EVENTS (SPECIALEVENTS@DOT.NYC.GOV) FOR FURTHER INFORMATION
SE79B5,0.0001310615989515072,WORK EMBARGO: 04/15/24 12:01am to 04/20/24 11:59pm for 2024 Embargo Car Free Earth Day - Manhattan. Full street closure. *NYC DOT requires full restoration of roadway and/or sidewalk for public use as it relates to the event. Please contact DOT Special Events (SpecialEvents@dot.nyc.gov) for further information.
SE1R04,0.0001310615989515072,WORK EMBARGO: 05/19/23 12:01am to 05/21/23 11:59pm for 2023 Embargo Ninth Avenue International Food Festival. Full street closure. *NYC DOT REQUIRES FULL RESTORATION OF ROADWAY AND/OR SIDEWALK FOR PUBLIC USE AS IT RELATES TO THE EVENT. PLEASE CONTACT DOT SPECIAL EVENTS (SPECIALEVENTS@DOT.NYC.GOV) FOR FURTHER INFORMATION
SE1Q83,0.0001310615989515072,WORK EMBARGO: 10/29/22 9am-5pm for Fall Festival. Full street closure. *NYC DOT REQUIRES FULL RESTORATION OF ROADWAY AND/OR SIDEWALK FOR PUBLIC USE AS IT RELATES TO THE EVENT. PLEASE CONTACT DOT SPECIAL EVENTS (SPECIALEVENTS@DOT.NYC.GOV) FOR FURTHER INFORMATION
SE1Q69,0.0001310615989515072,WORK EMBARGO: 09/17/22 11:30am-2pm for Uptown United: Peace Walk. Full street closure. *NYC DOT REQUIRES FULL RESTORATION OF ROADWAY AND/OR SIDEWALK FOR PUBLIC USE AS IT RELATES TO THE EVENT. PLEASE CONTACT DOT SPECIAL EVENTS (SPECIALEVENTS@DOT.NYC.GOV) FOR FURTHER INFORMATION
SE79X5,0.0001310615989515072,WORK EMBARGO: 07/14/2026 12:01AM - 11:59PM FOR SPECIAL EVENT LAYS BANDWAGON / Pedestrian Plaza *NYC DOT REQUIRES FULL RESTORATION OF ROADWAY AND/OR SIDEWALK FOR PUBLIC USE AS IT RELATES TO THE EVENT. PLEASE CONTACT DOT SPECIAL EVENTS (SPECIALEVENTS@DOT.NYC.GOV) FOR FURTHER INFORMATION
SE1Q04,0.0001310615989515072,WORK EMBARGO: 10/11 6AM - 10/14/2022 11:59PM FOR SPECIAL EVENT LISA Project NYC Art Installation by Artist Risa Puno - Chelsea Triangle Plaza / Plaza Event / Pedestrian Plaza *NYC DOT REQUIRES FULL RESTORATION OF ROADWAY AND/OR SIDEWALK FOR PUBLIC USE AS IT RELATES TO THE EVENT. PLEASE CONTACT DOT SPECIAL EVENTS (SPECIALEVENTS@DOT.NYC.GOV) FOR FURTHER INFORMATION
SE1M22,0.0001310615989515072,WORK EMBARGO: 08/26/22 to 10/28/2022 4pm-11pm for Business District Multi-Block Event - FunOn5th. / Street Event / Full Street Closure *NYC DOT REQUIRES FULL RESTORATION OF ROADWAY AND/OR SIDEWALK FOR PUBLIC USE AS IT RELATES TO THE EVENT. PLEASE CONTACT DOT SPECIAL EVENTS (SPECIALEVENTS@DOT.NYC.GOV) FOR FURTHER INFORMATION **Recurring Days Notes: 07/29/2022 (Friday) 08/26/2022 (Friday) 09/30/2022 (Friday) 10/28/2022 (Friday)
SE1P09,0.0001310615989515072,WORK EMBARGO: 10/29 12:01AM - 11/05/2022 11:59PM FOR SPECIAL EVENT NIKE Registration Tent - Part 3 / Street Event / Partial Sidewalk Closure *NYC DOT REQUIRES FULL RESTORATION OF ROADWAY AND/OR SIDEWALK FOR PUBLIC USE AS IT RELATES TO THE EVENT. PLEASE CONTACT DOT SPECIAL EVENTS (SPECIALEVENTS@DOT.NYC.GOV) FOR FURTHER INFORMATION
SE1N65,0.0001310615989515072,WORK EMBARGO: 08/17/22 7am-5pm for Wechsler Center for Modern Aging Fair. Full street closure. *NYC DOT REQUIRES FULL RESTORATION OF ROADWAY AND/OR SIDEWALK FOR PUBLIC USE AS IT RELATES TO THE EVENT. PLEASE CONTACT DOT SPECIAL EVENTS (SPECIALEVENTS@DOT.NYC.GOV) FOR FURTHER INFORMATION
SE1N38,0.0001310615989515072,WORK EMBARGO: 06/21/2022 FOR SPECIAL EVENT Pizza Giveaway / Street Event / Curb Lane Only *NYC DOT REQUIRES FULL RESTORATION OF ROADWAY AND/OR SIDEWALK FOR PUBLIC USE AS IT RELATES TO THE EVENT. PLEASE CONTACT DOT SPECIAL EVENTS (SPECIALEVENTS@DOT.NYC.GOV) FOR FURTHER INFORMATION
SE1N30,0.0001310615989515072,WORK EMBARGO: 06/04/22 2pm-3pm for Self Express Too 6th Annual Self esteem awareness walk. Full street closure. *NYC DOT REQUIRES FULL RESTORATION OF ROADWAY AND/OR SIDEWALK FOR PUBLIC USE AS IT RELATES TO THE EVENT. PLEASE CONTACT DOT SPECIAL EVENTS (SPECIALEVENTS@DOT.NYC.GOV) FOR FURTHER INFORMATION
SE7I41,0.0001310615989515072,WORK EMBARGO: 06/26/22 4am-9pm for PrideFest 2022. Full street closure. *NYC DOT REQUIRES FULL RESTORATION OF ROADWAY AND/OR SIDEWALK FOR PUBLIC USE AS IT RELATES TO THE EVENT. PLEASE CONTACT DOT SPECIAL EVENTS (SPECIALEVENTS@DOT.NYC.GOV) FOR FURTHER INFORMATION
SE7I85,0.0001310615989515072,WORK EMBARGO: 05/07/22 8am-8pm for El Barrio Family Day Health Fair Festival. Full street closure. *NYC DOT REQUIRES FULL RESTORATION OF ROADWAY AND/OR SIDEWALK FOR PUBLIC USE AS IT RELATES TO THE EVENT. PLEASE CONTACT DOT SPECIAL EVENTS (SPECIALEVENTS@DOT.NYC.GOV) FOR FURTHER INFORMATION
SE7J03,0.0001310615989515072,WORK EMBARGO: 10/15/22 8am-4pm for Indigenous People's of the Americas Parade. Full street closure. *NYC DOT REQUIRES FULL RESTORATION OF ROADWAY AND/OR SIDEWALK FOR PUBLIC USE AS IT RELATES TO THE EVENT. PLEASE CONTACT DOT SPECIAL EVENTS (SPECIALEVENTS@DOT.NYC.GOV) FOR FURTHER INFORMATION
SE1M29,0.0001310615989515072,WORK EMBARGO: 06/09/2022 FOR SPECIAL EVENT Block Planting Event / Clean-Up ** TIME: 3:30PM - 7:00PM / Full Street Closure *NYC DOT REQUIRES FULL RESTORATION OF ROADWAY AND/OR SIDEWALK FOR PUBLIC USE AS IT RELATES TO THE EVENT. PLEASE CONTACT DOT SPECIAL EVENTS (SPECIALEVENTS@DOT.NYC.GOV) FOR FURTHER INFORMATION
SE7R21,0.0001310615989515072,WORK EMBARGO: 12/11/22 10:30am-5pm for Santa Claus is coming to Dyckman. Full street closure. *NYC DOT REQUIRES FULL RESTORATION OF ROADWAY AND/OR SIDEWALK FOR PUBLIC USE AS IT RELATES TO THE EVENT. PLEASE CONTACT DOT SPECIAL EVENTS (SPECIALEVENTS@DOT.NYC.GOV) FOR FURTHER INFORMATION
SE19M3,0.0001310615989515072,WORK EMBARGO: 05/04/25 12am-6:30pm for 2025 TD Five Boro Bike Tour. Full street closure. *NYC DOT requires full restoration of roadway and/or sidewalk for public use as it relates to the event. Please contact DOT Special Events (SpecialEvents@dot.nyc.gov) for further iinformation.
SE81X5,0.0001310615989515072,WORK EMBARGO: 04/15/2026 12:00AM - 11/30/2026 12:00AM for ELIZABETH STREET Open Street 2026. Full Street Closure. *NYC DOT REQUIRES FULL RESTORATION OF ROADWAY AND/OR SIDEWALK FOR PUBLIC USE AS IT RELATES TO THE EVENT. PLEASE CONTACT DOT SPECIAL EVENTS (SPECIALEVENTS@DOT.NYC.GOV) FOR FURTHER INFORMATION
SE19E5,0.0001310615989515072,WORK EMBARGO: 05/24/2024 8AM - 2:30PM FOR SPECIAL EVENT PS98M/HOPE Dance Party / Full Street Closure *NYC DOT REQUIRES FULL RESTORATION OF ROADWAY AND/OR SIDEWALK FOR PUBLIC USE AS IT RELATES TO THE EVENT. PLEASE CONTACT DOT SPECIAL EVENTS (SPECIALEVENTS@DOT.NYC.GOV) FOR FURTHER INFORMATION
SE16S8,0.0001310615989515072,WORK EMBARGO: 10/17/2025 07:30AM - 04:30PM FOR SPECIAL EVENT Health Fair / Sidewalk and Curb Lane Closure *NYC DOT REQUIRES FULL RESTORATION OF ROADWAY AND/OR SIDEWALK FOR PUBLIC USE AS IT RELATES TO THE EVENT. PLEASE CONTACT DOT SPECIAL EVENTS (SPECIALEVENTS@DOT.NYC.GOV) FOR FURTHER INFORMATION
SE80B7,0.0001310615989515072,WORK EMBARGO: 03/14/2024 9:30AM - 12:30PM FOR SPECIAL EVENT 2024 United Airlines NYC Half Marathon Press Event / Pedestrian Plaza *NYC DOT REQUIRES FULL RESTORATION OF ROADWAY AND/OR SIDEWALK FOR PUBLIC USE AS IT RELATES TO THE EVENT. PLEASE CONTACT DOT SPECIAL EVENTS (SPECIALEVENTS@DOT.NYC.GOV) FOR FURTHER INFORMATION
SE16Q2,0.0001310615989515072,WORK EMBARGO: 07/29/2025 1:00PM - 09:00PM FOR SPECIAL EVENT Digital Dept - Crocs NYC Launch Day 1 / Curb Lane Only *NYC DOT REQUIRES FULL RESTORATION OF ROADWAY AND/OR SIDEWALK FOR PUBLIC USE AS IT RELATES TO THE EVENT. PLEASE CONTACT DOT SPECIAL EVENTS (SPECIALEVENTS@DOT.NYC.GOV) FOR FURTHER INFORMATION
SE16B6,0.0001310615989515072,WORK EMBARGO: 06/02/24 8am-8pm for STONEWALL VILLAGE FAIR AND EXPO. Full street closure. *NYC DOT requires full restoration of roadway and/or sidewalk for public use as it relates to the event. Please contact DOT Special Events (SpecialEvents@dot.nyc.gov) for further information.
SE16A5,0.0001310615989515072,WORK EMBARGO: 11/18/23 9am-1pm for 90th Anniversary-March of Remembrance of the Ukrainian Holodomor-Genocide of 1932-33. Full street closure. *NYC DOT requires full restoration of roadway and/or sidewalk for public use as it relates to the event. Please contact DOT Special Events (SpecialEvents@dot.nyc.gov) for further information.
SE80L1,0.0001310615989515072,WORK EMBARGO: 04/19 12:01AM - 04/28/2025 11:59PM FOR SPECIAL EVENT Photo Show at The Park Avenue Armory / Curb Lane Only *NYC DOT REQUIRES FULL RESTORATION OF ROADWAY AND/OR SIDEWALK FOR PUBLIC USE AS IT RELATES TO THE EVENT. PLEASE CONTACT DOT SPECIAL EVENTS (SPECIALEVENTS@DOT.NYC.GOV) FOR FURTHER INFORMATION
SE15W0,0.0001310615989515072,WORK EMBARGO: 08/22/2026 06:00AM - 09:00PM FOR SPECIAL EVENT Fordham University 2026 Move In / Curb Lane Only *NYC DOT REQUIRES FULL RESTORATION OF ROADWAY AND/OR SIDEWALK FOR PUBLIC USE AS IT RELATES TO THE EVENT. PLEASE CONTACT DOT SPECIAL EVENTS (SPECIALEVENTS@DOT.NYC.GOV) FOR FURTHER INFORMATION
SE80O8,0.0001310615989515072,WORK EMBARGO: 05/29/2026 7:00AM - 10:00PM FOR SPECIAL EVENT Turban Day at Times Square 2026 / Pedestrian Plaza *NYC DOT REQUIRES FULL RESTORATION OF ROADWAY AND/OR SIDEWALK FOR PUBLIC USE AS IT RELATES TO THE EVENT. PLEASE CONTACT DOT SPECIAL EVENTS (SPECIALEVENTS@DOT.NYC.GOV) FOR FURTHER INFORMATION
SE80R2,0.0001310615989515072,WORK EMBARGO: 10/25/2025 08:00AM - 06:00PM FOR SPECIAL EVENT PS 166 Falloween / Full Street Closure *NYC DOT REQUIRES FULL RESTORATION OF ROADWAY AND/OR SIDEWALK FOR PUBLIC USE AS IT RELATES TO THE EVENT. PLEASE CONTACT DOT SPECIAL EVENTS (SPECIALEVENTS@DOT.NYC.GOV) FOR FURTHER INFORMATION
SE80T5,0.0001310615989515072,WORK EMBARGO: 06/07/2026 8:00AM - 8:00PM for Philippine Independence Day Celebration. Full Street Closure. *NYC DOT REQUIRES FULL RESTORATION OF ROADWAY AND/OR SIDEWALK FOR PUBLIC USE AS IT RELATES TO THE EVENT. PLEASE CONTACT DOT SPECIAL EVENTS (SPECIALEVENTS@DOT.NYC.GOV) FOR FURTHER INFORMATION
SE15U7,0.0001310615989515072,WORK EMBARGO:09/14/2026 10:00AM - 09/28/2026 11:30PM for 100th Annual Festival of San Gennaro. Full Street Closure. *NYC DOT REQUIRES FULL RESTORATION OF ROADWAY AND/OR SIDEWALK FOR PUBLIC USE AS IT RELATES TO THE EVENT. PLEASE CONTACT DOT SPECIAL EVENTS (SPECIALEVENTS@DOT.NYC.GOV) FOR FURTHER INFORMATION
SE15M4,0.0001310615989515072,WORK EMBARGO: 06/01/25 8am-4pm for The 4th Asian American Pacific Islanders Cultural Heritage Parade. Full street closure. *NYC DOT requires full restoration of roadway and/or sidewalk for public use as it relates to the event. Please contact DOT Special Events (SpecialEvents@dot.nyc.gov) for further information.
SE817A,0.0001310615989515072,WORK EMBARGO: 09/05 12:01AM - 09/13/2026 11:59PM FOR SPECIAL EVENT 2-US Tennis Open 2026 Bus Shuttle-InterContinental NY Barclay Hotel: 111 E. 48th St. / Curb Lane Only *NYC DOT REQUIRES FULL RESTORATION OF ROADWAY AND/OR SIDEWALK FOR PUBLIC USE AS IT RELATES TO THE EVENT. PLEASE CONTACT DOT SPECIAL EVENTS (SPECIALEVENTS@DOT.NYC.GOV) FOR FURTHER INFORMATION
SE81G6,0.0001310615989515072,WORK EMBARGO: 04/21/25 12:01am to 04/26/25 11:59pm for 2025 Embargo Car Free Earth Day - Manhattan. Full street closure. *NYC DOT requires full restoration of roadway and/or sidewalk for public use as it relates to the event. Please contact DOT Special Events (SpecialEvents@dot.nyc.gov) for further information.
SE81J8,0.0001310615989515072,WORK EMBARGO: 08/23/25 8am-8pm for Broadway Festival. Full street closure. *NYC DOT requires full restoration of roadway and/or sidewalk for public use as it relates to the event. Please contact DOT Special Events (SpecialEvents@dot.nyc.gov) for further information.
SE15H4,0.0001310615989515072,WORK EMBARGO: 09/14/2024 1PM - 8PM FOR SPECIAL EVENT Secret Garden Uptown / Pedestrian Plaza *NYC DOT REQUIRES FULL RESTORATION OF ROADWAY AND/OR SIDEWALK FOR PUBLIC USE AS IT RELATES TO THE EVENT. PLEASE CONTACT DOT SPECIAL EVENTS (SPECIALEVENTS@DOT.NYC.GOV) FOR FURTHER INFORMATION
SE15C1,0.0001310615989515072,WORK EMBARGO: 05/05/24 10am-4pm for CINCO DE MAYO NYC PARADE 2024. Full street closure. *NYC DOT requires full restoration of roadway and/or sidewalk for public use as it relates to the event. Please contact DOT Special Events (SpecialEvents@dot.nyc.gov) for further information.
SE81T8,0.0001310615989515072,WORK EMBARGO: 06/14/2026 8:00AM - 8:00PM for AMSTERDAM AVENUE FAIR. Full Street Closure. *NYC DOT REQUIRES FULL RESTORATION OF ROADWAY AND/OR SIDEWALK FOR PUBLIC USE AS IT RELATES TO THE EVENT. PLEASE CONTACT DOT SPECIAL EVENTS (SPECIALEVENTS@DOT.NYC.GOV) FOR FURTHER INFORMATION
SE81X3,0.0001310615989515072,WORK EMBARGO: 04/15/2026 12:00AM - 12/31/2026 12:00AM for BROADWAY Open Street 2026. Full Street Closure. *NYC DOT REQUIRES FULL RESTORATION OF ROADWAY AND/OR SIDEWALK FOR PUBLIC USE AS IT RELATES TO THE EVENT. PLEASE CONTACT DOT SPECIAL EVENTS (SPECIALEVENTS@DOT.NYC.GOV) FOR FURTHER INFORMATION
SE173A,0.0001310615989515072,WORK EMBARGO: 07/25/2026 12:00AM - 11:59PM FOR SPECIAL EVENT CIPRIANI EVENTS / Curb Lane Only *NYC DOT REQUIRES FULL RESTORATION OF ROADWAY AND/OR SIDEWALK FOR PUBLIC USE AS IT RELATES TO THE EVENT. PLEASE CONTACT DOT SPECIAL EVENTS (SPECIALEVENTS@DOT.NYC.GOV) FOR FURTHER INFORMATION
SE128B,0.0001310615989515072,WORK EMBARGO: 11/17/2026 12:01AM - 11/26/2026 11:59PM for 2026 Embargo Thanksgiving Day Parade. Full Street Closure. *NYC DOT REQUIRES FULL RESTORATION OF ROADWAY AND/OR SIDEWALK FOR PUBLIC USE AS IT RELATES TO THE EVENT. PLEASE CONTACT DOT SPECIAL EVENTS (SPECIALEVENTS@DOT.NYC.GOV) FOR FURTHER INFORMATION
SE7Z39,0.0001310615989515072,WORK EMBARGO: 11/07/2023 6AM - 11:59PM FOR SPECIAL EVENT Glamour Women of the Year Awards 2023 at Jazz at Lincoln Center / Curb Lane Only *NYC DOT REQUIRES FULL RESTORATION OF ROADWAY AND/OR SIDEWALK FOR PUBLIC USE AS IT RELATES TO THE EVENT. PLEASE CONTACT DOT SPECIAL EVENTS (SPECIALEVENTS@DOT.NYC.GOV) FOR FURTHER INFORMATION
SE18J0,0.0001310615989515072,WORK EMBARGO: 04/19/25 9am-3pm for Car Free Earth Day. Pedestrian plaza. *NYC DOT requires full restoration of roadway and/or sidewalk for public use as it relates to the event. Please contact DOT Special Events (SpecialEvents@dot.nyc.gov) for further information.
SE18V1,0.0001310615989515072,WORK EMBARGO: 04/15/2026 08:00AM - 07:30PM FOR SPECIAL EVENT Residential Contract Rally / Full Street Closure *NYC DOT REQUIRES FULL RESTORATION OF ROADWAY AND/OR SIDEWALK FOR PUBLIC USE AS IT RELATES TO THE EVENT. PLEASE CONTACT DOT SPECIAL EVENTS (SPECIALEVENTS@DOT.NYC.GOV) FOR FURTHER INFORMATION
SE18R5,0.0001310615989515072,WORK EMBARGO: 08/18 07:00AM - 08/19/2025 06:00PM FOR SPECIAL EVENT Partial Sidewalk Closure *NYC DOT REQUIRES FULL RESTORATION OF ROADWAY AND/OR SIDEWALK FOR PUBLIC USE AS IT RELATES TO THE EVENT. PLEASE CONTACT DOT SPECIAL EVENTS (SPECIALEVENTS@DOT.NYC.GOV) FOR FURTHER INFORMATION ** Recurring Dates: Mon 08/18/2025 07:00 AM - 06:00 PM Tue 08/19/2025 07:00 AM - 06:00 PM
SE18N0,0.0001310615989515072,WORK EMBARGO: 11/08/25 12:01am to 11/11/2025 11:59pm for 2025 Embargo Veteran's Day Parade. Full street closure. *NYC DOT requires full restoration of roadway and/or sidewalk for public use as it relates to the event. Please contact DOT Special Events (SpecialEvents@dot.nyc.gov) for further information.
SE7S82,0.0001310615989515072,WORK EMBARGO: 04/30/23 9:30am-12:30pm for Fire Department Holy Name Society communion Mass and Breakfast. Full street closure. *NYC DOT requires full restoration of roadway and/or sidewalk for public use as it relates to the event. Please contact DOT Special Events (specialevents@dot.nyc.gov) for further information.
SE7T68,0.0001310615989515072,WORK EMBARGO: 04/02 12:01AM - 04/04/2023 3:00PM FOR SPECIAL EVENT Genesis House Permit Request for 04/01 - 04/04 / Curb Lane Only *NYC DOT REQUIRES FULL RESTORATION OF ROADWAY AND/OR SIDEWALK FOR PUBLIC USE AS IT RELATES TO THE EVENT. PLEASE CONTACT DOT SPECIAL EVENTS (SPECIALEVENTS@DOT.NYC.GOV) FOR FURTHER INFORMATION
SE7U00,0.0001310615989515072,WORK EMBARGO: 07/11/23 9am-4pm for 2023 Summer Playstreet Opening Day. Full street closure. *NYC DOT requires full restoration of roadway and/or sidewalk for public use as it relates to the event. Please contact DOT Special Events (specialevents@dot.nyc.gov) for further information.
SE18K5,0.0001310615989515072,WORK EMBARGO: 08/17/25 7:30am-7:30pm for India Independence Day Show. Full street closure. *NYC DOT requires full restoration of roadway and/or sidewalk for public use as it relates to the event. Please contact DOT Special Events (SpecialEvents@dot.nyc.gov) for further information.
SE7U14,0.0001310615989515072,WORK EMBARGO: 04/13/23 to 12/28/23 8am-8pm for E 4 Open Street. Full street closure. *NYC DOT requires full restoration of roadway and/or sidewalk for public use as it relates to the event. Please contact DOT Special Events (specialevents@dot.nyc.gov) for further information.
SE7U58,0.0001310615989515072,WORK EMBARGO: 05/04/2023 2PM - 7PM FOR SPECIAL EVENT Commuter Stations - Harlem / Partial Sidewalk Closure *NYC DOT REQUIRES FULL RESTORATION OF ROADWAY AND/OR SIDEWALK FOR PUBLIC USE AS IT RELATES TO THE EVENT. PLEASE CONTACT DOT SPECIAL EVENTS (SPECIALEVENTS@DOT.NYC.GOV) FOR FURTHER INFORMATION
SE17N0,0.0001310615989515072,WORK EMBARGO: 04/24/25 to 10/31/25 3pm-10:30pm for CANAL STREET Open Street. Full street closure. *NYC DOT requires full restoration of roadway and/or sidewalk for public use as it relates to the event. Please contact DOT Special Events (SpecialEvents@dot.nyc.gov) for further information.
SE18D7,0.0001310615989515072,WORK EMBARGO: 04/20/24 6am-8pm for Open Streets: Car-Free Earth Day. Pedestrian plaza. *NYC DOT requires full restoration of roadway and/or sidewalk for public use as it relates to the event. Please contact DOT Special Events (SpecialEvents@dot.nyc.gov) for further information.
SE7V08,0.0001310615989515072,Work Embargo: 06/26/23 9am-4pm for Osborne/Mt. Sinai Prostate Cancer Screening. Full street closure. *NYC DOT requires full restoration of roadway and/or sidewalk for public use as it relates to the event. Please contact DOT Special Events (specialevents@dot.nyc.gov) for further information.
SE17Y2,0.0001310615989515072,WORK EMBARGO: 08/08/2026 9:00AM - 9:00PM for Cameroon in Womens Hands Cultural Festival. Full Street Closure. *NYC DOT REQUIRES FULL RESTORATION OF ROADWAY AND/OR SIDEWALK FOR PUBLIC USE AS IT RELATES TO THE EVENT. PLEASE CONTACT DOT SPECIAL EVENTS (SPECIALEVENTS@DOT.NYC.GOV) FOR FURTHER INFORMATION
SE7Y36,0.0001310615989515072,WORK EMBARGO: 0000 - 00002016 FOR SPECIAL EVENT NAME TIME: 12:01 AM - 6 PM *NYC DOT REQUIRES FULL RESTORATION OF ROADWAY ANDOR SIDEWALK FOR PUBLIC USE AS IT RELATES TO THE EVENT. PLEASE CONTACT DOT SPECIAL EVENTS (SPECIALEVENTS@DOT.NYC.GOV) FOR FURTHER INFORMATION
SE17T9,0.0001310615989515072,WORK EMBARGO: 02/18/2026 07:00AM - 06:30PM FOR SPECIAL EVENT Activation for Black Creatives / Pedestrian Plaza *NYC DOT REQUIRES FULL RESTORATION OF ROADWAY AND/OR SIDEWALK FOR PUBLIC USE AS IT RELATES TO THE EVENT. PLEASE CONTACT DOT SPECIAL EVENTS (SPECIALEVENTS@DOT.NYC.GOV) FOR FURTHER INFORMATION
SE17R1,0.0001310615989515072,WORK EMBARGO: 09/11 06:00AM - 09/14/2025 11:59PM FOR SPECIAL EVENT Byredo Alto Astral Launch at 62 Wooster St. / Curb Lane Only *NYC DOT REQUIRES FULL RESTORATION OF ROADWAY AND/OR SIDEWALK FOR PUBLIC USE AS IT RELATES TO THE EVENT. PLEASE CONTACT DOT SPECIAL EVENTS (SPECIALEVENTS@DOT.NYC.GOV) FOR FURTHER INFORMATION
SE7Z15,0.0001310615989515072,WORK EMBARGO: 11/22 6AM - 11/23/2023 11:30PM FOR SPECIAL EVENT 97th Annual Macys Thanksgiving Day Parade / Curb Lane Only -Columbus Av / Sidewalk and Curb Lane -W 34 St *NYC DOT REQUIRES FULL RESTORATION OF ROADWAY AND/OR SIDEWALK FOR PUBLIC USE AS IT RELATES TO THE EVENT. PLEASE CONTACT DOT SPECIAL EVENTS (SPECIALEVENTS@DOT.NYC.GOV) FOR FURTHER INFORMATION
SE17N7,0.0001310615989515072,WORK EMBARGO: 12/03/25 12am-11:59pm for 2025 Embargo Rockefeller Tree Lighting Ceremony - Event Day. Full street closure. *NYC DOT requires full restoration of roadway and/or sidewalk for public use as it relates to the event. Please contact DOT Special Events (SpecialEvents@dot.nyc.gov) for further information.
SE129B,0.0001310615989515072,WORK EMBARGO: 10/31/2026 10:00 AM - 11:30 PM FOR SPECIAL EVENT The 53rd Annual New Yorks Village Halloween Parade. Full Street Closure. *NYC DOT REQUIRES FULL RESTORATION OF ROADWAY AND/OR SIDEWALK FOR PUBLIC USE AS IT RELATES TO THE EVENT. PLEASE CONTACT DOT SPECIAL EVENTS (SPECIALEVENTS@DOT.NYC.GOV) FOR FURTHER INFORMATION
SE49F7,0.0001310615989515072,WORK EMBARGO: 09/14/2024 7AM - 9PM FOR SPECIAL EVENT Vision International For the Blind Street Fair / Sidewalk and Curb Lane Closure/ Pedestrian Plaza *NYC DOT REQUIRES FULL RESTORATION OF ROADWAY AND/OR SIDEWALK FOR PUBLIC USE AS IT RELATES TO THE EVENT. PLEASE CONTACT DOT SPECIAL EVENTS (SPECIALEVENTS@DOT.NYC.GOV) FOR FURTHER INFORMATION
SE120B,0.0001310615989515072,WORK EMBARGO: 09/16/2026 09:00 AM - 09/17/2026 07:00 PM FOR SPECIAL EVENT Production Event. Curb Lane Only. *NYC DOT REQUIRES FULL RESTORATION OF ROADWAY AND/OR SIDEWALK FOR PUBLIC USE AS IT RELATES TO THE EVENT. PLEASE CONTACT DOT SPECIAL EVENTS (SPECIALEVENTS@DOT.NYC.GOV) FOR FURTHER INFORMATION
SE98S6,0.0001310615989515072,WORK EMBARGO: 11/02/2025 01:00AM - 06:30PM FOR SPECIAL EVENT 2025 NYC Marathon - Transportation Hubs / Full Sidewalk Closure / Partial Sidewalk Closure / Curb Lane Only / Sidewalk and Curb Lane Closure *NYC DOT REQUIRES FULL RESTORATION OF ROADWAY AND/OR SIDEWALK FOR PUBLIC USE AS IT RELATES TO THE EVENT. PLEASE CONTACT DOT SPECIAL EVENTS (SPECIALEVENTS@DOT.NYC.GOV) FOR FURTHER INFORMATION
SE03N9,0.0001310615989515072,WORK EMBARGO: 05/22/25 10am-4pm for CPR. Partial sidewalk closure. *NYC DOT requires full restoration of roadway and/or sidewalk for public use as it relates to the event. Please contact DOT Special Events (SpecialEvents@dot.nyc.gov) for further information.
SE03K0,0.0001310615989515072,WORK EMBARGO: 05/18/24 8am-8pm for LEXINGTON AVENUE SPRING FESTIVAL. Full street closure. *NYC DOT requires full restoration of roadway and/or sidewalk for public use as it relates to the event. Please contact DOT Special Events (SpecialEvents@dot.nyc.gov) for further information.
SE97T1,0.0001310615989515072,"WORK EMBARGO: 05/09/2026 11:00AM - 4:00PM for St. Patrick's Cathedral Motorcycle Blessing. Full Street Closure.*NYC DOT REQUIRES FULL RESTORATION OF ROADWAY AND/OR SIDEWALK FOR PUBLIC USE AS IT RELATES TO THE EVENT. PLEASE CONTACT DOT SPECIAL EVENTS (SPECIALEVENTS@DOT.NYC.GOV) FOR FURTHER INFORMATION. Note: Includes Outerbridge Crossing between South Bridge Street and West Shore Expressway, Verrazono-Narrows Bridge, West Shore Expressway between Outerbridge Crossing and Staten IS Expressway EB ET 8, Staten Island EXPWY between West Shore EXPWY and Verrazano Narrows Bridge, Gowanus Expressway between Verrazono Bridge and BQE, BQE between Gowanus EXPWY and Brooklyn Bridge, Brooklyn Bridge between Park Row and BQE, FDR between Brooklyn Bridge and East 42 street"
SE03C8,0.0001310615989515072,WORK EMBARGO: 03/17/2024 3AM - 1PM FOR SPECIAL EVENT 2024 Times Square Kids Run at the NYC Half / Pedestrian Plaza *NYC DOT REQUIRES FULL RESTORATION OF ROADWAY AND/OR SIDEWALK FOR PUBLIC USE AS IT RELATES TO THE EVENT. PLEASE CONTACT DOT SPECIAL EVENTS (SPECIALEVENTS@DOT.NYC.GOV) FOR FURTHER INFORMATION
SE98D8,0.0001310615989515072,WORK EMBARGO: 09/14 7AM - 09/15/2024 9AM FOR SPECIAL EVENT AAU Sports 3 on 3 / Pedestrian Plaza *NYC DOT REQUIRES FULL RESTORATION OF ROADWAY AND/OR SIDEWALK FOR PUBLIC USE AS IT RELATES TO THE EVENT. PLEASE CONTACT DOT SPECIAL EVENTS (SPECIALEVENTS@DOT.NYC.GOV) FOR FURTHER INFORMATION
SE98N9,0.0001310615989515072,WORK EMBARGO: 06/03/2025 7:00AM - 7:00PM FOR SPECIAL EVENT SunSip Thirst Traps / Pedestrian Plaza *NYC DOT REQUIRES FULL RESTORATION OF ROADWAY AND/OR SIDEWALK FOR PUBLIC USE AS IT RELATES TO THE EVENT. PLEASE CONTACT DOT SPECIAL EVENTS (SPECIALEVENTS@DOT.NYC.GOV) FOR FURTHER INFORMATION
SE98O4,0.0001310615989515072,WORK EMBARGO: 10/19/2025 10:00AM - 6:00PM FOR SPECIAL EVENT Annual School Fair for Children and Family / Full Street Closure *NYC DOT REQUIRES FULL RESTORATION OF ROADWAY AND/OR SIDEWALK FOR PUBLIC USE AS IT RELATES TO THE EVENT. PLEASE CONTACT DOT SPECIAL EVENTS (SPECIALEVENTS@DOT.NYC.GOV) FOR FURTHER INFORMATION
SE98R9,0.0001310615989515072,WORK EMBARGO: 09/20/2025 08:00AM - 07:00PM FOR SPECIAL EVENT Madison Avenue Welcome Back Saturday - Step Up For Fashion / Partial Sidewalk Closure *NYC DOT REQUIRES FULL RESTORATION OF ROADWAY AND/OR SIDEWALK FOR PUBLIC USE AS IT RELATES TO THE EVENT. PLEASE CONTACT DOT SPECIAL EVENTS (SPECIALEVENTS@DOT.NYC.GOV) FOR FURTHER INFORMATION
SE03B5,0.0001310615989515072,WORK EMBARGO: 04/13/24 11am-2pm for 2024 Spring Opening Day Parade. Full street closure. *NYC DOT requires full restoration of roadway and/or sidewalk for public use as it relates to the event. Please contact DOT Special Events (SpecialEvents@dot.nyc.gov) for further information.
SE97J4,0.0001310615989515072,WORK EMBARGO: 08/30/25 8am-8pm for BROADWAY VILLAGE FAIR. Full street closure. *NYC DOT requires full restoration of roadway and/or sidewalk for public use as it relates to the event. Please contact DOT Special Events (SpecialEvents@dot.nyc.gov) for further information.
SE98Z7,0.0001310615989515072,WORK EMBARGO: 09/16/2026 03:00AM - 11:30PM FOR SPECIAL EVENT Latinos in Times Square / Pedestrian Plaza *NYC DOT REQUIRES FULL RESTORATION OF ROADWAY AND/OR SIDEWALK FOR PUBLIC USE AS IT RELATES TO THE EVENT. PLEASE CONTACT DOT SPECIAL EVENTS (SPECIALEVENTS@DOT.NYC.GOV) FOR FURTHER INFORMATION
SE99D1,0.0001310615989515072,WORK EMBARGO: 04/29 6:30AM - 04/30/2024 6:00PM FOR SPECIAL EVENT Moonlight Studios - T Mobile - Production Curb Lane / Curb Lane Only *NYC DOT REQUIRES FULL RESTORATION OF ROADWAY AND/OR SIDEWALK FOR PUBLIC USE AS IT RELATES TO THE EVENT. PLEASE CONTACT DOT SPECIAL EVENTS (SPECIALEVENTS@DOT.NYC.GOV) FOR FURTHER INFORMATION
SE99D9,0.0001310615989515072,WORK EMBARGO: 05/22/2024 5AM - 9PM FOR SPECIAL EVENT Hovercraft Coinbase / Curb Lane Only *NYC DOT REQUIRES FULL RESTORATION OF ROADWAY AND/OR SIDEWALK FOR PUBLIC USE AS IT RELATES TO THE EVENT. PLEASE CONTACT DOT SPECIAL EVENTS (SPECIALEVENTS@DOT.NYC.GOV) FOR FURTHER INFORMATION
SE035C,0.0001310615989515072,WORK EMBARGO: 09/15 12:00AM - 09/17/2026 11:00PM FOR SPECIAL EVENT Trademark / Curb Lane Only *NYC DOT REQUIRES FULL RESTORATION OF ROADWAY AND/OR SIDEWALK FOR PUBLIC USE AS IT RELATES TO THE EVENT. PLEASE CONTACT DOT SPECIAL EVENTS (SPECIALEVENTS@DOT.NYC.GOV) FOR FURTHER INFORMATION
SE99L4,0.0001310615989515072,WORK EMBARGO: 05/05/2025 11:00AM - 11:59PM FOR SPECIAL EVENT MET GALA - DEPARTURE/ARRIVAL / Sidewalk and Curb Lane Closure *NYC DOT REQUIRES FULL RESTORATION OF ROADWAY AND/OR SIDEWALK FOR PUBLIC USE AS IT RELATES TO THE EVENT. PLEASE CONTACT DOT SPECIAL EVENTS (SPECIALEVENTS@DOT.NYC.GOV) FOR FURTHER INFORMATION
SE99P7,0.0001310615989515072,WORK EMBARGO: 9/09/2025 12:00PM - 8:00PM for Jewish New Years Street Festival. Full Street Closure. NYC DOT REQUIRES FULL RESTORATION OF ROADWAY AND/OR SIDEWALK FOR PUBLIC USE AS IT RELATES TO THE EVENT. PLEASE CONTACT DOT SPECIAL EVENTS (SPECIALEVENTS@DOT.NYC.GOV) FOR FURTHER INFORMATION
SE99Q0,0.0001310615989515072,"WORK EMBARGO: 11/10/2025 12:00PM - 11/11/2025 7:00PM for 2025 New York City Veterans Day Parade. Full Street Closure. NYC DOT REQUIRES FULL RESTORATION OF ROADWAY AND/OR SIDEWALK FOR PUBLIC USE AS IT RELATES TO THE EVENT. PLEASE CONTACT DOT SPECIAL EVENTS (SPECIALEVENTS@DOT.NYC.GOV) FOR FURTHER INFORMATION. Note: Includes Madison Square Park: 5th Avenue Sidewalks, East 26 Street Sidewalks, Veterans Lawn, South Crushed Stone Area, West Crushed Stone Area, Eternal Light Monument"
SE99T9,0.0001310615989515072,"WORK EMBARGO: 07/26/2026 12:00AM - 1:30PM for Empire State Ride. Full Street Closure. *NYC DOT REQUIRES FULL RESTORATION OF ROADWAY AND/OR SIDEWALK FOR PUBLIC USE AS IT RELATES TO THE EVENT. PLEASE CONTACT DOT SPECIAL EVENTS (SPECIALEVENTS@DOT.NYC.GOV) FOR FURTHER INFORMATION. Note: Includes Manhattan College Parkway between Waldo Avenue and West 242 Street, Bay Street between Victory Blvd and Ferry Terminal Drive, Hudson River Greenway between Ferry (Manhattan) and Dyckman Street, Hudson River Greenway between Ferry Manhattan and Dyckman Street"
SE03X6,0.0001310615989515072,WORK EMBARGO: 0712/2026 12:00AM - 07/10/2026 11:30PM for Times Square World Cup Community Field. Pedestrian Plaza. *NYC DOT REQUIRES FULL RESTORATION OF ROADWAY AND/OR SIDEWALK FOR PUBLIC USE AS IT RELATES TO THE EVENT. PLEASE CONTACT DOT SPECIAL EVENTS (SPECIALEVENTS@DOT.NYC.GOV) FOR FURTHER INFORMATION
SE97F7,0.0001310615989515072,WORK EMBARGO: 08/18/24 12pm-6pm for 135th Annual St Rocco Feast Parade. Full street closure. *NYC DOT requires full restoration of roadway and/or sidewalk for public use as it relates to the event. Please contact DOT Special Events (SpecialEvents@dot.nyc.gov) for further information.
SE942A,0.0001310615989515072,WORK EMBARGO: 08/28/2026 09:00 AM - 09/07/2026 05:00 PM FOR SPECIAL EVENT Student Move In. Curb Lane Only. - 6 PM *NYC DOT REQUIRES FULL RESTORATION OF ROADWAY AND/OR SIDEWALK FOR PUBLIC USE AS IT RELATES TO THE EVENT. PLEASE CONTACT DOT SPECIAL EVENTS (SPECIALEVENTS@DOT.NYC.GOV) FOR FURTHER INFORMATION
SE95N9,0.0001310615989515072,WORK EMBARGO: 05/31/25 8am-8pm for MetFest: MCRW Reopening. Full street closure. *NYC DOT requires full restoration of roadway and/or sidewalk for public use as it relates to the event. Please contact DOT Special Events (SpecialEvents@dot.nyc.gov) for further information.
SE94B4,0.0001310615989515072,WORK EMBARGO: 04/20/2024 10AM - 5:30PM FOR SPECIAL EVENT Royal Queen Seeds / Pedestrian Plaza *NYC DOT REQUIRES FULL RESTORATION OF ROADWAY AND/OR SIDEWALK FOR PUBLIC USE AS IT RELATES TO THE EVENT. PLEASE CONTACT DOT SPECIAL EVENTS (SPECIALEVENTS@DOT.NYC.GOV) FOR FURTHER INFORMATION
SE05U0,0.0001310615989515072,WORK EMBARGO: 02/14/2026 7:00AM - 9:00PM for Love in Times Square. Pedestrian Plaza and Curb Lane Closure. *NYC DOT REQUIRES FULL RESTORATION OF ROADWAY AND/OR SIDEWALK FOR PUBLIC USE AS IT RELATES TO THE EVENT. PLEASE CONTACT DOT SPECIAL EVENTS (SPECIALEVENTS@DOT.NYC.GOV) FOR FURTHER INFORMATION. Note: Includes Time Sqaure: 46/47 Broadway Pedestrian Plaza
SE05K6,0.0001310615989515072,WORK EMBARGO: 06/08/25 8am-8pm for NEW YORK CITY EXPO. Full street closure. *NYC DOT requires full restoration of roadway and/or sidewalk for public use as it relates to the event. Please contact DOT Special Events (SpecialEvents@dot.nyc.gov) for further information.
SE053C,0.0001310615989515072,WORK EMBARGO: 10/22/2026 12:01AM - 11:59PM FOR SPECIAL EVENT RevenueCat / Pedestrian Plaza *NYC DOT REQUIRES FULL RESTORATION OF ROADWAY AND/OR SIDEWALK FOR PUBLIC USE AS IT RELATES TO THE EVENT. PLEASE CONTACT DOT SPECIAL EVENTS (SPECIALEVENTS@DOT.NYC.GOV) FOR FURTHER INFORMATION
SE050C,0.0001310615989515072,WORK EMBARGO: 10/19 12:01AM - 10/21/2026 11:59PM FOR SPECIAL EVENT Momentum Sports Activation - Times Square / Pedestrian Plaza *NYC DOT REQUIRES FULL RESTORATION OF ROADWAY AND/OR SIDEWALK FOR PUBLIC USE AS IT RELATES TO THE EVENT. PLEASE CONTACT DOT SPECIAL EVENTS (SPECIALEVENTS@DOT.NYC.GOV) FOR FURTHER INFORMATION
SE94K5,0.0001310615989515072,WORK EMBARGO: 03/19 12:00AM - 03/20/2025 11:30PM FOR SPECIAL EVENT TSQ Cube Media Buy - 47th Ave @ Broadway - Mamava Breast Feeding Station / Curb Lane Only *NYC DOT REQUIRES FULL RESTORATION OF ROADWAY AND/OR SIDEWALK FOR PUBLIC USE AS IT RELATES TO THE EVENT. PLEASE CONTACT DOT SPECIAL EVENTS (SPECIALEVENTS@DOT.NYC.GOV) FOR FURTHER INFORMATION
SE94K6,0.0001310615989515072,WORK EMBARGO: 09/07/2025 12:00AM - 4:00PM FOR SPECIAL EVENT Broadway Concert 2025 / Pedestrian Plaza *NYC DOT REQUIRES FULL RESTORATION OF ROADWAY AND/OR SIDEWALK FOR PUBLIC USE AS IT RELATES TO THE EVENT. PLEASE CONTACT DOT SPECIAL EVENTS (SPECIALEVENTS@DOT.NYC.GOV) FOR FURTHER INFORMATION
SE95F9,0.0001310615989515072,WORK EMBARGO: 09/21/2024 2PM - 11PM FOR SPECIAL EVENT il Buco Pig Roast / Full Street Closure *NYC DOT REQUIRES FULL RESTORATION OF ROADWAY AND/OR SIDEWALK FOR PUBLIC USE AS IT RELATES TO THE EVENT. PLEASE CONTACT DOT SPECIAL EVENTS (SPECIALEVENTS@DOT.NYC.GOV) FOR FURTHER INFORMATION
SE04L2,0.0001310615989515072,WORK EMBARGO: 09/06/25 8am-4pm for NATIONS PARADE. Full street closure. *NYC DOT requires full restoration of roadway and/or sidewalk for public use as it relates to the event. Please contact DOT Special Events (SpecialEvents@dot.nyc.gov) for further information.
SE973A,0.0001310615989515072,WORK EMBARGO: 10/28/2026 06:00 AM - 02:00 PM FOR SPECIAL EVENT National First Responders Day. Pedestrian Plaza. *NYC DOT REQUIRES FULL RESTORATION OF ROADWAY AND/OR SIDEWALK FOR PUBLIC USE AS IT RELATES TO THE EVENT. PLEASE CONTACT DOT SPECIAL EVENTS (SPECIALEVENTS@DOT.NYC.GOV) FOR FURTHER INFORMATION
SE04L1,0.0001310615989515072,WORK EMBARGO: 06/21/25 8am-4pm for Albanian Roots Parade. Full street closure. *NYC DOT requires full restoration of roadway and/or sidewalk for public use as it relates to the event. Please contact DOT Special Events (SpecialEvents@dot.nyc.gov) for further information.
SE96G8,0.0001310615989515072,WORK EMBARGO: 09/28/2024 6AM - 11:59PM FOR SPECIAL EVENT NYCFC Viewing Party at HK Hall: 605 W. 48th St. / Curb Lane Only *NYC DOT REQUIRES FULL RESTORATION OF ROADWAY AND/OR SIDEWALK FOR PUBLIC USE AS IT RELATES TO THE EVENT. PLEASE CONTACT DOT SPECIAL EVENTS (SPECIALEVENTS@DOT.NYC.GOV) FOR FURTHER INFORMATION
SE04K5,0.0001310615989515072,WORK EMBARGO: 06/01/25 8am-8pm for STONEWALL VILLAGE FAIR AND EXPO. Full street closure. *NYC DOT requires full restoration of roadway and/or sidewalk for public use as it relates to the event. Please contact DOT Special Events (SpecialEvents@dot.nyc.gov) for further information.
SE96J8,0.0001310615989515072,WORK EMBARGO: 08/16/25 6am-9pm for Summer in The City. Full street closure. *NYC DOT requires full restoration of roadway and/or sidewalk for public use as it relates to the event. Please contact DOT Special Events (SpecialEvents@dot.nyc.gov) for further information.
SE96L3,0.0001310615989515072,WORK EMBARGO: 06/15/25 9am-4pm for The Juneteenth National Day Parade. Full street closure. *NYC DOT requires full restoration of roadway and/or sidewalk for public use as it relates to the event. Please contact DOT Special Events (SpecialEvents@dot.nyc.gov) for further information.
SE96N0,0.0001310615989515072,WORK EMBARGO: 05/31/25 8am-8pm for MetFest: MCRW Reopening. Sidewalk and curb lane closure. *NYC DOT requires full restoration of roadway and/or sidewalk for public use as it relates to the event. Please contact DOT Special Events (SpecialEvents@dot.nyc.gov) for further information.
SE04G8,0.0001310615989515072,WORK EMBARGO: 06/14/25 9am-6pm for 40th Immigrants Parade - International Cultures Celebration. Full street closure. *NYC DOT requires full restoration of roadway and/or sidewalk for public use as it relates to the event. Please contact DOT Special Events (SpecialEvents@dot.nyc.gov) for further information.
SE04G7,0.0001310615989515072,WORK EMBARGO: 06/07/25 7am-8pm for Haitian Parade NYC. Full street closure. *NYC DOT requires full restoration of roadway and/or sidewalk for public use as it relates to the event. Please contact DOT Special Events (SpecialEvents@dot.nyc.gov) for further information.
SE02M4,0.0001310615989515072,WORK EMBARGO: 04/18/25 3pm to 04/20/25 1am for Good Friday Procession. Full street closure. *NYC DOT requires full restoration of roadway and/or sidewalk for public use as it relates to the event. Please contact DOT Special Events (SpecialEvents@dot.nyc.gov) for further information.
SE9G60,0.0001310615989515072,WORK EMBARGO: 07/22/22 12:01am to 07/24/22 11:59pm for 2022 Embargo NYC Triathlon. Full street closure. *NYC DOT REQUIRES FULL RESTORATION OF ROADWAY AND/OR SIDEWALK FOR PUBLIC USE AS IT RELATES TO THE EVENT. PLEASE CONTACT DOT SPECIAL EVENTS (SPECIALEVENTS@DOT.NYC.GOV) FOR FURTHER INFORMATION. Also includes: Central Park West Drive between 97th Street Transverse and Center Drive; Center Drive between Central Park West Drive and Central Park East Drive; Central Park East Drive between Center Drive and 97th Street Transverse; Terrace Drive between Central Park West Drive and Central Park East Drive; Henry Hudson Bridge
SE9G61,0.0001310615989515072,"WORK EMBARGO: 09/10/22 12:01am to 09/11/22 6pm for 2022 Embargo 9-11 Ceremony. Full street closure. *NYC DOT REQUIRES FULL RESTORATION OF ROADWAY AND/OR SIDEWALK FOR PUBLIC USE AS IT RELATES TO THE EVENT. PLEASE CONTACT DOT SPECIAL EVENTS (SPECIALEVENTS@DOT.NYC.GOV) FOR FURTHER INFORMATION. Also includes all streets bounded by Barclay St, Broadway, West St and Rector St."
SE9S79,0.0001310615989515072,WORK EMBARGO: 10/28/23 12:01am to 10/31/23 11:59pm for 2023 Embargo Village Halloween Day Parade. Full street closure. *NYC DOT requires full restoration of roadway and/or sidewalk for public use as it relates to the event. Please contact DOT Special Events (specialevents@dot.nyc.gov) for further information.
SE9M08,0.0001310615989515072,WORK EMBARGO: 04/15/22 to 12/31/22 8am-8pm for East 73rd Street Open Street. Full street closure. *NYC DOT REQUIRES FULL RESTORATION OF ROADWAY AND/OR SIDEWALK FOR PUBLIC USE AS IT RELATES TO THE EVENT. PLEASE CONTACT DOT (OPENSTREETS@DOT.NYC.GOV) FOR FURTHER INFORMATION
SE9N83,0.0001310615989515072,WORK EMBARGO: 08/20/22 8am-5pm for Me Conoces. Full street closure. *NYC DOT REQUIRES FULL RESTORATION OF ROADWAY AND/OR SIDEWALK FOR PUBLIC USE AS IT RELATES TO THE EVENT. PLEASE CONTACT DOT SPECIAL EVENTS (SPECIALEVENTS@DOT.NYC.GOV) FOR FURTHER INFORMATION
SE9O10,0.0001310615989515072,WORK EMBARGO: 10/23/22 6am-3pm for Bike the Block Bronx Fort George Hill. Full street closure. *NYC DOT REQUIRES FULL RESTORATION OF ROADWAY AND/OR SIDEWALK FOR PUBLIC USE AS IT RELATES TO THE EVENT. PLEASE CONTACT DOT SPECIAL EVENTS (SPECIALEVENTS@DOT.NYC.GOV) FOR FURTHER INFORMATION
SE00S7,0.0001310615989515072,WORK EMBARGO: 10/31/2025 05:30PM - 08:30PM FOR SPECIAL EVENT Halloween Festival / Full Street Closure *NYC DOT REQUIRES FULL RESTORATION OF ROADWAY AND/OR SIDEWALK FOR PUBLIC USE AS IT RELATES TO THE EVENT. PLEASE CONTACT DOT SPECIAL EVENTS (SPECIALEVENTS@DOT.NYC.GOV) FOR FURTHER INFORMATION
SE9O40,0.0001310615989515072,WORK EMBARGO: 10/02/22 12:01am-11:59pm for Velocity: Columbias Ride to End Cancer. Full street closure. *NYC DOT REQUIRES FULL RESTORATION OF ROADWAY AND/OR SIDEWALK FOR PUBLIC USE AS IT RELATES TO THE EVENT. PLEASE CONTACT DOT SPECIAL EVENTS (SPECIALEVENTS@DOT.NYC.GOV) FOR FURTHER INFORMATION
SE9O57,0.0001310615989515072,WORK EMBARGO: 07/23 12:01AM - 09/03/2022 11:30PM FOR SPECIAL EVENT NIKE Registration Tent / Street Event / Partial Sidewalk Closure *NYRecurring Event Notes: 07/23/2022 (Saturday) 07/30/2022 (Saturday) 08/06/2022 (Saturday) 08/13/2022 (Saturday) 08/20/2022 (Saturday) 08/27/2022 (Saturday) 09/03/2022 (Saturday) 10/01/2022 (Saturday) 10/08/2022 (Saturday) 10/15/2022 (Saturday) 10/22/2022 (Saturday) 10/29/2022 (Saturday) 11/05/2022 (Saturday)C DOT REQUIRES FULL RESTORATION OF ROADWAY AND/OR SIDEWALK FOR PUBLIC USE AS IT RELATES TO THE EVENT. PLEASE CONTACT DOT SPECIAL EVENTS (SPECIALEVENTS@DOT.NYC.GOV) FOR FURTHER INFORMATION **
SE9Q06,0.0001310615989515072,"WORK EMBARGO: 04/30/23 6am-11am for 9/11 Memorial 5K Run/Walk. Full street closure. *NYC DOT REQUIRES FULL RESTORATION OF ROADWAY AND/OR SIDEWALK FOR PUBLIC USE AS IT RELATES TO THE EVENT. PLEASE CONTACT DOT SPECIAL EVENTS (SPECIALEVENTS@DOT.NYC.GOV) FOR FURTHER INFORMATION. Also includes: TRINITY PLACE between MORRIS STREET and EDGAR STREET, RIVER TERRACE between NORTH END AVENUE and CHAMBERS STREET"
SE9R91,0.0001310615989515072,WORK EMBARGO: 05/21/23 8am-3:30pm for The 2nd Asian Pacific American Cultural Heritage Parade. Full street closure. *NYC DOT REQUIRES FULL RESTORATION OF ROADWAY AND/OR SIDEWALK FOR PUBLIC USE AS IT RELATES TO THE EVENT. PLEASE CONTACT DOT SPECIAL EVENTS (SPECIALEVENTS@DOT.NYC.GOV) FOR FURTHER INFORMATION
SE006C,0.0001310615989515072,WORK EMBARGO: 09/29 05:00AM - 10/01/2026 12:00PM FOR SPECIAL EVENT Bumble - Breakfast Truck / Sidewalk and Curb Lane Closure *NYC DOT REQUIRES FULL RESTORATION OF ROADWAY AND/OR SIDEWALK FOR PUBLIC USE AS IT RELATES TO THE EVENT. PLEASE CONTACT DOT SPECIAL EVENTS (SPECIALEVENTS@DOT.NYC.GOV) FOR FURTHER INFORMATION ** Sidewalk and Curb Lane Closure
SE02H6,0.0001310615989515072,WORK EMBARGO: 09/06/2024 3PM - 10PM FOR SPECIAL EVENT Fashion Week Dinner / Sidewalk and Curb Lane Closure *NYC DOT REQUIRES FULL RESTORATION OF ROADWAY AND/OR SIDEWALK FOR PUBLIC USE AS IT RELATES TO THE EVENT. PLEASE CONTACT DOT SPECIAL EVENTS (SPECIALEVENTS@DOT.NYC.GOV) FOR FURTHER INFORMATION
039,0.0001310615989515072,OCCUPY 8 FOOT WIDTH OF ROADWAY ADJACENT TO CURB 
SE9V68,0.0001310615989515072,Work Embargo: 05/15/23 to 12/31/23 8am-8pm for ORCHARD STREET DOT Open Street. Full street closure. *NYC DOT requires full restoration of roadway and/or sidewalk for public use as it relates to the event. Please contact DOT Special Events (specialevents@dot.nyc.gov) for further information.
SE9V70,0.0001310615989515072,Work Embargo: 05/15/23 to 12/31/23 8am-8pm for STANTON STREET DOT Open Street. Full street closure. *NYC DOT requires full restoration of roadway and/or sidewalk for public use as it relates to the event. Please contact DOT Special Events (specialevents@dot.nyc.gov) for further information.
IFPMX,0.0001310615989515072,"An Interim Flood Protection Measures (IFPM) system is located in the roadway and/or sidewalk on this location. IFPMs are managed by NYC Emergency Management (NYCEM). IFPMs include permanent pre-installed or just-in-time components that are installed only in the event of an imminent coastal storm emergency, or for planned system testing purposes. Both component types may be located at grade and/or above grade. Prior to mobilizing, Permittees must contact NYCEM at IFPM@oem.nyc.gov for further instructions. If a coastal storm emergency develops after approved work starts, permittees shall follow any directives from NYCEM to shut down work, backfill excavations and remove or relocate equipment and materials within 24 hours if the work impedes IFPM installation. Permittee is responsible for restoration, replacement, and/or reconstruction of damaged NYCEM flood protection assets impacted by the Permittee, see: https://on.nyc.gov/381cQuV"
SE9Z93,0.0001310615989515072,WORK EMBARGO: 11/10/23 8am TP 11/11/23 10pm for Meatpacking District Presents the Chelsea Market Chili Festival. Full street closure. *NYC DOT requires full restoration of roadway and/or sidewalk for public use as it relates to the event. Please contact DOT Special Events (SpecialEvents@dot.nyc.gov) for further information.
055,0.0001310615989515072,OCCUPY 20 FOOT WIDTH OF ROADWAY ADJACENT TO NORTH CURBLINE 
058,0.0001310615989515072,OCCUPY 20 FOOT WIDTH OF ROADWAY ADJACENT  TO WEST CURBLINE 
075,0.0001310615989515072,WORK 7PM FRIDAY THROUGH 6AM MONDAY AND 7PM - 6AM WEEKNIGHTS. SECTION 24-224 ADMINISTRATIVE CODE VARIANCE GRANTED FOR HOURS AND DAYS STIPULATED HEREIN.
SE00Z5,0.0001310615989515072,WORK EMBARGO: 07/14 08:00AM - 07/21/2026 06:00AM FOR SPECIAL EVENT 2026 FIFA NY - FUSE / PepsiCo Foods / Curb Lane Only *NYC DOT REQUIRES FULL RESTORATION OF ROADWAY AND/OR SIDEWALK FOR PUBLIC USE AS IT RELATES TO THE EVENT. PLEASE CONTACT DOT SPECIAL EVENTS (SPECIALEVENTS@DOT.NYC.GOV) FOR FURTHER INFORMATION
SE011C,0.0001310615989515072,WORK EMBARGO: 09/18 10:00PM - 10/02/2026 06:00AM FOR SPECIAL EVENT Saks Fifth Ave. Holiday Lights / Curb Lane Only *NYC DOT REQUIRES FULL RESTORATION OF ROADWAY AND/OR SIDEWALK FOR PUBLIC USE AS IT RELATES TO THE EVENT. PLEASE CONTACT DOT SPECIAL EVENTS (SPECIALEVENTS@DOT.NYC.GOV) FOR FURTHER INFORMATION
SE9L98,0.0001310615989515072,WORK EMBARGO: 06/06/23 12am to 11/28/23 11:59pm for Greenmarket Grow NYC at Astor Plaza South. Pedestrian plaza. *NYC DOT REQUIRES FULL RESTORATION OF ROADWAY AND/OR SIDEWALK FOR PUBLIC USE AS IT RELATES TO THE EVENT. PLEASE CONTACT DOT SPECIAL EVENTS (SPECIALEVENTS@DOT.NYC.GOV) FOR FURTHER INFORMATION. Recurring Days Notes: Tuesdays only from 6/6-11/28
SE9L74,0.0001310615989515072,WORK EMBARGO: 06/11/2022 FOR SPECIAL EVENT Senior Citizen Celebration Day / Block Party ** TIME: 9AM - 5:30PM / Full Street Closure *NYC DOT REQUIRES FULL RESTORATION OF ROADWAY AND/OR SIDEWALK FOR PUBLIC USE AS IT RELATES TO THE EVENT. PLEASE CONTACT DOT SPECIAL EVENTS (SPECIALEVENTS@DOT.NYC.GOV) FOR FURTHER INFORMATION
SE9H29,0.0001310615989515072,WORK EMBARGO: 11/09 12:01AM - 09/28/2022 8PM FOR SPECIAL EVENT TSQ Presents NYC / Plaza Event / Pedestrian Plaza / Curb Lane Only *NYC DOT REQUIRES FULL RESTORATION OF ROADWAY AND/OR SIDEWALK FOR PUBLIC USE AS IT RELATES TO THE EVENT. PLEASE CONTACT DOT SPECIAL EVENTS (SPECIALEVENTS@DOT.NYC.GOV) FOR FURTHER INFORMATION . * Recurring Days Notes: 07/12/2022 (Tuesday) 07/13/2022 (Wednesday) 07/19/2022 (Tuesday) 07/20/2022 (Wednesday) 07/26/2022 (Tuesday) 07/27/2022 (Wednesday) 08/02/2022 (Tuesday) 08/03/2022 (Wednesday) 08/09/2022 (Tuesday) 08/10/2022 (Wednesday) 08/16/2022 (Tuesday) 08/17/2022 (Wednesday) 08/23/2022 (Tuesday) 08/24/2022 (Wednesday) 08/30/2022 (Tuesday) 08/31/2022 (Wednesday) 09/06/2022 (Tuesday) 09/07/2022 (Wednesday) 09/13/2022 (Tuesday) 09/14/2022 (Wednesday) 09/20/2022 (Tuesday) 09/21/2022 (Wednesday) 09/27/2022 (Tuesday) 09/28/2022 (Wednesday)
SE9H34,0.0001310615989515072,WORK EMBARGO: 10/15/22 11am-3pm for Broadway Blitz. Full street closure. *NYC DOT REQUIRES FULL RESTORATION OF ROADWAY AND/OR SIDEWALK FOR PUBLIC USE AS IT RELATES TO THE EVENT. PLEASE CONTACT DOT SPECIAL EVENTS (SPECIALEVENTS@DOT.NYC.GOV) FOR FURTHER INFORMATION
SE9H66,0.0001310615989515072,WORK EMBARGO: 05/04 12AM - 05/19/2022 11:30PM FOR SPECIAL EVENT Design Pavilion / Plaza Event / Pedestrian Plaza *NYC DOT REQUIRES FULL RESTORATION OF ROADWAY AND/OR SIDEWALK FOR PUBLIC USE AS IT RELATES TO THE EVENT. PLEASE CONTACT DOT SPECIAL EVENTS (SPECIALEVENTS@DOT.NYC.GOV) FOR FURTHER INFORMATION
SE02C4,0.0001310615989515072,"WORK EMBARGO: 10/04/24 12am to 10/06/24 11:59pm for 2024 Embargo NYC Triathlon. Full street closure. *NYC DOT requires full restoration of roadway and/or sidewalk for public use as it relates to the event. Please contact DOT Special Events (SpecialEvents@dot.nyc.gov) for further information. Note: Includes Henry Hudson Parkway (Northbound) between West 58th Street and the Henry Hudson Bridge, Henry Hudson Parkway Exit and Entrance ramps at West 96th Street, Center Drive between Central Park West Drive and Central Park East Drive, • Central Park East Drive between Center Drive and 97th Street Transverse, • Terrace Drive between Central Park West Drive and Central Park East Drive"
SE01T1,0.0001310615989515072,WORK EMBARGO: 11/12/2025 07:00AM - 03:00PM FOR SPECIAL EVENT AlphaSense Coffee Giveaway / Partial Sidewalk Closure *NYC DOT REQUIRES FULL RESTORATION OF ROADWAY AND/OR SIDEWALK FOR PUBLIC USE AS IT RELATES TO THE EVENT. PLEASE CONTACT DOT SPECIAL EVENTS (SPECIALEVENTS@DOT.NYC.GOV) FOR FURTHER INFORMATION
SE01O3,0.0001310615989515072,WORK EMBARGO: 08/22/2025 9:00AM - 5:00PM FOR SPECIAL EVENT Victor Rojas Family Day Block Party / Full Street Closure *NYC DOT REQUIRES FULL RESTORATION OF ROADWAY AND/OR SIDEWALK FOR PUBLIC USE AS IT RELATES TO THE EVENT. PLEASE CONTACT DOT SPECIAL EVENTS (SPECIALEVENTS@DOT.NYC.GOV) FOR FURTHER INFORMATION
SE01K9,0.0001310615989515072,WORK EMBARGO: 11/29 12:01AM - 12/14/2024 11:59PM FOR SPECIAL EVENT TS2025 - Week 1 and 2 / Sidewalk and Curb Lane Closure / Curb Lane Only / Pedestrian Plaza *NYC DOT REQUIRES FULL RESTORATION OF ROADWAY AND/OR SIDEWALK FOR PUBLIC USE AS IT RELATES TO THE EVENT. PLEASE CONTACT DOT SPECIAL EVENTS (SPECIALEVENTS@DOT.NYC.GOV) FOR FURTHER INFORMATION
SE01K5,0.0001310615989515072,WORK EMBARGO: 05/17/25 8am-8pm for P.A.L. FESTIVAL. Full street closure. *NYC DOT requires full restoration of roadway and/or sidewalk for public use as it relates to the event. Please contact DOT Special Events (SpecialEvents@dot.nyc.gov) for further information.
SE9I86,0.0001310615989515072,WORK EMBERGO 00/00/00 FOR SPECIAL EVENT
SE9J04,0.0001310615989515072,WORK EMBARGO: 06/11/22 6:00AM -1:00PM for Harlem Graduation Walk 2022 Full Street Closure *NYC DOT REQUIRES FULL RESTORATION OF ROADWAY AND/OR SIDEWALK FOR PUBLIC USE AS IT RELATES TO THE EVENT. PLEASE CONTACT DOT SPECIAL EVENTS (SPECIALEVENTS@DOT.NYC.GOV) FOR FURTHER INFORMATION
SE01C3,0.0001310615989515072,WORK EMBARGO: 03/28/2024 6AM - 10:30PM FOR SPECIAL EVENT WhatsApp Interactive / Pedestrian Plaza *NYC DOT REQUIRES FULL RESTORATION OF ROADWAY AND/OR SIDEWALK FOR PUBLIC USE AS IT RELATES TO THE EVENT. PLEASE CONTACT DOT SPECIAL EVENTS (SPECIALEVENTS@DOT.NYC.GOV) FOR FURTHER INFORMATION
SE9J62,0.0001310615989515072,"WORK EMBARGO: 07/24/22 6am-3pm for Verizon New York City Triathlon. Full street closure. *NYC DOT REQUIRES FULL RESTORATION OF ROADWAY AND/OR SIDEWALK FOR PUBLIC USE AS IT RELATES TO THE EVENT. PLEASE CONTACT DOT SPECIAL EVENTS (SPECIALEVENTS@DOT.NYC.GOV) FOR FURTHER INFORMATION. Also includes: Central park west headed south to center drive and then the east drive before returning to terrace drive and finishes at the Naumburg Bandshell. HENRY HUDSON PARKWAY between WEST 56 ST and HENRY HUDSON BRIDGE. Note: Bikers will exit park at 101st Street and head north and south on the west side highway northbound lanes returning to the park before running. Runners will exit park at 101st street , headed south and take a right at 97th street."
SE9K01,0.0001310615989515072,WORK EMBARGO: 07/08 9:30AM - 08/12/2022 5:30PM FOR SPECIAL EVENT JungleGym 2022 / Street Event / Full Street Closure *NYC DOT REQUIRES FULL RESTORATION OF ROADWAY AND/OR SIDEWALK FOR PUBLIC USE AS IT RELATES TO THE EVENT. PLEASE CONTACT DOT SPECIAL EVENTS (SPECIALEVENTS@DOT.NYC.GOV) FOR FURTHER INFORMATION
SE9K16,0.0001310615989515072,WORK EMBARGO: 06/04/2022 FOR SPECIAL EVENT PS 165 Spring Art Fair TIME: 7 AM - 7 PM / full street closure / *NYC DOT REQUIRES FULL RESTORATION OF ROADWAY AND/OR SIDEWALK FOR PUBLIC USE AS IT RELATES TO THE EVENT. PLEASE CONTACT DOT SPECIAL EVENTS (SPECIALEVENTS@DOT.NYC.GOV) FOR FURTHER INFORMATION
SE9K17,0.0001310615989515072,WORK EMBARGO: 05/07/22 10:30am-1pm for New York City Cannabis Parade and Rally. Full street closure. *NYC DOT REQUIRES FULL RESTORATION OF ROADWAY AND/OR SIDEWALK FOR PUBLIC USE AS IT RELATES TO THE EVENT. PLEASE CONTACT DOT SPECIAL EVENTS (SPECIALEVENTS@DOT.NYC.GOV) FOR FURTHER INFORMATION
SE9K52,0.0001310615989515072,WORK EMBARGO: 04/09/22 3pm-7pm for Rise Up 4 Abortion Rights Rally and March. Full street closure. *NYC DOT REQUIRES FULL RESTORATION OF ROADWAY AND/OR SIDEWALK FOR PUBLIC USE AS IT RELATES TO THE EVENT. PLEASE CONTACT DOT SPECIAL EVENTS (SPECIALEVENTS@DOT.NYC.GOV) FOR FURTHER INFORMATION
SE9L58,0.0001310615989515072,WORK EMBARGO: 07/19/2022 FOR SPECIAL EVENT Opening Celebration: New York 1962-9264 / Street Event ** TIME: 3PM - 10PM / Sidewalk and Curb Lane Closure *NYC DOT REQUIRES FULL RESTORATION OF ROADWAY AND/OR SIDEWALK FOR PUBLIC USE AS IT RELATES TO THE EVENT. PLEASE CONTACT DOT SPECIAL EVENTS (SPECIALEVENTS@DOT.NYC.GOV) FOR FURTHER INFORMATION
SE947A,0.0001310615989515072,WORK EMBARGO: 10/28/2026 12:01AM - 10/31/2026 11:59PM for 2026 Embargo Village Halloween Parade. Full Street Closure. *NYC DOT REQUIRES FULL RESTORATION OF ROADWAY AND/OR SIDEWALK FOR PUBLIC USE AS IT RELATES TO THE EVENT. PLEASE CONTACT DOT SPECIAL EVENTS (SPECIALEVENTS@DOT.NYC.GOV) FOR FURTHER INFORMATION
SE06H8,0.0001310615989515072,WORK EMBARGO: 10/19/2024 7AM - 6PM FOR SPECIAL EVENT Rock The Block 2024 / Full Street Closure *NYC DOT REQUIRES FULL RESTORATION OF ROADWAY AND/OR SIDEWALK FOR PUBLIC USE AS IT RELATES TO THE EVENT. PLEASE CONTACT DOT SPECIAL EVENTS (SPECIALEVENTS@DOT.NYC.GOV) FOR FURTHER INFORMATION
SE11R5,0.0001310615989515072,WORK EMBARGO: 09/26/2025 12:00AM - 11:30PM FOR SPECIAL EVENT CHELSEA PIERS BUS STAGING / Curb Lane Only *NYC DOT REQUIRES FULL RESTORATION OF ROADWAY AND/OR SIDEWALK FOR PUBLIC USE AS IT RELATES TO THE EVENT. PLEASE CONTACT DOT SPECIAL EVENTS (SPECIALEVENTS@DOT.NYC.GOV) FOR FURTHER INFORMATION
SE0O59,0.0001310615989515072,WORK EMBARGO: 10/01/2022 FOR SPECIAL EVENT Third Street Music School Settlement / Block Party ** TIME: 8AM - 5PM / Full Street Closure *NYC DOT REQUIRES FULL RESTORATION OF ROADWAY AND/OR SIDEWALK FOR PUBLIC USE AS IT RELATES TO THE EVENT. PLEASE CONTACT DOT SPECIAL EVENTS (SPECIALEVENTS@DOT.NYC.GOV) FOR FURTHER INFORMATION
SE8M12,0.0001310615989515072,WORK EMBARGO: 04/15/22 to 12/31/22 8am-8pm for King Street Open Street. Full street closure. *NYC DOT REQUIRES FULL RESTORATION OF ROADWAY AND/OR SIDEWALK FOR PUBLIC USE AS IT RELATES TO THE EVENT. PLEASE CONTACT DOT (OPENSTREETS@DOT.NYC.GOV) FOR FURTHER INFORMATION
SE0P71,0.0001310615989515072,WORK EMBARGO: 09/10 12:01AM - 10/22/2022 11:59PM FOR SPECIAL EVENT NIKE Registration Tent - Part 2 / Street Event / Partial Sidewalk Closure *NYC DOT REQUIRES FULL RESTORATION OF ROADWAY AND/OR SIDEWALK FOR PUBLIC USE AS IT RELATES TO THE EVENT. PLEASE CONTACT DOT SPECIAL EVENTS (SPECIALEVENTS@DOT.NYC.GOV) FOR FURTHER INFORMATION ** Recurring Event Notes: 09/10/2022 (Saturday) 09/17/2022 (Saturday) 09/24/2022 (Saturday) 10/01/2022 (Saturday) 10/08/2022 (Saturday) 10/15/2022 (Saturday) 10/22/2022 (Saturday)
SE8M89,0.0001310615989515072,WORK EMBARGO: 09/24/22 9am-8pm for NY INDONESIAN FOOD BEVERAGE FESTIVAL. Full street closure. *NYC DOT REQUIRES FULL RESTORATION OF ROADWAY AND/OR SIDEWALK FOR PUBLIC USE AS IT RELATES TO THE EVENT. PLEASE CONTACT DOT SPECIAL EVENTS (SPECIALEVENTS@DOT.NYC.GOV) FOR FURTHER INFORMATION
SE8N22,0.0001310615989515072,WORK EMBARGO: 08/05/2022 FOR SPECIAL EVENT United House of Prayer for All People / Street Event ** TIME: 9AM - 5PM / Full Sidewalk Closure *NYC DOT REQUIRES FULL RESTORATION OF ROADWAY AND/OR SIDEWALK FOR PUBLIC USE AS IT RELATES TO THE EVENT. PLEASE CONTACT DOT SPECIAL EVENTS (SPECIALEVENTS@DOT.NYC.GOV) FOR FURTHER INFORMATION
SE8O35,0.0001310615989515072,WORK EMBARGO: 08/28/22 8am-6:30pm for New York Revive. Full street closure. *NYC DOT REQUIRES FULL RESTORATION OF ROADWAY AND/OR SIDEWALK FOR PUBLIC USE AS IT RELATES TO THE EVENT. PLEASE CONTACT DOT SPECIAL EVENTS (SPECIALEVENTS@DOT.NYC.GOV) FOR FURTHER INFORMATION
SE8O43,0.0001310615989515072,WORK EMBARGO: 10/10/2022 3:30pm-06:30pm FOR The 111th Anniversary of Double Ten Celebration. Full Street Closure. *NYC DOT REQUIRES FULL RESTORATION OF ROADWAY AND/OR SIDEWALK FOR PUBLIC USE AS IT RELATES TO THE EVENT. PLEASE CONTACT DOT SPECIAL EVENTS (SPECIALEVENTS@DOT.NYC.GOV) FOR FURTHER INFORMATION
SE0P02,0.0001310615989515072,WORK EMBARGO: 00/00 - 00/00/2016 FOR SPECIAL EVENT NAME TIME: 12:01 AM - 6 PM *NYC DOT REQUIRES FULL RESTORATION OF ROADWAY AND/OR SIDEWALK FOR PUBLIC USE AS IT RELATES TO THE EVENT. PLEASE CONTACT DOT SPECIAL EVENTS (SPECIALEVENTS@DOT.NYC.GOV) FOR FURTHER INFORMATION
SE8O80,0.0001310615989515072,WORK EMBARGO: 09/24/22 12am to 09/25/22 5pm for Tunnel to Towers 5K Run/Walk. Full street closure. *NYC DOT REQUIRES FULL RESTORATION OF ROADWAY AND/OR SIDEWALK FOR PUBLIC USE AS IT RELATES TO THE EVENT. PLEASE CONTACT DOT SPECIAL EVENTS (SPECIALEVENTS@DOT.NYC.GOV) FOR FURTHER INFORMATION
SE0O56,0.0001310615989515072,WORK EMBARGO: 10/02/2022 FOR SPECIAL EVENT Bideawee Grand Opening / Block Party ** TIME: 6AM - 11PM / Full Street Closure *NYC DOT REQUIRES FULL RESTORATION OF ROADWAY AND/OR SIDEWALK FOR PUBLIC USE AS IT RELATES TO THE EVENT. PLEASE CONTACT DOT SPECIAL EVENTS (SPECIALEVENTS@DOT.NYC.GOV) FOR FURTHER INFORMATION
SE8L22,0.0001310615989515072,WORK EMBARGO: 05/09 12:01AM - 05/31/2022 11:59PM FOR SPECIAL EVENT Madison Avenue Salutes NYCxDesign / Street Event / Partial Sidewalk Closure / Curb Lane Only *NYC DOT REQUIRES FULL RESTORATION OF ROADWAY AND/OR SIDEWALK FOR PUBLIC USE AS IT RELATES TO THE EVENT. PLEASE CONTACT DOT SPECIAL EVENTS (SPECIALEVENTS@DOT.NYC.GOV) FOR FURTHER INFORMATION
SE0N88,0.0001310615989515072,WORK EMBARGO: 06/11 7AM - 06/12/2022 8PM FOR SPECIAL EVENT Innisfree Food Truck Campaign / Street Event / Curb Lane Only *NYC DOT REQUIRES FULL RESTORATION OF ROADWAY AND/OR SIDEWALK FOR PUBLIC USE AS IT RELATES TO THE EVENT. PLEASE CONTACT DOT SPECIAL EVENTS (SPECIALEVENTS@DOT.NYC.GOV) FOR FURTHER INFORMATION
SE8R05,0.0001310615989515072,WORK EMBARGO: 05/20/23 9am-2pm for Park Childrens Spring Carnival. Full street closure. *NYC DOT REQUIRES FULL RESTORATION OF ROADWAY AND/OR SIDEWALK FOR PUBLIC USE AS IT RELATES TO THE EVENT. PLEASE CONTACT DOT SPECIAL EVENTS (SPECIALEVENTS@DOT.NYC.GOV) FOR FURTHER INFORMATION
SE0N11,0.0001310615989515072,WORK EMBARGO: 08/27/2022 FOR SPECIAL EVENT 21st Annual Praise Jam and Back To School Celebration / Block Party ** TIME: 9AM - 5:30PM / Full Street Closure *NYC DOT REQUIRES FULL RESTORATION OF ROADWAY AND/OR SIDEWALK FOR PUBLIC USE AS IT RELATES TO THE EVENT. PLEASE CONTACT DOT SPECIAL EVENTS (SPECIALEVENTS@DOT.NYC.GOV) FOR FURTHER INFORMATION
SE8R55,0.0001310615989515072,WORK EMBARGO: 02/12/23 8am-5pm for the 25th Lunar New Year Parade. Full street closure. *NYC DOT REQUIRES FULL RESTORATION OF ROADWAY AND/OR SIDEWALK FOR PUBLIC USE AS IT RELATES TO THE EVENT. PLEASE CONTACT DOT SPECIAL EVENTS (SPECIALEVENTS@DOT.NYC.GOV) FOR FURTHER INFORMATION
SE8R82,0.0001310615989515072,WORK EMBARGO: 11/09/23 8am-8pm for NADAP AUTUMN HEALTH FAIR. Full street closure. *NYC DOT REQUIRES FULL RESTORATION OF ROADWAY AND/OR SIDEWALK FOR PUBLIC USE AS IT RELATES TO THE EVENT. PLEASE CONTACT DOT SPECIAL EVENTS (SPECIALEVENTS@DOT.NYC.GOV) FOR FURTHER INFORMATION
SE8R87,0.0001310615989515072,WORK EMBARGO: 05/18/2023 8AM - 6:30PM FOR SPECIAL EVENT Family Day / Full Street Closure *NYC DOT REQUIRES FULL RESTORATION OF ROADWAY AND/OR SIDEWALK FOR PUBLIC USE AS IT RELATES TO THE EVENT. PLEASE CONTACT DOT SPECIAL EVENTS (SPECIALEVENTS@DOT.NYC.GOV) FOR FURTHER INFORMATION
SE0M99,0.0001310615989515072,WORK EMBARGO: 04/26 12AM - 04/27/2022 11:30PM FOR SPECIAL EVENT Chelsea Industrial Production Parking / Production Event / Curb Lane Only *NYC DOT REQUIRES FULL RESTORATION OF ROADWAY AND/OR SIDEWALK FOR PUBLIC USE AS IT RELATES TO THE EVENT. PLEASE CONTACT DOT SPECIAL EVENTS (SPECIALEVENTS@DOT.NYC.GOV) FOR FURTHER INFORMATION
SE8S60,0.0001310615989515072,WORK EMBARGO: 09/23/23 4pm-5pm for R2//NYC. Full street closure. *NYC DOT requires full restoration of roadway and/or sidewalk for public use as it relates to the event. Please contact DOT Special Events (specialevents@dot.nyc.gov) for further information. Note: includes Washington Bridge
SE8M01,0.0001310615989515072,WORK EMBARGO: 04/15/22 to 12/31/22 8am-8pm for East 4th Street Open Street. Full street closure. *NYC DOT REQUIRES FULL RESTORATION OF ROADWAY AND/OR SIDEWALK FOR PUBLIC USE AS IT RELATES TO THE EVENT. PLEASE CONTACT DOT (OPENSTREETS@DOT.NYC.GOV) FOR FURTHER INFORMATION
SE8K83,0.0001310615989515072,WORK EMBARGO: 04/25 10AM - 05/09/2022 6PM FOR SPECIAL EVENT HypeGolf Pro Shop / Street Event / Full Sidewalk Closure *NYC DOT REQUIRES FULL RESTORATION OF ROADWAY AND/OR SIDEWALK FOR PUBLIC USE AS IT RELATES TO THE EVENT. PLEASE CONTACT DOT SPECIAL EVENTS (SPECIALEVENTS@DOT.NYC.GOV) FOR FURTHER INFORMATION
SE06J2,0.0001310615989515072,WORK EMBARGO: 10/07 6:00AM - 10/09/2024 11:30PM FOR SPECIAL EVENT Load in/ out at Studio 525 / Sidewalk and Curb Lane Closure *NYC DOT REQUIRES FULL RESTORATION OF ROADWAY AND/OR SIDEWALK FOR PUBLIC USE AS IT RELATES TO THE EVENT. PLEASE CONTACT DOT SPECIAL EVENTS (SPECIALEVENTS@DOT.NYC.GOV) FOR FURTHER INFORMATION
SE0V36,0.0001310615989515072,WORK EMBARGO: 05/18 7PM - 05/21/2023 7PM FOR SPECIAL EVENT Claw on Broadway / Partial Sidewalk Closure *NYC DOT REQUIRES FULL RESTORATION OF ROADWAY AND/OR SIDEWALK FOR PUBLIC USE AS IT RELATES TO THE EVENT. PLEASE CONTACT DOT SPECIAL EVENTS (SPECIALEVENTS@DOT.NYC.GOV) FOR FURTHER INFORMATION
SE10V6,0.0001310615989515072,WORK EMBARGO: 05/10/2026 12:00AM - 11:30PM FOR SPECIAL EVENT Adobe Firefly Studio / Pedestrian Plaza *NYC DOT REQUIRES FULL RESTORATION OF ROADWAY AND/OR SIDEWALK FOR PUBLIC USE AS IT RELATES TO THE EVENT. PLEASE CONTACT DOT SPECIAL EVENTS (SPECIALEVENTS@DOT.NYC.GOV) FOR FURTHER INFORMATION
SE891A,0.0001310615989515072,WORK EMBARGO: 09/10/2026 12:01AM - 11:59PM FOR SPECIAL EVENT Kering Caring for Women Benefit at The Pool and Grill: 99 E 52nd St / Sidewalk and Curb Lane Closure *NYC DOT REQUIRES FULL RESTORATION OF ROADWAY AND/OR SIDEWALK FOR PUBLIC USE AS IT RELATES TO THE EVENT. PLEASE CONTACT DOT SPECIAL EVENTS (SPECIALEVENTS@DOT.NYC.GOV) FOR FURTHER INFORMATION
SE89D4,0.0001310615989515072,WORK EMBARGO: 05/03/24 7am to 05/06/24 6pm for TD Five Boro Bike Tour. Full street closure. *NYC DOT requires full restoration of roadway and/or sidewalk for public use as it relates to the event. Please contact DOT Special Events (SpecialEvents@dot.nyc.gov) for further information.
SE0X66,0.0001310615989515072,WORK EMBARGO: 08/26/23 9am-12pm for Juegos Patrios Dominicanos. Full street closure. *NYC DOT requires full restoration of roadway and/or sidewalk for public use as it relates to the event. Please contact DOT Special Events (SpecialEvents@dot.nyc.gov) for further information.
SE89Z2,0.0001310615989515072,WORK EMBARGO: 09/26/2026 08:00AM - 04:00PM FOR SPECIAL EVENT Homecoming 2026 / Full Street Closure *NYC DOT REQUIRES FULL RESTORATION OF ROADWAY AND/OR SIDEWALK FOR PUBLIC USE AS IT RELATES TO THE EVENT. PLEASE CONTACT DOT SPECIAL EVENTS (SPECIALEVENTS@DOT.NYC.GOV) FOR FURTHER INFORMATION
SE8E53,0.0001310615989515072,WORK EMBARGO: 00/00 - 00/00/2016 FOR SPECIAL EVENT NAME TIME: 12:01 AM - 6 PM *NYC DOT REQUIRES FULL RESTORATION OF ROADWAY AND/OR SIDEWALK FOR PUBLIC USE AS IT RELATES TO THE EVENT. PLEASE CONTACT DOT SPECIAL EVENTS (SPECIALEVENTS@DOT.NYC.GOV) FOR FURTHER INFORMATION
SE0W99,0.0001310615989515072,WORK EMBARGO: 09/30 7AM - 10/01/2024 10PM FOR SPECIAL EVENT Blacktop 24 Hours of Peace / Pedestrian Plaza *NYC DOT REQUIRES FULL RESTORATION OF ROADWAY AND/OR SIDEWALK FOR PUBLIC USE AS IT RELATES TO THE EVENT. PLEASE CONTACT DOT SPECIAL EVENTS (SPECIALEVENTS@DOT.NYC.GOV) FOR FURTHER INFORMATION
SE8E60,0.0001310615989515072,"WORK EMBARGO: 00/00 - 00/00/2016 FOR SPECIAL EVENT NAME TIME: 12:01 AM - 6 PM *NYC DOT REQUIRES FULL RESTORATION OF ROADWAY AND/OR SIDEWALK FOR PUBLIC USE AS IT RELATES TO THE EVENT. PLEASE CONTACT DOT SPECIAL EVENTS (SPECIALEVENTS@DOT.NYC.GOV) FOR FURTHER INFORMATION Notes: Nassau is segmented with Beekman, Frankfort is way over; Frankfoort St - not connection to Nassau and Gold"
SE8I28,0.0001310615989515072,WORK EMBARGO: 0000 - 00002016 FOR SPECIAL EVENT NAME TIME: 12:01 AM - 6 PM *NYC DOT REQUIRES FULL RESTORATION OF ROADWAY ANDOR SIDEWALK FOR PUBLIC USE AS IT RELATES TO THE EVENT. PLEASE CONTACT DOT SPECIAL EVENTS (SPECIALEVENTS@DOT.NYC.GOV) FOR FURTHER INFORMATION
SE8K29,0.0001310615989515072,WORK EMBARGO: 04/24/22 8:30am-12:30pm for NAM KNIGHTS OF AMERICA M/C. Full street closure. *NYC DOT REQUIRES FULL RESTORATION OF ROADWAY AND/OR SIDEWALK FOR PUBLIC USE AS IT RELATES TO THE EVENT. PLEASE CONTACT DOT SPECIAL EVENTS (SPECIALEVENTS@DOT.NYC.GOV) FOR FURTHER INFORMATION
SE8I61,0.0001310615989515072,WORK EMBARGO: 09/10/22 8am-8pm for 3rd Avenue Community Benefit Festival. Full street closure. *NYC DOT REQUIRES FULL RESTORATION OF ROADWAY AND/OR SIDEWALK FOR PUBLIC USE AS IT RELATES TO THE EVENT. PLEASE CONTACT DOT SPECIAL EVENTS (SPECIALEVENTS@DOT.NYC.GOV) FOR FURTHER INFORMATION
SE0U47,0.0001310615989515072,WORK EMBARGO: 06/02/23 3pm-8pm for Shabbat Service. Full street closure. *NYC DOT requires full restoration of roadway and/or sidewalk for public use as it relates to the event. Please contact DOT Special Events (specialevents@dot.nyc.gov) for further information.
SE0U17,0.0001310615989515072,WORK EMBARGO: 04/26 12:01AM - 04/28/2023 11:59PM FOR SPECIAL EVENT Global Citizens Benefit Dinner at The Glasshouse: 660 12th Ave. / Curb Lane Only *NYC DOT REQUIRES FULL RESTORATION OF ROADWAY AND/OR SIDEWALK FOR PUBLIC USE AS IT RELATES TO THE EVENT. PLEASE CONTACT DOT SPECIAL EVENTS (SPECIALEVENTS@DOT.NYC.GOV) FOR FURTHER INFORMATION
SE0T16,0.0001310615989515072,WORK EMBARGO: 06/24/23 9am-6pm for Bikers for Babies. Full street closure. *NYC DOT requires full restoration of roadway and/or sidewalk for public use as it relates to the event. Please contact DOT Special Events (specialevents@dot.nyc.gov) for further information. Also includes; Brooklyn Battery Tunnel/Hugh L Carey Tunnel bet Hamilton Ave and West St
SE0T14,0.0001310615989515072,WORK EMBARGO: 06/17/23 8am-5pm for Family Christian Parade. Full street closure. *NYC DOT requires full restoration of roadway and/or sidewalk for public use as it relates to the event. Please contact DOT Special Events (specialevents@dot.nyc.gov) for further information.
SE8K19,0.0001310615989515072,WORK EMBARGO: 04/23/22 10am-2:30pm for March for Science NYC. Sidewalk and full street closure. *NYC DOT REQUIRES FULL RESTORATION OF ROADWAY AND/OR SIDEWALK FOR PUBLIC USE AS IT RELATES TO THE EVENT. PLEASE CONTACT DOT SPECIAL EVENTS (SPECIALEVENTS@DOT.NYC.GOV) FOR FURTHER INFORMATION
SE0S62,0.0001310615989515072,WORK EMBARGO: 09/02/23 8am-3pm for Brazilian Independence Day Opening Ceremony. Full street closure. *NYC DOT REQUIRES FULL RESTORATION OF ROADWAY AND/OR SIDEWALK FOR PUBLIC USE AS IT RELATES TO THE EVENT. PLEASE CONTACT DOT SPECIAL EVENTS (SPECIALEVENTS@DOT.NYC.GOV) FOR FURTHER INFORMATION
SE0S18,0.0001310615989515072,WORK EMBARGO: 05/20/23 8am-1pm for NAMI Walk. Full street closure. *NYC DOT REQUIRES FULL RESTORATION OF ROADWAY AND/OR SIDEWALK FOR PUBLIC USE AS IT RELATES TO THE EVENT. PLEASE CONTACT DOT SPECIAL EVENTS (SPECIALEVENTS@DOT.NYC.GOV) FOR FURTHER INFORMATION
SE8S64,0.0001310615989515072,WORK EMBARGO: 10/01/23 8am-8pm for Lexington Avenue Festival. Full street closure. *NYC DOT requires full restoration of roadway and/or sidewalk for public use as it relates to the event. Please contact DOT Special Events (specialevents@dot.nyc.gov) for further information.
SE8S76,0.0001310615989515072,WORK EMBARGO: 04/29 12:01AM - 04/30/2023 11:59PM FOR SPECIAL EVENT Hoyoverse Star Rail Train Event on Military Island Pedestrian Plaza - Times Square / Plaza Event / Pedestrian Plaza -bwy / Curb Lane Only -w 43 st *NYC DOT REQUIRES FULL RESTORATION OF ROADWAY AND/OR SIDEWALK FOR PUBLIC USE AS IT RELATES TO THE EVENT. PLEASE CONTACT DOT SPECIAL EVENTS (SPECIALEVENTS@DOT.NYC.GOV) FOR FURTHER INFORMATION
SE0M45,0.0001310615989515072,WORK EMBARGO: 06/09/2022 FOR SPECIAL EVENT FDNY LGBTQ PRIDE / BLOCK PARTY ** TIME: 3:30PM - 9:00PM / Full Street Closure NYC DOT REQUIRES FULL RESTORATION OF ROADWAY AND/OR SIDEWALK FOR PUBLIC USE AS IT RELATES TO THE EVENT. PLEASE CONTACT DOT SPECIAL EVENTS (SPECIALEVENTS@DOT.NYC.GOV) FOR FURTHER INFORMATION
SE92G4,0.0001310615989515072,WORK EMBARGO: 09/10/2024 5PM - 9PM FOR SPECIAL EVENT Bank Street Potluck / Full Street Closure *NYC DOT REQUIRES FULL RESTORATION OF ROADWAY AND/OR SIDEWALK FOR PUBLIC USE AS IT RELATES TO THE EVENT. PLEASE CONTACT DOT SPECIAL EVENTS (SPECIALEVENTS@DOT.NYC.GOV) FOR FURTHER INFORMATION
SE08X3,0.0001310615989515072,WORK EMBARGO: 05/06 08:00AM - 06/04/2026 05:00PM FOR SPECIAL EVENT Street Health Outreach Wellness Program / Sidewalk and Curb Lane Closure *NYC DOT REQUIRES FULL RESTORATION OF ROADWAY AND/OR SIDEWALK FOR PUBLIC USE AS IT RELATES TO THE EVENT. PLEASE CONTACT DOT SPECIAL EVENTS (SPECIALEVENTS@DOT.NYC.GOV) FOR FURTHER INFORMATION
SE91I2,0.0001310615989515072,WORK EMBARGO: 10/25/2024 7:AM - 11:30PM FOR SPECIAL EVENT Meta Activation / Pedestrian Plaza / Curb Lane Only *NYC DOT REQUIRES FULL RESTORATION OF ROADWAY AND/OR SIDEWALK FOR PUBLIC USE AS IT RELATES TO THE EVENT. PLEASE CONTACT DOT SPECIAL EVENTS (SPECIALEVENTS@DOT.NYC.GOV) FOR FURTHER INFORMATION
SE08Q0,0.0001310615989515072,"WORK EMBARGO: 07/24/2025 12:01am TO 08/16/2025 8:00pm for 2025 Embargo Summer Streets Manhattan: July 24 - August 16. Full Street Closure NYC DOT REQUIRES FULL RESTORATION OF ROADWAY AND/OR SIDEWALK FOR PUBLIC USE AS IT RELATES TO THE EVENT. PLEASE CONTACT DOT SPECIAL EVENTS (SPECIALEVENTS@DOT.NYC.GOV) FOR FURTHER INFORMATION. Note: Includes Cooper Sq between Astor Pl and E 7th St, Broadway between W 122St and W12St, Frederick Douglass Circle, Lafayette Street between Worth Street and Reade Street."
SE91U0,0.0001310615989515072,WORK EMBARGO: 10/03/2026 9:00AM - 3:00PM for Nigeria Independence Day Parade. Full Street Closure / Sidewalk and Street Closure. *NYC DOT REQUIRES FULL RESTORATION OF ROADWAY AND/OR SIDEWALK FOR PUBLIC USE AS IT RELATES TO THE EVENT. PLEASE CONTACT DOT SPECIAL EVENTS (SPECIALEVENTS@DOT.NYC.GOV) FOR FURTHER INFORMATION
SE91Y2,0.0001310615989515072,WORK EMBARGO: 09/16 08:30AM - 09/17/2026 06:00PM FOR SPECIAL EVENT BUSTROREGI / Curb Lane Only *NYC DOT REQUIRES FULL RESTORATION OF ROADWAY AND/OR SIDEWALK FOR PUBLIC USE AS IT RELATES TO THE EVENT. PLEASE CONTACT DOT SPECIAL EVENTS (SPECIALEVENTS@DOT.NYC.GOV) FOR FURTHER INFORMATION ** Recurring Dates: Wed 09/16/2026 08:30 AM - 06:00 PM Thu 09/17/2026 08:30 AM - 06:00 PM
SE07Y7,0.0001310615989515072,WORK EMBARGO: 06/08 06:00AM - 06/23/2026 10:00PM FOR SPECIAL EVENT German House of Soccer / Curb Lane Ony *NYC DOT REQUIRES FULL RESTORATION OF ROADWAY AND/OR SIDEWALK FOR PUBLIC USE AS IT RELATES TO THE EVENT. PLEASE CONTACT DOT SPECIAL EVENTS (SPECIALEVENTS@DOT.NYC.GOV) FOR FURTHER INFORMATION
SE07S7,0.0001310615989515072,WORK EMBARGO: 10/17 03:00PM - 07:00PM FOR SPECIAL EVENT Studio 525 / Curb Lane Only / Partial Sidewalk Closure *NYC DOT REQUIRES FULL RESTORATION OF ROADWAY AND/OR SIDEWALK FOR PUBLIC USE AS IT RELATES TO THE EVENT. PLEASE CONTACT DOT SPECIAL EVENTS (SPECIALEVENTS@DOT.NYC.GOV) FOR FURTHER INFORMATION
SE07I2,0.0001310615989515072,WORK EMBARGO: 11/18/2024 12AM - 11:59PM FOR SPECIAL EVENT ALL RISE FOUNDATION / Partial Sidewalk Closure -Wall Street / Curb Lane Only -Exchange Place *NYC DOT REQUIRES FULL RESTORATION OF ROADWAY AND/OR SIDEWALK FOR PUBLIC USE AS IT RELATES TO THE EVENT. PLEASE CONTACT DOT SPECIAL EVENTS (SPECIALEVENTS@DOT.NYC.GOV) FOR FURTHER INFORMATION
SE92I8,0.0001310615989515072,WORK EMBARGO: 10/16/2024 6:00AM - 11:59PM FOR SPECIAL EVENT LoveSac TSQ 803474 / Pedestrian Plaza / Curb Lane Only *NYC DOT REQUIRES FULL RESTORATION OF ROADWAY AND/OR SIDEWALK FOR PUBLIC USE AS IT RELATES TO THE EVENT. PLEASE CONTACT DOT SPECIAL EVENTS (SPECIALEVENTS@DOT.NYC.GOV) FOR FURTHER INFORMATION
SE8T21,0.0001310615989515072,WORK EMBARGO: 06/04/2023 9AM - 6PM FOR SPECIAL EVENT Engine Company 65 - 125th Anniversary Celebration / Full Street Closure *NYC DOT REQUIRES FULL RESTORATION OF ROADWAY AND/OR SIDEWALK FOR PUBLIC USE AS IT RELATES TO THE EVENT. PLEASE CONTACT DOT SPECIAL EVENTS (SPECIALEVENTS@DOT.NYC.GOV) FOR FURTHER INFORMATION
SE92J9,0.0001310615989515072,WORK EMBARGO: 05/11/25 8am-8pm for Broadway Lincoln Center Fair. Full street closure. *NYC DOT requires full restoration of roadway and/or sidewalk for public use as it relates to the event. Please contact DOT Special Events (SpecialEvents@dot.nyc.gov) for further information.
SE92P3,0.0001310615989515072,WORK EMBARGO: 09/13/2025 10:00AM - 7:00PM FOR SPECIAL EVENT Leroy Street Neighborhood Block Party / Sidewalk and Street Closure *NYC DOT REQUIRES FULL RESTORATION OF ROADWAY AND/OR SIDEWALK FOR PUBLIC USE AS IT RELATES TO THE EVENT. PLEASE CONTACT DOT SPECIAL EVENTS (SPECIALEVENTS@DOT.NYC.GOV) FOR FURTHER INFORMATION
SE07F2,0.0001310615989515072,WORK EMBARGO: 06/14 6AM - 06/18/2024 11:59PM FOR SPECIAL EVENT JP Morgan Conference at The Intercontinental Barclays Hotel / Curb Lane Only *NYC DOT REQUIRES FULL RESTORATION OF ROADWAY AND/OR SIDEWALK FOR PUBLIC USE AS IT RELATES TO THE EVENT. PLEASE CONTACT DOT SPECIAL EVENTS (SPECIALEVENTS@DOT.NYC.GOV) FOR FURTHER INFORMATION
SE92X6,0.0001310615989515072,WORK EMBARGO: 05/27 06:00AM - 05/28/2026 11:30PM FOR SPECIAL EVENT BB Invesments / Curb Lane Only *NYC DOT REQUIRES FULL RESTORATION OF ROADWAY AND/OR SIDEWALK FOR PUBLIC USE AS IT RELATES TO THE EVENT. PLEASE CONTACT DOT SPECIAL EVENTS (SPECIALEVENTS@DOT.NYC.GOV) FOR FURTHER INFORMATION
SE07A5,0.0001310615989515072,WORK EMBARGO: 05/01 1PM - 09/25/2024 9PM FOR SPECIAL EVENT TSQ LIVE: 43/44 Plaza Programming / Pedestrian Plaza -Bway / Curb Lane Only -W 43 St *NYC DOT REQUIRES FULL RESTORATION OF ROADWAY AND/OR SIDEWALK FOR PUBLIC USE AS IT RELATES TO THE EVENT. PLEASE CONTACT DOT SPECIAL EVENTS (SPECIALEVENTS@DOT.NYC.GOV) FOR FURTHER INFORMATION ** Recurring Days Notes: Every Tuesday and Wednesday from May 1 to Sept 25
SE071B,0.0001310615989515072,WORK EMBARGO: 09/22/2026 09:00 AM - 09/28/2026 08:00 PM FOR SPECIAL EVENT U-Haul Gallery Art Fair XL. Curb Lane Only. *NYC DOT REQUIRES FULL RESTORATION OF ROADWAY AND/OR SIDEWALK FOR PUBLIC USE AS IT RELATES TO THE EVENT. PLEASE CONTACT DOT SPECIAL EVENTS (SPECIALEVENTS@DOT.NYC.GOV) FOR FURTHER INFORMATION
SE06U8,0.0001310615989515072,WORK EMBARGO: 08/08/2026 2:30AM - 2:00PM for 2026 Percy Sutton Harlem 5K. Full Street Closure.*NYC DOT REQUIRES FULL RESTORATION OF ROADWAY AND/OR SIDEWALK FOR PUBLIC USE AS IT RELATES TO THE EVENT. PLEASE CONTACT DOT SPECIAL EVENTS (SPECIALEVENTS@DOT.NYC.GOV) FOR FURTHER INFORMATION
SE93I6,0.0001310615989515072,WORK EMBARGO: 10/25 12:00AM - 10/26/2024 9PM FOR SPECIAL EVENT Barebells / Sidewalk and Curb Lane Closure *NYC DOT REQUIRES FULL RESTORATION OF ROADWAY AND/OR SIDEWALK FOR PUBLIC USE AS IT RELATES TO THE EVENT. PLEASE CONTACT DOT SPECIAL EVENTS (SPECIALEVENTS@DOT.NYC.GOV) FOR FURTHER INFORMATION
SE092B,0.0001310615989515072,WORK EMBARGO: 09/15/2026 12:01 AM - 11:59 PM FOR SPECIAL EVENT ANDYS ICE EVENT. Curb Lane Only. *NYC DOT REQUIRES FULL RESTORATION OF ROADWAY AND/OR SIDEWALK FOR PUBLIC USE AS IT RELATES TO THE EVENT. PLEASE CONTACT DOT SPECIAL EVENTS (SPECIALEVENTS@DOT.NYC.GOV) FOR FURTHER INFORMATION
SE09B2,0.0001310615989515072,WORK EMBARGO: 06/16/24 6am-6pm for 2024 Harlem Skyscraper Cycling Classic. Full street closure. *NYC DOT requires full restoration of roadway and/or sidewalk for public use as it relates to the event. Please contact DOT Special Events (SpecialEvents@dot.nyc.gov) for further information.
SE90U8,0.0001310615989515072,WORK EMBARGO: 08/16/2026 8:00AM - 6:00PM for India Day Parade. Full Street Closure. *NYC DOT REQUIRES FULL RESTORATION OF ROADWAY AND/OR SIDEWALK FOR PUBLIC USE AS IT RELATES TO THE EVENT. PLEASE CONTACT DOT SPECIAL EVENTS (SPECIALEVENTS@DOT.NYC.GOV) FOR FURTHER INFORMATION
SE90Q7,0.0001310615989515072,WORK EMBARGO: 09/19 12:01AM - 09/27/2025 11:30PM FOR SPECIAL EVENT NEW YORK TIMES CLIMATE CONFERENCE / Curb Lane Only *NYC DOT REQUIRES FULL RESTORATION OF ROADWAY AND/OR SIDEWALK FOR PUBLIC USE AS IT RELATES TO THE EVENT. PLEASE CONTACT DOT SPECIAL EVENTS (SPECIALEVENTS@DOT.NYC.GOV) FOR FURTHER INFORMATION
SE8U47,0.0001310615989515072,WORK EMBARGO: 08/26/2023 10AM - 5PM FOR SPECIAL EVENT COMMUNITY LOVE DAY / Full Street Closure *NYC DOT REQUIRES FULL RESTORATION OF ROADWAY AND/OR SIDEWALK FOR PUBLIC USE AS IT RELATES TO THE EVENT. PLEASE CONTACT DOT SPECIAL EVENTS (SPECIALEVENTS@DOT.NYC.GOV) FOR FURTHER INFORMATION
SE8U88,0.0001310615989515072,WORK EMBARGO: 09/23/2023 7:30AM - 9:00PM FOR SPECIAL EVENT Astor Alive With Joes Pub / Pedestrian Plaza *NYC DOT REQUIRES FULL RESTORATION OF ROADWAY AND/OR SIDEWALK FOR PUBLIC USE AS IT RELATES TO THE EVENT. PLEASE CONTACT DOT SPECIAL EVENTS (SPECIALEVENTS@DOT.NYC.GOV) FOR FURTHER INFORMATION
SE8U89,0.0001310615989515072,"WORK EMBARGO: 05/31 11AM - 09/27/2023 3PM FOR SPECIAL EVENT Broadway Rhythm / Pedestrian Plaza *NYC DOT REQUIRES FULL RESTORATION OF ROADWAY AND/OR SIDEWALK FOR PUBLIC USE AS IT RELATES TO THE EVENT. PLEASE CONTACT DOT SPECIAL EVENTS (SPECIALEVENTS@DOT.NYC.GOV) FOR FURTHER INFORMATION ** Recurring Days Notes: The Garment District Alliance-MTA MUSIC 14-week summer concert series will feature a variety of music such as jazz blues world music bluegrass brass bands folk pop RB classical and doo-wop. Event repeats 5/31, 6/7, 6/14, 6/21, 6/28, 7/5, 7/12, 7/19, 7/26, 8/2, 8/9,8/16, 8/23, 8/30, 9/2, 9/17, 9/26, and 9/27"
SE0K62,0.0001310615989515072,WORK EMBARGO: 02/17 12:01AM - 04/01/2022 11:59PM FOR SPECIAL EVENT Production Parking - Starrett Lehigh Building / Production Event / Curb Lane Only *NYC DOT REQUIRES FULL RESTORATION OF ROADWAY AND/OR SIDEWALK FOR PUBLIC USE AS IT RELATES TO THE EVENT. PLEASE CONTACT DOT SPECIAL EVENTS (SPECIALEVENTS@DOT.NYC.GOV) FOR FURTHER INFORMATION
SE8V27,0.0001310615989515072,Work Embargo: 06/04/23 10:30am-5pm for Annual National Animal Right's Day NYC. Full street closure. *NYC DOT requires full restoration of roadway and/or sidewalk for public use as it relates to the event. Please contact DOT Special Events (specialevents@dot.nyc.gov) for further information.
SE8V44,0.0001310615989515072,WORK EMBARGO: 06/03/2023 6AM - 11:59PM FOR SPECIAL EVENT Polo Match-Guest Ferry Shuttles at Liberty Landing / Partial Sidewalk Closure *NYC DOT REQUIRES FULL RESTORATION OF ROADWAY AND/OR SIDEWALK FOR PUBLIC USE AS IT RELATES TO THE EVENT. PLEASE CONTACT DOT SPECIAL EVENTS (SPECIALEVENTS@DOT.NYC.GOV) FOR FURTHER INFORMATION
SE8V62,0.0001310615989515072,WORK EMBARGO: 06/24 8AM - 06/24/2023 4PM FOR SPECIAL EVENT Welcome Summer / Full Street Closure *NYC DOT REQUIRES FULL RESTORATION OF ROADWAY AND/OR SIDEWALK FOR PUBLIC USE AS IT RELATES TO THE EVENT. PLEASE CONTACT DOT SPECIAL EVENTS (SPECIALEVENTS@DOT.NYC.GOV) FOR FURTHER INFORMATION
SE8Y36,0.0001310615989515072,WORK EMBARGO: 09.13 12AM - 09.14.2023 11:30PM FOR SPECIAL EVENT Dizon Inc - Vogue x Genesis * Curb Lane Only *NYC DOT REQUIRES FULL RESTORATION OF ROADWAY ANDOR SIDEWALK FOR PUBLIC USE AS IT RELATES TO THE EVENT. PLEASE CONTACT DOT SPECIAL EVENTS (SPECIALEVENTS@DOT.NYC.GOV) FOR FURTHER INFORMATION
SE0K48,0.0001310615989515072,"WORK EMBARGO: 04/17 5AM - 12/25/2022 7PM FOR SPECIAL EVENT Murray Hill Farmers Market / Farmers Market / Sidewalk and Curb Lane Closure *NYC DOT REQUIRES FULL RESTORATION OF ROADWAY AND/OR SIDEWALK FOR PUBLIC USE AS IT RELATES TO THE EVENT. PLEASE CONTACT DOT SPECIAL EVENTS (SPECIALEVENTS@DOT.NYC.GOV) FOR FURTHER INFORMATION ** Recurring Dates: 04/17/2022,04/24/2022,05/01/2022,05/08/2022,05/15/2022,05/22/2022,05/29/2022,06/05/2022,06/12/2022,06/19/2022,06/26/2022,07/03/2022,07/10/2022,07/17/2022,07/24/2022,07/31/2022,08/07/2022,08/14/2022,08/21/2022,08/28/2022,09/04/2022,09/11/2022,09/18/2022,09/25/2022,10/02/2022,10/09/2022,10/16/2022,10/23/2022,10/30/2022,11/06/2022,11/13/2022,11/20/2022,11/27/2022,12/04/2022,12/11/2022,12/18/2022,12/25/2022"
SE0K47,0.0001310615989515072,WORK EMBARGO: 02/24 12:01AM - 02/27/2022 11:59PM FOR SPECIAL EVENT Birthday Party at Skylight Modern / Production Event / Curb Lane Only *NYC DOT REQUIRES FULL RESTORATION OF ROADWAY AND/OR SIDEWALK FOR PUBLIC USE AS IT RELATES TO THE EVENT. PLEASE CONTACT DOT SPECIAL EVENTS (SPECIALEVENTS@DOT.NYC.GOV) FOR FURTHER INFORMATION
SE0I82,0.0001310615989515072,WORK EMBARGO: 00/00 - 00/00/2016 FOR SPECIAL EVENT NAME TIME: 12:01 AM - 6 PM *NYC DOT REQUIRES FULL RESTORATION OF ROADWAY AND/OR SIDEWALK FOR PUBLIC USE AS IT RELATES TO THE EVENT. PLEASE CONTACT DOT SPECIAL EVENTS (SPECIALEVENTS@DOT.NYC.GOV) FOR FURTHER INFORMATION t
SE90C3,0.0001310615989515072,WORK EMBARGO: 06/29/24 9am-6pm for Bikers for Babies. Full street closure. *NYC DOT requires full restoration of roadway and/or sidewalk for public use as it relates to the event. Please contact DOT Special Events (SpecialEvents@dot.nyc.gov) for further information. Note: Includes BROOKLYN BATTERY TUNNEL/HUGH L CAREY TUNNEL between HAMILTON AV and WEST ST
SE09Z0,0.0001310615989515072,WORK EMBARGO: 07/03/2026 01:00PM - 08:30PM FOR SPECIAL EVENT INR250 - Rainbow Room Parking Request / Curb Lane Only *NYC DOT REQUIRES FULL RESTORATION OF ROADWAY AND/OR SIDEWALK FOR PUBLIC USE AS IT RELATES TO THE EVENT. PLEASE CONTACT DOT SPECIAL EVENTS (SPECIALEVENTS@DOT.NYC.GOV) FOR FURTHER INFORMATION
SE09V6,0.0001310615989515072,WORK EMBARGO: 10/17/2026 9:00AM - 3:00PM for The 5th Annual National Indigenous Peoples of the Americas Parade. Full Street Closure / Curb Lane Only. *NYC DOT REQUIRES FULL RESTORATION OF ROADWAY AND/OR SIDEWALK FOR PUBLIC USE AS IT RELATES TO THE EVENT. PLEASE CONTACT DOT SPECIAL EVENTS (SPECIALEVENTS@DOT.NYC.GOV) FOR FURTHER INFORMATION
SE90L1,0.0001310615989515072,WORK EMBARGO: 05/31/2025 12:01AM - 11:00PM FOR SPECIAL EVENT Telfar Store Fashion Show - Cortlandt Alley / Full Street Closure *NYC DOT REQUIRES FULL RESTORATION OF ROADWAY AND/OR SIDEWALK FOR PUBLIC USE AS IT RELATES TO THE EVENT. PLEASE CONTACT DOT SPECIAL EVENTS (SPECIALEVENTS@DOT.NYC.GOV) FOR FURTHER INFORMATION
SE90L2,0.0001310615989515072,WORK EMBARGO: 05/30 6AM - 05/31/2025 11PM FOR SPECIAL EVENT 2-Telfar Store Fashion Show - Production Parking / Curb Lane Only *NYC DOT REQUIRES FULL RESTORATION OF ROADWAY AND/OR SIDEWALK FOR PUBLIC USE AS IT RELATES TO THE EVENT. PLEASE CONTACT DOT SPECIAL EVENTS (SPECIALEVENTS@DOT.NYC.GOV) FOR FURTHER INFORMATION
SE09U1,0.0001310615989515072,WORK EMBARGO: 08/16/2026 7:00AM - 9:30PM for HARLEM DAY. Full Street Closure. *NYC DOT REQUIRES FULL RESTORATION OF ROADWAY AND/OR SIDEWALK FOR PUBLIC USE AS IT RELATES TO THE EVENT. PLEASE CONTACT DOT SPECIAL EVENTS (SPECIALEVENTS@DOT.NYC.GOV) FOR FURTHER INFORMATION
SE8M13,0.0001310615989515072,WORK EMBARGO: 04/15/22 to 12/31/22 8am-8pm for Hudson Boulevard East Street Open Street. Full street closure. *NYC DOT REQUIRES FULL RESTORATION OF ROADWAY AND/OR SIDEWALK FOR PUBLIC USE AS IT RELATES TO THE EVENT. PLEASE CONTACT DOT (OPENSTREETS@DOT.NYC.GOV) FOR FURTHER INFORMATION. Note: Hudson Blvd East bet W35 and W36 Sts
SE22J3,0.0001310615989515072,WORK EMBARGO: 12:04 7:00AM - 12/05/2024 11:30PM FOR SPECIAL EVENT Tree Lighting NYSE Event / Full Street Closure *NYC DOT REQUIRES FULL RESTORATION OF ROADWAY AND/OR SIDEWALK FOR PUBLIC USE AS IT RELATES TO THE EVENT. PLEASE CONTACT DOT SPECIAL EVENTS (SPECIALEVENTS@DOT.NYC.GOV) FOR FURTHER INFORMATION
SE78T2,0.0001310615989515072,WORK EMBARGO: 06/06/2026 8:00AM - 8:00PM for TURTLE BAY FESTIVAL. Full Street Closure. *NYC DOT REQUIRES FULL RESTORATION OF ROADWAY AND/OR SIDEWALK FOR PUBLIC USE AS IT RELATES TO THE EVENT. PLEASE CONTACT DOT SPECIAL EVENTS (SPECIALEVENTS@DOT.NYC.GOV) FOR FURTHER INFORMATION
SE55D4,0.0001310615989515072,WORK EMBARGO: 05/30 6AM - 06/08/2024 11:30PM FOR SPECIAL EVENT 2-Party in the Garden 2024 - Fundraiser for The Museum of Modern Art / Curb Lane Only *NYC DOT REQUIRES FULL RESTORATION OF ROADWAY AND/OR SIDEWALK FOR PUBLIC USE AS IT RELATES TO THE EVENT. PLEASE CONTACT DOT SPECIAL EVENTS (SPECIALEVENTS@DOT.NYC.GOV) FOR FURTHER INFORMATION ** Recurring Days Notes: 05/30/2024 (Thursday) 05/31/2024 (Friday) 06/01/2024 (Saturday) 06/03/2024 (Monday) 06/04/2024 (Tuesday) 06/05/2024 (Wednesday) 06/06/2024 (Thursday) 06/07/2024 (Friday) 06/08/2024 (Saturday)
SE58I7,0.0001310615989515072,WORK EMBARGO: 11/02/2024 12:01AM - 11:00PM FOR SPECIAL EVENT Day of the Dead / Pedestrian Plaza *NYC DOT REQUIRES FULL RESTORATION OF ROADWAY AND/OR SIDEWALK FOR PUBLIC USE AS IT RELATES TO THE EVENT. PLEASE CONTACT DOT SPECIAL EVENTS (SPECIALEVENTS@DOT.NYC.GOV) FOR FURTHER INFORMATION
SE39N5,0.0001310615989515072,WORK EMBARGO: 05/15 9AM - 05/17/2025 6PM FOR SPECIAL EVENT Anti-Litter Campaign / Pedestrian Plaza *NYC DOT REQUIRES FULL RESTORATION OF ROADWAY AND/OR SIDEWALK FOR PUBLIC USE AS IT RELATES TO THE EVENT. PLEASE CONTACT DOT SPECIAL EVENTS (SPECIALEVENTS@DOT.NYC.GOV) FOR FURTHER INFORMATION
SE58S5,0.0001310615989515072,WORK EMBARGO: 12/13/2025 07:00AM - 06:00PM FOR SPECIAL EVENT Revlon Glass Truck / Sideewalk and Curb Lane Closure *NYC DOT REQUIRES FULL RESTORATION OF ROADWAY AND/OR SIDEWALK FOR PUBLIC USE AS IT RELATES TO THE EVENT. PLEASE CONTACT DOT SPECIAL EVENTS (SPECIALEVENTS@DOT.NYC.GOV) FOR FURTHER INFORMATION
SE58S6,0.0001310615989515072,WORK EMBARGO: 12/13/2025 07:00AM - 06:00PM FOR SPECIAL EVENT Revlon Glass Truck / Sidewalk and Curb Lane Closure *NYC DOT REQUIRES FULL RESTORATION OF ROADWAY AND/OR SIDEWALK FOR PUBLIC USE AS IT RELATES TO THE EVENT. PLEASE CONTACT DOT SPECIAL EVENTS (SPECIALEVENTS@DOT.NYC.GOV) FOR FURTHER INFORMATION
SE59D9,0.0001310615989515072,WORK EMBARGO: 04/27/24 12am-11:30pm for Purple Stride PanCan Charity Walk. Full street closure. *NYC DOT requires full restoration of roadway and/or sidewalk for public use as it relates to the event. Please contact DOT Special Events (SpecialEvents@dot.nyc.gov) for further information.
SE59F7,0.0001310615989515072,WORK EMBARGO: 10/20/24 8am-4pm for 15th Annual Epiphany Walk. Full street closure. *NYC DOT requires full restoration of roadway and/or sidewalk for public use as it relates to the event. Please contact DOT Special Events (SpecialEvents@dot.nyc.gov) for further information.
SE59H0,0.0001310615989515072,WORK EMBARGO: 06/24/25 12:01am to 06/28/25 11:59pm for 2025 Embargo NYC Pridefest. Full street closure. *NYC DOT requires full restoration of roadway and/or sidewalk for public use as it relates to the event. Please contact DOT Special Events (SpecialEvents@dot.nyc.gov) for further information.
SE395B,0.0001310615989515072,WORK EMBARGO: 09/30 10:00PM - 10/14/2026 06:00AM FOR SPECIAL EVENT Saks Holiday Lite Show Set Up / *NYC DOT REQUIRES FULL RESTORATION OF ROADWAY AND/OR SIDEWALK FOR PUBLIC USE AS IT RELATES TO THE EVENT. PLEASE CONTACT DOT SPECIAL EVENTS (SPECIALEVENTS@DOT.NYC.GOV) FOR FURTHER INFORMATION
SE38T1,0.0001310615989515072,WORK EMBARGO: 03/01/2026 8:00AM - 4:00PM for The 28th Lunar New Year Parade. Full Street Closure. NYC DOT REQUIRES FULL RESTORATION OF ROADWAY AND/OR SIDEWALK FOR PUBLIC USE AS IT RELATES TO THE EVENT. PLEASE CONTACT DOT SPECIAL EVENTS (SPECIALEVENTS@DOT.NYC.GOV) FOR FURTHER INFORMATION. Note: Includes East Broadway between Catherine Street and Chatham Square
SE38G1,0.0001310615989515072,WORK EMBARGO: 00/00 - 00/00/2016 FOR SPECIAL EVENT NAME TIME: 12:01 AM - 6 PM *NYC DOT REQUIRES FULL RESTORATION OF ROADWAY AND/OR SIDEWALK FOR PUBLIC USE AS IT RELATES TO THE EVENT. PLEASE CONTACT DOT SPECIAL EVENTS (SPECIALEVENTS@DOT.NYC.GOV) FOR FURTHER INFORMATION
SE382C,0.0001310615989515072,WORK EMBARGO: 11/06 08:00PM - 11/07/2026 01:00AM FOR SPECIAL EVENT Julien Creuzet Midnight Moment Program / Pedestrian Plaza *NYC DOT REQUIRES FULL RESTORATION OF ROADWAY AND/OR SIDEWALK FOR PUBLIC USE AS IT RELATES TO THE EVENT. PLEASE CONTACT DOT SPECIAL EVENTS (SPECIALEVENTS@DOT.NYC.GOV) FOR FURTHER INFORMATION
SE59Z0,0.0001310615989515072,WORK EMBARGO: 07/11 12:01AM - 07/25/2026 05:00AM FOR SPECIAL EVENT 2-Telemundo FIFA Activation at Rockefeller Plaza / Curb Lane Only *NYC DOT REQUIRES FULL RESTORATION OF ROADWAY AND/OR SIDEWALK FOR PUBLIC USE AS IT RELATES TO THE EVENT. PLEASE CONTACT DOT SPECIAL EVENTS (SPECIALEVENTS@DOT.NYC.GOV) FOR FURTHER INFORMATION
SE37U7,0.0001310615989515072,WORK EMBARGO: 02/09 12:00AM - 02/14/2026 11:30PM FOR SPECIAL EVENT Calvin Klein Fashion Show / Curb Lane Only *NYC DOT REQUIRES FULL RESTORATION OF ROADWAY AND/OR SIDEWALK FOR PUBLIC USE AS IT RELATES TO THE EVENT. PLEASE CONTACT DOT SPECIAL EVENTS (SPECIALEVENTS@DOT.NYC.GOV) FOR FURTHER INFORMATION
SE37N3,0.0001310615989515072,WORK EMBARGO: 06/30/25 to 06/30/26 9am-2:30pm for EAST 92 STREET Open Street. Full street closure. *NYC DOT requires full restoration of roadway and/or sidewalk for public use as it relates to the event. Please contact DOT Special Events (SpecialEvents@dot.nyc.gov) for further information.
SE37J7,0.0001310615989515072,"WORK EMBARGO: 09/14/25 7p,-9pm for AAU 3 on 3 Hoop Fest. Full street closure. *NYC DOT requires full restoration of roadway and/or sidewalk for public use as it relates to the event. Please contact DOT Special Events (SpecialEvents@dot.nyc.gov) for further information."
SE35Y6,0.0001310615989515072,WORK EMBARGO: 05/29 03:00PM - 05/30/2026 11:59PM FOR SPECIAL EVENT Small Girls PR - Bridal Guest Pop-up / Curb Lane Only *NYC DOT REQUIRES FULL RESTORATION OF ROADWAY AND/OR SIDEWALK FOR PUBLIC USE AS IT RELATES TO THE EVENT. PLEASE CONTACT DOT SPECIAL EVENTS (SPECIALEVENTS@DOT.NYC.GOV) FOR FURTHER INFORMATION
SE5I07,0.0001310615989515072,WORK EMBARGO: 09/27/22 to 10/03/22 12:30am-11pm for Paley Center for Media Opening Day. Sidewalk and street closure. *NYC DOT REQUIRES FULL RESTORATION OF ROADWAY AND/OR SIDEWALK FOR PUBLIC USE AS IT RELATES TO THE EVENT. PLEASE CONTACT DOT SPECIAL EVENTS (SPECIALEVENTS@DOT.NYC.GOV) FOR FURTHER INFORMATION. Note: Different locations on different dates and times.
SE5I63,0.0001310615989515072,WORK EMBARGO: 04/23/22 10am-7pm for SIKH DAY PARADE 2022. Full street closure. *NYC DOT REQUIRES FULL RESTORATION OF ROADWAY AND/OR SIDEWALK FOR PUBLIC USE AS IT RELATES TO THE EVENT. PLEASE CONTACT DOT SPECIAL EVENTS (SPECIALEVENTS@DOT.NYC.GOV) FOR FURTHER INFORMATION
SE35V2,0.0001310615989515072,WORK EMBARGO: 03/16 07:00AM - 03/26/2026 06:00PM FOR SPECIAL EVENT Delivery/Collection / Curb Lane Only *NYC DOT REQUIRES FULL RESTORATION OF ROADWAY AND/OR SIDEWALK FOR PUBLIC USE AS IT RELATES TO THE EVENT. PLEASE CONTACT DOT SPECIAL EVENTS (SPECIALEVENTS@DOT.NYC.GOV) FOR FURTHER INFORMATION ** Recurring Days Notes: 3/16-3/26 except 3/17.
SE39T6,0.0001310615989515072,WORK EMBARGO: 04/18/2026 8:00AM - 8:00PM for 35th Annual Upper Broadway Spring Festival. Full Street Closure. NYC DOT REQUIRES FULL RESTORATION OF ROADWAY AND/OR SIDEWALK FOR PUBLIC USE AS IT RELATES TO THE EVENT. PLEASE CONTACT DOT SPECIAL EVENTS (SPECIALEVENTS@DOT.NYC.GOV) FOR FURTHER INFORMATION
SE583A,0.0001310615989515072,WORK EMBARGO: 08/21/2026 12:01AM - 09/04/2026 11:59PM FOR SPECIAL EVENT 1-US Tennis Open 2026 Bus Shuttle-InterContinental NY Barclay Hotel: 111 E. 48th St. / Curb Lane Only *NYC DOT REQUIRES FULL RESTORATION OF ROADWAY AND/OR SIDEWALK FOR PUBLIC USE AS IT RELATES TO THE EVENT. PLEASE CONTACT DOT SPECIAL EVENTS (SPECIALEVENTS@DOT.NYC.GOV) FOR FURTHER INFORMATION
SE57U9,0.0001310615989515072,"WORK EMBARGO: 02/05 04:00PM - 02/13/2026 11:59PM FOR SPECIAL EVENT ADIDAS STORE OPENING EVENTS / Sidewalk and Curb Lane Closure *NYC DOT REQUIRES FULL RESTORATION OF ROADWAY AND/OR SIDEWALK FOR PUBLIC USE AS IT RELATES TO THE EVENT. PLEASE CONTACT DOT SPECIAL EVENTS (SPECIALEVENTS@DOT.NYC.GOV) FOR FURTHER INFORMATION ** Recurring Dates: 02/05/2026,02/06/2026,02/12/2026,02/13/2026 ** Recurring Days Notes: Production on 2/5 and 2/6 and line queues on 2/6; Production on 2/12/and 2/13 and line queue on 2/13."
SE3P21,0.0001310615989515072,WORK EMBARGO: 10/31/22 11am-8pm for NYU and CB2 Childrens Halloween Parade. Full street closure. *NYC DOT REQUIRES FULL RESTORATION OF ROADWAY AND/OR SIDEWALK FOR PUBLIC USE AS IT RELATES TO THE EVENT. PLEASE CONTACT DOT SPECIAL EVENTS (SPECIALEVENTS@DOT.NYC.GOV) FOR FURTHER INFORMATION
SE3R97,0.0001310615989515072,WORK EMBARGO: 06/30/23 12:01am to 07/05/23 6am for 2023 Embargo Macy's 4th of July Annual Fireworks Celebration (Manhattan). Full street closure*NYC DOT REQUIRES FULL RESTORATION OF ROADWAY AND/OR SIDEWALK FOR PUBLIC USE AS IT RELATES TO THE EVENT. PLEASE CONTACT DOT SPECIAL EVENTS (SPECIALEVENTS@DOT.NYC.GOV) FOR FURTHER INFORMATION. Note: includes: Avenue C between 13th Street and Avenue C Entrance Ramp to FDR
SE3R96,0.0001310615989515072,WORK EMBARGO: 06/10/23 3am-3:15pm for Hare Krishna Festival 2023. Full street closure. *NYC DOT REQUIRES FULL RESTORATION OF ROADWAY AND/OR SIDEWALK FOR PUBLIC USE AS IT RELATES TO THE EVENT. PLEASE CONTACT DOT SPECIAL EVENTS (SPECIALEVENTS@DOT.NYC.GOV) FOR FURTHER INFORMATION
SE55L9,0.0001310615989515072,WORK EMBARGO: 03/16/2025 12AM - 7PM FOR SPECIAL EVENT 2025 United Airlines NYC Half / Full Street Closure *NYC DOT REQUIRES FULL RESTORATION OF ROADWAY AND/OR SIDEWALK FOR PUBLIC USE AS IT RELATES TO THE EVENT. PLEASE CONTACT DOT SPECIAL EVENTS (SPECIALEVENTS@DOT.NYC.GOV) FOR FURTHER INFORMATION
SE55M3,0.0001310615989515072,WORK EMBARGO: 05/21/2025 FOR SPECIAL EVENT NAME TIME: 12:01 AM - 6 PM *NYC DOT REQUIRES FULL RESTORATION OF ROADWAY AND/OR SIDEWALK FOR PUBLIC USE AS IT RELATES TO THE EVENT. PLEASE CONTACT DOT SPECIAL EVENTS (SPECIALEVENTS@DOT.NYC.GOV) FOR FURTHER INFORMATION
SE3R94,0.0001310615989515072,WORK EMBARGO: 05/18/23 3:30pm-8:30pm for American Heart Association Wall Street Run and Heart Walk. Full street closure. *NYC DOT REQUIRES FULL RESTORATION OF ROADWAY AND/OR SIDEWALK FOR PUBLIC USE AS IT RELATES TO THE EVENT. PLEASE CONTACT DOT SPECIAL EVENTS (SPECIALEVENTS@DOT.NYC.GOV) FOR FURTHER INFORMATION
SE3Q47,0.0001310615989515072,WORK EMBARGO: 12/31/22 8am-8pm for 47th Street Festival. Full street closure. *NYC DOT REQUIRES FULL RESTORATION OF ROADWAY AND/OR SIDEWALK FOR PUBLIC USE AS IT RELATES TO THE EVENT. PLEASE CONTACT DOT SPECIAL EVENTS (SPECIALEVENTS@DOT.NYC.GOV) FOR FURTHER INFORMATION
SE3Q11,0.0001310615989515072,WORK EMBARGO: 09/19/22 10am-12:30pm for Screw Story. Partial sidewalk closure. *NYC DOT REQUIRES FULL RESTORATION OF ROADWAY AND/OR SIDEWALK FOR PUBLIC USE AS IT RELATES TO THE EVENT. PLEASE CONTACT DOT SPECIAL EVENTS (SPECIALEVENTS@DOT.NYC.GOV) FOR FURTHER INFORMATION
SE3P47,0.0001310615989515072,WORK EMBARGO: 09/09/2022 FOR SPECIAL EVENT Performance Spacew xDZG - / Street Event ** TIME: 8AM - 11PM / Sidewalk and Curb Lane Closure *NYC DOT REQUIRES FULL RESTORATION OF ROADWAY AND/OR SIDEWALK FOR PUBLIC USE AS IT RELATES TO THE EVENT. PLEASE CONTACT DOT SPECIAL EVENTS (SPECIALEVENTS@DOT.NYC.GOV) FOR FURTHER INFORMATION
SE3P10,0.0001310615989515072,WORK EMBARGO: 09/24/22 8am-6pm for LTTA Street Fair. Full street closure. *NYC DOT REQUIRES FULL RESTORATION OF ROADWAY AND/OR SIDEWALK FOR PUBLIC USE AS IT RELATES TO THE EVENT. PLEASE CONTACT DOT SPECIAL EVENTS (SPECIALEVENTS@DOT.NYC.GOV) FOR FURTHER INFORMATION
SE3I25,0.0001310615989515072,WORK EMBARGO: 06/23 12AM - 06/27/2021 11:59PM FOR SPECIAL EVENT Pride 2022 / Plaza Partner Event / Pedestrian Plaza *NYC DOT REQUIRES FULL RESTORATION OF ROADWAY AND/OR SIDEWALK FOR PUBLIC USE AS IT RELATES TO THE EVENT. PLEASE CONTACT DOT SPECIAL EVENTS (SPECIALEVENTS@DOT.NYC.GOV) FOR FURTHER INFORMATION
SE56Y2,0.0001310615989515072,WORK EMBARGO: 07/08/2026 05:00AM - 11:00PM FOR SPECIAL EVENT Toy Insider / Curb Lane Only *NYC DOT REQUIRES FULL RESTORATION OF ROADWAY AND/OR SIDEWALK FOR PUBLIC USE AS IT RELATES TO THE EVENT. PLEASE CONTACT DOT SPECIAL EVENTS (SPECIALEVENTS@DOT.NYC.GOV) FOR FURTHER INFORMATION
SE3N19,0.0001310615989515072,WORK EMBARGO: 06/14/22 12am to 06/15/22 6pm for Truck loading for large museum exhibition. Curb lane only. PM *NYC DOT REQUIRES FULL RESTORATION OF ROADWAY AND/OR SIDEWALK FOR PUBLIC USE AS IT RELATES TO THE EVENT. PLEASE CONTACT DOT SPECIAL EVENTS (SPECIALEVENTS@DOT.NYC.GOV) FOR FURTHER INFORMATION
SE57A6,0.0001310615989515072,WORK EMBARGO: 06/16/24 6am-7pm for 2024 Harlem Skyscraper Cycling Classic. Full street closure. *NYC DOT requires full restoration of roadway and/or sidewalk for public use as it relates to the event. Please contact DOT Special Events (SpecialEvents@dot.nyc.gov) for further information.
SE57A9,0.0001310615989515072,WORK EMBARGO: 06/14/24 12:01am to 06/16/24 11:59pm for 2024 Embargo Harlem Skyscraper Cycling Classic. Full street closure. *NYC DOT requires full restoration of roadway and/or sidewalk for public use as it relates to the event. Please contact DOT Special Events (SpecialEvents@dot.nyc.gov) for further information.
SE57D2,0.0001310615989515072,"WORK EMBARGO: 07/18/24 6am-11am for 2024 Soldier Ride New York. Full street closure. *NYC DOT requires full restoration of roadway and/or sidewalk for public use as it relates to the event. Please contact DOT Special Events (SpecialEvents@dot.nyc.gov) for further information. Note: Includes Brooklyn Bridge, Shore Pky bet Bay Ridge Ave and Cropsey Ave"
SE3N08,0.0001310615989515072,WORK EMBARGO: 06/02/22 12:01am to 06/10/22 11:59pm for 1-Party in the Garden 2022 - Fundraiser for The Museum of Modern Art. / Production Event / Curb lane only. *NYC DOT REQUIRES FULL RESTORATION OF ROADWAY AND/OR SIDEWALK FOR PUBLIC USE AS IT RELATES TO THE EVENT. PLEASE CONTACT DOT SPECIAL EVENTS (SPECIALEVENTS@DOT.NYC.GOV) FOR FURTHER INFORMATION
SE3M83,0.0001310615989515072,WORK EMBARGO: 06/10/2022 FOR SPECIAL EVENT The Brearley School Graduation Post Reception / Street Event ** TIME: 10:30AM - 3:00PM / Full Street Closure *NYC DOT REQUIRES FULL RESTORATION OF ROADWAY AND/OR SIDEWALK FOR PUBLIC USE AS IT RELATES TO THE EVENT. PLEASE CONTACT DOT SPECIAL EVENTS (SPECIALEVENTS@DOT.NYC.GOV) FOR FURTHER INFORMATION
SE57J6,0.0001310615989515072,"WORK EMBARGO: 09/09/2025 12:01AM - 11:59PM 09/11/2025 for 2025 Embargo 911 Commemoration Ceremony. Full street closure. *NYC DOT requires full restoration of roadway and/or sidewalk for public use as it relates to the event. Please contact DOT Special Events (SpecialEvents@dot.nyc.gov) for further information. Note: Includes Areas bounded by Chambers Street on the North; Morris Street / Edgar Street / Rector Street / Joseph P. Ward Street on the South; Broadway on the East; West Street on the West (All Inclusive), Trinity Place between Edgar Street and Morris Street, Morris Street between West Street and Washington Street"
SE5J27,0.0001310615989515072,WORK EMBARGO: 05/19/2022 FOR SPECIAL EVENT Family Day / Block Party ** TIME: 9:30AM - 6:30PM / Full Street Closure *NYC DOT REQUIRES FULL RESTORATION OF ROADWAY AND/OR SIDEWALK FOR PUBLIC USE AS IT RELATES TO THE EVENT. PLEASE CONTACT DOT SPECIAL EVENTS (SPECIALEVENTS@DOT.NYC.GOV) FOR FURTHER INFORMATION
SE5J94,0.0001310615989515072,WORK EMBARGO: 04/18 7AM - 04/21/2022 11:59PM FOR SPECIAL EVENT The Modern Boardroom / Plaza Event / Pedestrian Plaza *NYC DOT REQUIRES FULL RESTORATION OF ROADWAY AND/OR SIDEWALK FOR PUBLIC USE AS IT RELATES TO THE EVENT. PLEASE CONTACT DOT SPECIAL EVENTS (SPECIALEVENTS@DOT.NYC.GOV) FOR FURTHER INFORMATION
SE5K06,0.0001310615989515072,WORK EMBARGO: 04/23/22 8am-5pm for NYC DOT Car Free Earth Day. Full street closure. *NYC DOT REQUIRES FULL RESTORATION OF ROADWAY AND/OR SIDEWALK FOR PUBLIC USE AS IT RELATES TO THE EVENT. PLEASE CONTACT DOT SPECIAL EVENTS (SPECIALEVENTS@DOT.NYC.GOV) FOR FURTHER INFORMATION
SE33B6,0.0001310615989515072,WORK EMBARGO: 09/15/24 8am-8pm for MEATPACKING DISTRICT FAIR. Full street closure. *NYC DOT requires full restoration of roadway and/or sidewalk for public use as it relates to the event. Please contact DOT Special Events (SpecialEvents@dot.nyc.gov) for further information.
SE5U22,0.0001310615989515072,WORK EMBARGO: 07/23/2023 11AM - 10PM FOR SPECIAL EVENT Astor Alive Friday Night Cabaret / Pedestrian Plaza *NYC DOT REQUIRES FULL RESTORATION OF ROADWAY AND/OR SIDEWALK FOR PUBLIC USE AS IT RELATES TO THE EVENT. PLEASE CONTACT DOT SPECIAL EVENTS (SPECIALEVENTS@DOT.NYC.GOV) FOR FURTHER INFORMATION
SE5U34,0.0001310615989515072,WORK EMBARGO: 07/28/2023 12PM - 11PM FOR SPECIAL EVENT Astor Alive Silent Disco / Pedestrian Plaza (South) *NYC DOT REQUIRES FULL RESTORATION OF ROADWAY AND/OR SIDEWALK FOR PUBLIC USE AS IT RELATES TO THE EVENT. PLEASE CONTACT DOT SPECIAL EVENTS (SPECIALEVENTS@DOT.NYC.GOV) FOR FURTHER INFORMATION
SE5V07,0.0001310615989515072,Work Embargo: 08/12/23 to 09/16/23 10am-10pm for EAST 115 STREET Open Street Full street closure. *NYC DOT requires full restoration of roadway and/or sidewalk for public use as it relates to the event. Please contact DOT Special Events (specialevents@dot.nyc.gov) for further information.
SE5V22,0.0001310615989515072,WORK EMBARGO: 08/12/23 to 09/16/23 5pm-10pm for Salsa Stories. Full street closure. *NYC DOT REQUIRES FULL RESTORATION OF ROADWAY AND/OR SIDEWALK FOR PUBLIC USE AS IT RELATES TO THE EVENT. PLEASE CONTACT DOT SPECIAL EVENTS (SPECIALEVENTS@DOT.NYC.GOV) FOR FURTHER INFORMATION. Note: Recurring Dates:Sat 08/12/2023 05:00 PM - 10:00 PM Sat 08/19/2023 05:00 PM - 10:00 PM Sat 08/26/2023 05:00 PM - 10:00 PM Sat 09/02/2023 05:00 PM - 10:00 PM Sat 09/09/2023 05:00 PM - 10:00 PM Sat 09/16/2023 05:00 PM - 10:00 PM
SE5V27,0.0001310615989515072,Work Embargo: 05/02/23 to 11/01/23 8am-8pm for BOND STREET DOT Open Street. Full street closure. *NYC DOT requires full restoration of roadway and/or sidewalk for public use as it relates to the event. Please contact DOT Special Events (specialevents@dot.nyc.gov) for further information.
SE33K3,0.0001310615989515072,WORK EMBARGO: 04/27 12:01AM - 05/11/2025 11:59PM FOR SPECIAL EVENT 1-Frieze Art Fair 2025 at The Shed at Hudson Yards: 545 W. 30th St. / Curb Lane Only *NYC DOT REQUIRES FULL RESTORATION OF ROADWAY AND/OR SIDEWALK FOR PUBLIC USE AS IT RELATES TO THE EVENT. PLEASE CONTACT DOT SPECIAL EVENTS (SPECIALEVENTS@DOT.NYC.GOV) FOR FURTHER INFORMATION
SE33E7,0.0001310615989515072,WORK EMBARGO: 05/05/24 to 10/27/2024 10am-8pm for COLUMBUS AVENUE OPEN STREET. Full street closure. *NYC DOT requires full restoration of roadway and/or sidewalk for public use as it relates to the event. Please contact DOT Special Events (SpecialEvents@dot.nyc.gov) for further information.
SE5V66,0.0001310615989515072,Work Embargo: 05/04/23 to 05/25/23 4pm-0pm for Arts and Culture on East 4th Street OPEN STREET. Full street closure. *NYC DOT requires full restoration of roadway and/or sidewalk for public use as it relates to the event. Please contact DOT Special Events (specialevents@dot.nyc.gov) for further information.
SE33B5,0.0001310615989515072,WORK EMBARGO: 09/15/24 7am-7pm for 55th Annual African American Day Parade. Full street closure. *NYC DOT requires full restoration of roadway and/or sidewalk for public use as it relates to the event. Please contact DOT Special Events (SpecialEvents@dot.nyc.gov) for further information.
SE33K4,0.0001310615989515072,WORK EMBARGO: 05/01 12:01AM - 05/15/2025 11:59PM FOR SPECIAL EVENT 2-Frieze Art Fair 2025 at The Shed at Hudson Yards: 545 W. 30th St. / Curb Lane Only *NYC DOT REQUIRES FULL RESTORATION OF ROADWAY AND/OR SIDEWALK FOR PUBLIC USE AS IT RELATES TO THE EVENT. PLEASE CONTACT DOT SPECIAL EVENTS (SPECIALEVENTS@DOT.NYC.GOV) FOR FURTHER INFORMATION
SE33B2,0.0001310615989515072,WORK EMBARGO: 04/26 12:01AM - 06/02/2024 7:00AM FOR SPECIAL EVENT 5th Avenue Blooms / Partial Sidewalk Closure *NYC DOT REQUIRES FULL RESTORATION OF ROADWAY AND/OR SIDEWALK FOR PUBLIC USE AS IT RELATES TO THE EVENT. PLEASE CONTACT DOT SPECIAL EVENTS (SPECIALEVENTS@DOT.NYC.GOV) FOR FURTHER INFORMATION
SE5Z40,0.0001310615989515072,"WORK EMBARGO: 12/10/23 11am-3pm for NYC Law Enforcement Rockefeller Center Toys for Tots Police Charity Motorcycle Parade. Rolling street closure. *NYC DOT requires full restoration of roadway and-or sidewalk for public use as it relates to the event. Please contact DOT Special Events (SpecialEvents@dot.nyc.gov) for further information. Note: Includes Outerbridge Crossing bet South Bridge St and West Shore Expy, Verrazano Bridge, Brooklyn Bridge"
SE5Z91,0.0001310615989515072,WORK EMBARGO: 10/13 12AM - 10/14/2023 9PM FOR SPECIAL EVENT My Protein Selfie Wall - Meatpacking @ 10th Ave / Partial Sidewalk Closure *NYC DOT REQUIRES FULL RESTORATION OF ROADWAY AND/OR SIDEWALK FOR PUBLIC USE AS IT RELATES TO THE EVENT. PLEASE CONTACT DOT SPECIAL EVENTS (SPECIALEVENTS@DOT.NYC.GOV) FOR FURTHER INFORMATION
SE32L6,0.0001310615989515072,WORK EMBARGO: 05/29 6:00AM - 06/07/2025 11:59PM FOR SPECIAL EVENT Party in the Garden 2025 - Fundraiser for The Museum of Modern Art / Curb Lane Only *NYC DOT REQUIRES FULL RESTORATION OF ROADWAY AND/OR SIDEWALK FOR PUBLIC USE AS IT RELATES TO THE EVENT. PLEASE CONTACT DOT SPECIAL EVENTS (SPECIALEVENTS@DOT.NYC.GOV) FOR FURTHER INFORMATION
SE60M4,0.0001310615989515072,WORK EMBARGO: 05/05 6AM - 05/06/2025 9PM FOR SPECIAL EVENT Samsung Ads Newfront / Partial Sidewalk Closure *NYC DOT REQUIRES FULL RESTORATION OF ROADWAY AND/OR SIDEWALK FOR PUBLIC USE AS IT RELATES TO THE EVENT. PLEASE CONTACT DOT SPECIAL EVENTS (SPECIALEVENTS@DOT.NYC.GOV) FOR FURTHER INFORMATION
SE31W6,0.0001310615989515072,WORK EMBARGO: 05/03 06:00AM - 05/05/2026 11:59PM FOR SPECIAL EVENT Housing Works Design on a Dime Benefit at 547 W. 26th St. / Curb Lane Only *NYC DOT REQUIRES FULL RESTORATION OF ROADWAY AND/OR SIDEWALK FOR PUBLIC USE AS IT RELATES TO THE EVENT. PLEASE CONTACT DOT SPECIAL EVENTS (SPECIALEVENTS@DOT.NYC.GOV) FOR FURTHER INFORMATION
SE614A,0.0001310615989515072,WORK EMBARGO: 11/22/2026 12:01 AM - 11/23/2026 11:59 PM FOR SPECIAL EVENT Tamagotchi Birthday. Pedestrian Plaza. *NYC DOT REQUIRES FULL RESTORATION OF ROADWAY AND/OR SIDEWALK FOR PUBLIC USE AS IT RELATES TO THE EVENT. PLEASE CONTACT DOT SPECIAL EVENTS (SPECIALEVENTS@DOT.NYC.GOV) FOR FURTHER INFORMATION
SE61S9,0.0001310615989515072,WORK EMBARGO: 11/17/2025 12:00AM - 01/08/2026 11:00PM FOR SPECIAL EVENT Fifth Avenue Associatoin Annual Holiday Decor 2025 / Sidewalk and Curb Lane Closure *NYC DOT REQUIRES FULL RESTORATION OF ROADWAY AND/OR SIDEWALK FOR PUBLIC USE AS IT RELATES TO THE EVENT. PLEASE CONTACT DOT SPECIAL EVENTS (SPECIALEVENTS@DOT.NYC.GOV) FOR FURTHER INFORMATION
SE5U13,0.0001310615989515072,WORK EMBARGO: 12/21/2023 10:30AM - 10:30PM FOR SPECIAL EVENT Winter Solstice Event / Pedestrian Plaza *NYC DOT REQUIRES FULL RESTORATION OF ROADWAY AND/OR SIDEWALK FOR PUBLIC USE AS IT RELATES TO THE EVENT. PLEASE CONTACT DOT SPECIAL EVENTS (SPECIALEVENTS@DOT.NYC.GOV) FOR FURTHER INFORMATION
SE5T66,0.0001310615989515072,WORK EMBARGO: 04/24 12AM - 04/27/2023 11:30PM FOR SPECIAL EVENT PHM Chelsea Industrial Production Parking / Curb Lane Only *NYC DOT REQUIRES FULL RESTORATION OF ROADWAY AND/OR SIDEWALK FOR PUBLIC USE AS IT RELATES TO THE EVENT. PLEASE CONTACT DOT SPECIAL EVENTS (SPECIALEVENTS@DOT.NYC.GOV) FOR FURTHER INFORMATION
SE5K16,0.0001310615989515072,WORK EMBARGO: 04/15/22 5pm-7pm for Good Friday Procession. Full street closure. *NYC DOT REQUIRES FULL RESTORATION OF ROADWAY AND/OR SIDEWALK FOR PUBLIC USE AS IT RELATES TO THE EVENT. PLEASE CONTACT DOT SPECIAL EVENTS (SPECIALEVENTS@DOT.NYC.GOV) FOR FURTHER INFORMATION
SE35A4,0.0001310615989515072,WORK EMBARGO: 04/20/2024 5:30AM - 7:00PM FOR SPECIAL EVENT Project Dance Times Square 2024 / Pedestrian Plaza *NYC DOT REQUIRES FULL RESTORATION OF ROADWAY AND/OR SIDEWALK FOR PUBLIC USE AS IT RELATES TO THE EVENT. PLEASE CONTACT DOT SPECIAL EVENTS (SPECIALEVENTS@DOT.NYC.GOV) FOR FURTHER INFORMATION
SE5K28,0.0001310615989515072,WORK EMBARGO: 09/11/2022 FOR SPECIAL EVENT St. James Church Homecoming Picnic / Block Party ** TIME: 8AM - 3PM / Full Street Closure *NYC DOT REQUIRES FULL RESTORATION OF ROADWAY AND/OR SIDEWALK FOR PUBLIC USE AS IT RELATES TO THE EVENT. PLEASE CONTACT DOT SPECIAL EVENTS (SPECIALEVENTS@DOT.NYC.GOV) FOR FURTHER INFORMATION
SE5L41,0.0001310615989515072,WORK EMBARGO: 04/28/2022 FOR SPECIAL EVENT Project Street Beat - Keith Haring Foundation Mobile Health Center Community Event / Street Event ** TIME: 9:30AM - 6:00PM / Sidewalk and Curb Lane Closure *NYC DOT REQUIRES FULL RESTORATION OF ROADWAY AND/OR SIDEWALK FOR PUBLIC USE AS IT RELATES TO THE EVENT. PLEASE CONTACT DOT SPECIAL EVENTS (SPECIALEVENTS@DOT.NYC.GOV) FOR FURTHER INFORMATION
SE5L71,0.0001310615989515072,WORK EMBARGO: 05/15 5AM - 05/23/2022 8PM FOR SPECIAL EVENT VOLTA New York / Production Event / TIME: 5AM - 8PM / Curb Lane Only *NYC DOT REQUIRES FULL RESTORATION OF ROADWAY AND/OR SIDEWALK FOR PUBLIC USE AS IT RELATES TO THE EVENT. PLEASE CONTACT DOT SPECIAL EVENTS (SPECIALEVENTS@DOT.NYC.GOV) FOR FURTHER INFORMATION
SE5L72,0.0001310615989515072,WORK EMBARGO: 04/15/22 12pm-2pm for Living Station of the Cross. Full street closure. *NYC DOT REQUIRES FULL RESTORATION OF ROADWAY AND/OR SIDEWALK FOR PUBLIC USE AS IT RELATES TO THE EVENT. PLEASE CONTACT DOT SPECIAL EVENTS (SPECIALEVENTS@DOT.NYC.GOV) FOR FURTHER INFORMATION
SE35K6,0.0001310615989515072,WORK EMBARGO: 02/01/26 12am to 02/28/26 11:59pm for Olympics 2026. Full street closure. *NYC DOT requires full restoration of roadway and/or sidewalk for public use as it relates to the event. Please contact DOT Special Events (SpecialEvents@dot.nyc.gov) for further information.
SE5N01,0.0001310615989515072,WORK EMBARGO: 06/21/2022 FOR SPECIAL EVENT Proof of Moonbirds Event at Webster Hall / Street Event ** TIME: 12:01AM - 11:59PM / Sidewalk and Curb Lane Closure -East 11 St / Curb Lane Only -3 Ave *NYC DOT REQUIRES FULL RESTORATION OF ROADWAY AND/OR SIDEWALK FOR PUBLIC USE AS IT RELATES TO THE EVENT. PLEASE CONTACT DOT SPECIAL EVENTS (SPECIALEVENTS@DOT.NYC.GOV) FOR FURTHER INFORMATION
SE5N24,0.0001310615989515072,WORK EMBARGO: 06/22/22 12:01am to 06/26/22 11:59pm for NYC Pride Fest. Full street closure. *NYC DOT REQUIRES FULL RESTORATION OF ROADWAY AND/OR SIDEWALK FOR PUBLIC USE AS IT RELATES TO THE EVENT. PLEASE CONTACT DOT SPECIAL EVENTS (SPECIALEVENTS@DOT.NYC.GOV) FOR FURTHER INFORMATION
SE5O32,0.0001310615989515072,"WORK EMBARGO: 09/23/22 - 09/24/2022 FOR Bike to the Beach New York. FULL STREET CLOSURE *NYC DOT REQUIRES FULL RESTORATION OF ROADWAY AND/OR SIDEWALK FOR PUBLIC USE AS IT RELATES TO THE EVENT. PLEASE CONTACT DOT SPECIAL EVENTS (SPECIALEVENTS@DOT.NYC.GOV) FOR FURTHER INFORMATION . ALSO INCLUDES BUFFALO AVENUE between EASTERN PARKWAY and EAST NEW YORK AVENUE, SCHENCK AVENUE between COZINE AVENUE and FLATLANDS AVENUE."
SE359C,0.0001310615989515072,WORK EMBARGO: 11/16/2026 12:00AM - 11:59PM FOR SPECIAL EVENT GRAMMY - TEASER PROMO The Square / Pedestrian Plaza *NYC DOT REQUIRES FULL RESTORATION OF ROADWAY AND/OR SIDEWALK FOR PUBLIC USE AS IT RELATES TO THE EVENT. PLEASE CONTACT DOT SPECIAL EVENTS (SPECIALEVENTS@DOT.NYC.GOV) FOR FURTHER INFORMATION
SE33P3,0.0001310615989515072,WORK EMBARGO: 08/15/2025 06:30AM - 11:59PM FOR SPECIAL EVENT Battle For The Boroughs / Pedestrian Plaza *NYC DOT REQUIRES FULL RESTORATION OF ROADWAY AND/OR SIDEWALK FOR PUBLIC USE AS IT RELATES TO THE EVENT. PLEASE CONTACT DOT SPECIAL EVENTS (SPECIALEVENTS@DOT.NYC.GOV) FOR FURTHER INFORMATION
SE5Q71,0.0001310615989515072,WORK EMBARGO: 10/07/22 6am to 10/08/22 11:59pm for New Yorker Festival 2022 - NY Society for Ethical Culture: 2 W. 64th St. Curb lane only. *NYC DOT REQUIRES FULL RESTORATION OF ROADWAY AND/OR SIDEWALK FOR PUBLIC USE AS IT RELATES TO THE EVENT. PLEASE CONTACT DOT SPECIAL EVENTS (SPECIALEVENTS@DOT.NYC.GOV) FOR FURTHER INFORMATION
SE34Z9,0.0001310615989515072,WORK EMBARGO: 08/08/2026 09:00AM - 06:00PM FOR SPECIAL EVENT Wise Towers Family Day / Full Street Closure *NYC DOT REQUIRES FULL RESTORATION OF ROADWAY AND/OR SIDEWALK FOR PUBLIC USE AS IT RELATES TO THE EVENT. PLEASE CONTACT DOT SPECIAL EVENTS (SPECIALEVENTS@DOT.NYC.GOV) FOR FURTHER INFORMATION
SE5R35,0.0001310615989515072,WORK EMBARGO: 11/27 3PM - 11/30/2022 3PM FOR SPECIAL EVENT 055-4227 GH NOVEMBER EVENT 2022 / Production Event / Curb Lane Only *NYC DOT REQUIRES FULL RESTORATION OF ROADWAY AND/OR SIDEWALK FOR PUBLIC USE AS IT RELATES TO THE EVENT. PLEASE CONTACT DOT SPECIAL EVENTS (SPECIALEVENTS@DOT.NYC.GOV) FOR FURTHER INFORMATION
SE34Y8,0.0001310615989515072,WORK EMBARGO: 07/11/2026 8:00AM - 5:00PM for NYC Math Festival. Full Street Closure. *NYC DOT REQUIRES FULL RESTORATION OF ROADWAY AND/OR SIDEWALK FOR PUBLIC USE AS IT RELATES TO THE EVENT. PLEASE CONTACT DOT SPECIAL EVENTS (SPECIALEVENTS@DOT.NYC.GOV) FOR FURTHER INFORMATION
SE5R92,0.0001310615989515072,WORK EMBARGO: 11/23 8AM - 11/24/2022 11:30PM FOR SPECIAL EVENT 96th Annual Macys Thanksgiving Day Parade / Production Event / Curb Lane Only / Sidewalk and Curb Lane Closure *NYC DOT REQUIRES FULL RESTORATION OF ROADWAY AND/OR SIDEWALK FOR PUBLIC USE AS IT RELATES TO THE EVENT. PLEASE CONTACT DOT SPECIAL EVENTS (SPECIALEVENTS@DOT.NYC.GOV) FOR FURTHER INFORMATION
SE5S00,0.0001310615989515072,WORK EMBARGO: 10/22/23 8am-8pm for LEXINGTON AVENUE AUTUMN FAIR. Full street closure *NYC DOT requires full restoration of roadway and/or sidewalk for public use as it relates to the event. Please contact DOT Special Events (specialevents@dot.nyc.gov) for further information.
SE33V8,0.0001310615989515072,WORK EMBARGO: 05/12/2026 8:00PM - 05/13/2026 10:00PM for TSQ Arts Spring Art Project Performance. Pedestrian Plaza. *NYC DOT REQUIRES FULL RESTORATION OF ROADWAY AND/OR SIDEWALK FOR PUBLIC USE AS IT RELATES TO THE EVENT. PLEASE CONTACT DOT SPECIAL EVENTS (SPECIALEVENTS@DOT.NYC.GOV) FOR FURTHER INFORMATION
SE33T3,0.0001310615989515072,WORK EMBARGO: 04/22/2026 01:00AM - 11:00PM FOR SPECIAL EVENT Earth Day / Pedestrian Plaza *NYC DOT REQUIRES FULL RESTORATION OF ROADWAY AND/OR SIDEWALK FOR PUBLIC USE AS IT RELATES TO THE EVENT. PLEASE CONTACT DOT SPECIAL EVENTS (SPECIALEVENTS@DOT.NYC.GOV) FOR FURTHER INFORMATION
SE3S04,0.0001310615989515072,WORK EMBARGO: 09/26/2023 FOR SPECIAL EVENT ANNUAL Met Opera Opening Night Gala Simulcast 2023 / Plaza Partner Event ** TIME: 12PM - 11:59PM / Pedestrian Plaza / Curb Lane Only *NYC DOT REQUIRES FULL RESTORATION OF ROADWAY AND/OR SIDEWALK FOR PUBLIC USE AS IT RELATES TO THE EVENT. PLEASE CONTACT DOT SPECIAL EVENTS (SPECIALEVENTS@DOT.NYC.GOV) FOR FURTHER INFORMATION
SE55D3,0.0001310615989515072,WORK EMBARGO: 05/26/2024 6AM - 11:59PM FOR SPECIAL EVENT 1-Party in the Garden 2024 - Fundraiser for The Museum of Modern Art / Curb Lane Only *NYC DOT REQUIRES FULL RESTORATION OF ROADWAY AND/OR SIDEWALK FOR PUBLIC USE AS IT RELATES TO THE EVENT. PLEASE CONTACT DOT SPECIAL EVENTS (SPECIALEVENTS@DOT.NYC.GOV) FOR FURTHER INFORMATION
SE78K3,0.0001310615989515072,WORK EMBARGO: 08/10/25 7am-2pm for Blue Knights LEMC Suicide Run and BBQ 2025. Full street closure. *NYC DOT requires full restoration of roadway and/or sidewalk for public use as it relates to the event. Please contact DOT Special Events (SpecialEvents@dot.nyc.gov) for further information.
SE3S57,0.0001310615989515072,WORK EMBARGO: 09/05 12AM - 09/12/2023 11:59PM FOR SPECIAL EVENT Curtains Up Broadway / Plaza Partner Event / Pedestrian Plaza / Curb Lane Only *NYC DOT REQUIRES FULL RESTORATION OF ROADWAY AND/OR SIDEWALK FOR PUBLIC USE AS IT RELATES TO THE EVENT. PLEASE CONTACT DOT SPECIAL EVENTS (SPECIALEVENTS@DOT.NYC.GOV) FOR FURTHER INFORMATION
SE44H4,0.0001310615989515072,WORK EMBARGO: 09/14/24 10am-6pm for San Gennaro. Full street closure. *NYC DOT requires full restoration of roadway and/or sidewalk for public use as it relates to the event. Please contact DOT Special Events (SpecialEvents@dot.nyc.gov) for further information.
SE4Q84,0.0001310615989515072,WORK EMBARGO: 10/02/22 1:30pm-5:15pm for Our Lord of Miracles Annual Procession. Full street closure. *NYC DOT REQUIRES FULL RESTORATION OF ROADWAY AND/OR SIDEWALK FOR PUBLIC USE AS IT RELATES TO THE EVENT. PLEASE CONTACT DOT SPECIAL EVENTS (SPECIALEVENTS@DOT.NYC.GOV) FOR FURTHER INFORMATION. Also includes 9 Ave between W 13-W14 Sts
SE44H2,0.0001310615989515072,WORK EMBARGO: 09/03 3PM - 09/04/2024 8PM FOR SPECIAL EVENT Roger Federer Assouline Book Signing / Partial Sidewalk Closure *NYC DOT REQUIRES FULL RESTORATION OF ROADWAY AND/OR SIDEWALK FOR PUBLIC USE AS IT RELATES TO THE EVENT. PLEASE CONTACT DOT SPECIAL EVENTS (SPECIALEVENTS@DOT.NYC.GOV) FOR FURTHER INFORMATION
SE4R01,0.0001310615989515072,WORK EMBARGO: 04/09/23 12:01am-11:59pm for 2023 Embargo Easter Sunday Mass. Full street closure. *NYC DOT REQUIRES FULL RESTORATION OF ROADWAY AND/OR SIDEWALK FOR PUBLIC USE AS IT RELATES TO THE EVENT. PLEASE CONTACT DOT SPECIAL EVENTS (SPECIALEVENTS@DOT.NYC.GOV) FOR FURTHER INFORMATION
SE44B7,0.0001310615989515072,WORK EMBARGO: 09/01/24 to 09/08/24 8am-9pm for Festival de Verano 2024/Summer Festival 2024. Full street closure. *NYC DOT requires full restoration of roadway and/or sidewalk for public use as it relates to the event. Please contact DOT Special Events (SpecialEvents@dot.nyc.gov) for further information. Note: Reoccurring event on the dates of: 09/01/2024 (Sunday) 09/08/2024 (Sunday) 09/15/2024 (Sunday) 09/22/2024 (Sunday) 09/29/2024 (Sunday)
SE43X9,0.0001310615989515072,WORK EMBARGO: 06/04 09:00AM - 06/05/2026 09:00PM FOR SPECIAL EVENT Through Her Lens CHANEL Lunch / Sidewalk and Curb Lane Closure *NYC DOT REQUIRES FULL RESTORATION OF ROADWAY AND/OR SIDEWALK FOR PUBLIC USE AS IT RELATES TO THE EVENT. PLEASE CONTACT DOT SPECIAL EVENTS (SPECIALEVENTS@DOT.NYC.GOV) FOR FURTHER INFORMATION
SE43V9,0.0001310615989515072,WORK EMBARGO: 06/04/2026 03:00PM - 08:00PM FOR SPECIAL EVENT TSX Viewing Zone / Pedestrian Plaza *NYC DOT REQUIRES FULL RESTORATION OF ROADWAY AND/OR SIDEWALK FOR PUBLIC USE AS IT RELATES TO THE EVENT. PLEASE CONTACT DOT SPECIAL EVENTS (SPECIALEVENTS@DOT.NYC.GOV) FOR FURTHER INFORMATION
SE43N2,0.0001310615989515072,/ WORK EMBARGO: 06/20/2025 4:00AM - 11:30PM FOR SPECIAL EVENT Shiseido Ultimune Activation / Pedestrian Plaza / Curb Lane Only *NYC DOT REQUIRES FULL RESTORATION OF ROADWAY AND/OR SIDEWALK FOR PUBLIC USE AS IT RELATES TO THE EVENT. PLEASE CONTACT DOT SPECIAL EVENTS (SPECIALEVENTS@DOT.NYC.GOV) FOR FURTHER INFORMATION
SE43B9,0.0001310615989515072,WORK EMBARGO: 08/17/24 9am-7:30pm for Infirnity Fest. Full street closure. *NYC DOT requires full restoration of roadway and/or sidewalk for public use as it relates to the event. Please contact DOT Special Events (SpecialEvents@dot.nyc.gov) for further information.
SE4S63,0.0001310615989515072,WORK EMBARGO: 09/11/24 12:01am-11:59pm for 2024 Embargo 9-11 Ceremony. Full street closure. *NYC DOT requires full restoration of roadway and/or sidewalk for public use as it relates to the event. Please contact DOT Special Events (SpecialEvents@dot.nyc.gov) for further information. Note: Includes areas bounded by Barclay Street on the North; Rector Street on the South; Broadway on the East; West Street on the West (All Inclusive)
SE4S76,0.0001310615989515072,WORK EMBARGO: 09/22/23 12:01am to 09/24/23 11:59pm for 2023 Embargo Stephen Siller Tunnel to Towers Run & Festival. Full street closure. *NYC DOT requires full restoration of roadway and/or sidewalk for public use as it relates to the event. Please contact DOT Special Events (specialevents@dot.nyc.gov) for further information.
SE4T01,0.0001310615989515072,WORK EMBARGO: 04/07/23 6:30pm-9:30pm for Good Friday PROCESSION. Full street closure. *NYC DOT requires full restoration of roadway and/or sidewalk for public use as it relates to the event. Please contact DOT Special Events (specialevents@dot.nyc.gov) for further information.
SE42M7,0.0001310615989515072,WORK EMBARGO: 05/01 4:00PM - 05/16/2025 11:30PM FOR SPECIAL EVENT TEFAF New York 2025 / Curb Lane Only *NYC DOT REQUIRES FULL RESTORATION OF ROADWAY AND/OR SIDEWALK FOR PUBLIC USE AS IT RELATES TO THE EVENT. PLEASE CONTACT DOT SPECIAL EVENTS (SPECIALEVENTS@DOT.NYC.GOV) FOR FURTHER INFORMATION
SE4V11,0.0001310615989515072,WORK EMBARGO: 08/22 12:01AM - 08/26/2023 11:59PM FOR SPECIAL EVENT UHHM Hip Hop 50 Show / Pedestrian Plaza *NYC DOT REQUIRES FULL RESTORATION OF ROADWAY AND/OR SIDEWALK FOR PUBLIC USE AS IT RELATES TO THE EVENT. PLEASE CONTACT DOT SPECIAL EVENTS (SPECIALEVENTS@DOT.NYC.GOV) FOR FURTHER INFORMATION
SE423A,0.0001310615989515072,WORK EMBARGO:10/18/2026 02:00PM to 10:30PM for Religious Procession of Our Lord of Miracles. Full Street Closure. *NYC DOT REQUIRES FULL RESTORATION OF ROADWAY AND/OR SIDEWALK FOR PUBLIC USE AS IT RELATES TO THE EVENT. PLEASE CONTACT DOT SPECIAL EVENTS (SPECIALEVENTS@DOT.NYC.GOV) FOR FURTHER INFORMATION
SE41V8,0.0001310615989515072,WORK EMBARGO: 03/21/2026 08:00AM - 07:30PM FOR SPECIAL EVENT Fragrance Week on Madison Avenue / Partial Sidewalk Closure / Sidewalk and Curb Lane Closure *NYC DOT REQUIRES FULL RESTORATION OF ROADWAY AND/OR SIDEWALK FOR PUBLIC USE AS IT RELATES TO THE EVENT. PLEASE CONTACT DOT SPECIAL EVENTS (SPECIALEVENTS@DOT.NYC.GOV) FOR FURTHER INFORMATION
SE4V20,0.0001310615989515072,Work Embargo: 05/01/23 to 06/28/24 8am-8pm for EAST 82 STREET OPEN STREET. Full street closure. *NYC DOT requires full restoration of roadway and/or sidewalk for public use as it relates to the event. Please contact DOT Special Events (specialevents@dot.nyc.gov) for further information.
SE4V35,0.0001310615989515072,Work Embargo: 05/02/23 to 06/28/24 8am-8pm for WEST 75 STREET DOT Open Street. Full street closure. *NYC DOT requires full restoration of roadway and/or sidewalk for public use as it relates to the event. Please contact DOT Special Events (specialevents@dot.nyc.gov) for further information.
SE4V55,0.0001310615989515072,Work Embargo: 05/02/23 to 12/31/23 8am-8pm for AVENUE B DOT Open Street. Full street closure. *NYC DOT requires full restoration of roadway and/or sidewalk for public use as it relates to the event. Please contact DOT Special Events (specialevents@dot.nyc.gov) for further information.
SE44I6,0.0001310615989515072,WORK EMBARGO: 10/18 5PM - 10/19/2024 2PM FOR SPECIAL EVENT Investiture - InterCon / Curb Lane Only *NYC DOT REQUIRES FULL RESTORATION OF ROADWAY AND/OR SIDEWALK FOR PUBLIC USE AS IT RELATES TO THE EVENT. PLEASE CONTACT DOT SPECIAL EVENTS (SPECIALEVENTS@DOT.NYC.GOV) FOR FURTHER INFORMATION
SE4M66,0.0001310615989515072,WORK EMBARGO: 07/28/2022 FOR SPECIAL EVENT TouroCOM SGA Welcome / Block Party ** TIME: 12PM - 5PM / Full Street Closure *NYC DOT REQUIRES FULL RESTORATION OF ROADWAY AND/OR SIDEWALK FOR PUBLIC USE AS IT RELATES TO THE EVENT. PLEASE CONTACT DOT SPECIAL EVENTS (SPECIALEVENTS@DOT.NYC.GOV) FOR FURTHER INFORMATION
SE4M18,0.0001310615989515072,WORK EMBARGO: 06/26/2022 FOR SPECIAL EVENT West 125 Street / Block Party for Black Studies ** TIME: 8AM - 5PM / Sidewalk and Street Closure *NYC DOT REQUIRES FULL RESTORATION OF ROADWAY AND/OR SIDEWALK FOR PUBLIC USE AS IT RELATES TO THE EVENT. PLEASE CONTACT DOT SPECIAL EVENTS (SPECIALEVENTS@DOT.NYC.GOV) FOR FURTHER INFORMATION
SE46A9,0.0001310615989515072,WORK EMBARGO: 03/29/24 12:01am to 03/31/24 11:59pm for 2024 Embargo Easter Sunday Mass. Full street closure. *NYC DOT requires full restoration of roadway and/or sidewalk for public use as it relates to the event. Please contact DOT Special Events (SpecialEvents@dot.nyc.gov) for further information.
SE49W5,0.0001310615989515072,WORK EMBARGO: 05/17/2026 11:00AM - 7:00PM for NEPAL DAY PARADE 2026. Full Street Closure. *NYC DOT REQUIRES FULL RESTORATION OF ROADWAY AND/OR SIDEWALK FOR PUBLIC USE AS IT RELATES TO THE EVENT. PLEASE CONTACT DOT SPECIAL EVENTS (SPECIALEVENTS@DOT.NYC.GOV) FOR FURTHER INFORMATION
SE48I3,0.0001310615989515072,WORK EMBARGO: 10/31 2AM - 11/01/2024 5AM FOR SPECIAL EVENT Heidi Klum Halloween Event / Sidewalk and Curb Lane Closure *NYC DOT REQUIRES FULL RESTORATION OF ROADWAY AND/OR SIDEWALK FOR PUBLIC USE AS IT RELATES TO THE EVENT. PLEASE CONTACT DOT SPECIAL EVENTS (SPECIALEVENTS@DOT.NYC.GOV) FOR FURTHER INFORMATION
SE485A,0.0001310615989515072,WORK EMBARGO: 08/16 12:00AM - 08/30/2026 11:59PM FOR SPECIAL EVENT CIPRIANI EVENTS / Curb Lane Only *NYC DOT REQUIRES FULL RESTORATION OF ROADWAY AND/OR SIDEWALK FOR PUBLIC USE AS IT RELATES TO THE EVENT. PLEASE CONTACT DOT SPECIAL EVENTS (SPECIALEVENTS@DOT.NYC.GOV) FOR FURTHER INFORMATION
SE47X6,0.0001310615989515072,WORK EMBARGO: 08/13 01:00PM - 08/15/2026 12:00AM FOR SPECIAL EVENT Times Square Arts Artist-in-Residence Performance / Pedestrian Plaza *NYC DOT REQUIRES FULL RESTORATION OF ROADWAY AND/OR SIDEWALK FOR PUBLIC USE AS IT RELATES TO THE EVENT. PLEASE CONTACT DOT SPECIAL EVENTS (SPECIALEVENTS@DOT.NYC.GOV) FOR FURTHER INFORMATION
SE4G81,0.0001310615989515072,WORK EMBARGO: 05/22/22 12:01am to 05/30/22 12:01pm for 2022 Embargo Fleet Week. Full street closure. *NYC DOT REQUIRES FULL RESTORATION OF ROADWAY AND/OR SIDEWALK FOR PUBLIC USE AS IT RELATES TO THE EVENT. PLEASE CONTACT DOT SPECIAL EVENTS (SPECIALEVENTS@DOT.NYC.GOV) FOR FURTHER INFORMATION
SE473A,0.0001310615989515072,WORK EMBARGO: 10/17/2026 12:01AM - 10/18/2026 11:59PM for 2026 Embargo Bike MS NYC. Full Street Closure. *NYC DOT REQUIRES FULL RESTORATION OF ROADWAY AND/OR SIDEWALK FOR PUBLIC USE AS IT RELATES TO THE EVENT. PLEASE CONTACT DOT SPECIAL EVENTS (SPECIALEVENTS@DOT.NYC.GOV) FOR FURTHER INFORMATION
SE46X9,0.0001310615989515072,WORK EMBARGO: 07/21 10:00PM - 08/07/2026 11:59PM FOR SPECIAL EVENT Times Square Arts: Summer 2026 Public Art Project / Pedestrian Plaza *NYC DOT REQUIRES FULL RESTORATION OF ROADWAY AND/OR SIDEWALK FOR PUBLIC USE AS IT RELATES TO THE EVENT. PLEASE CONTACT DOT SPECIAL EVENTS (SPECIALEVENTS@DOT.NYC.GOV) FOR FURTHER INFORMATION
SE46G2,0.0001310615989515072,WORK EMBARGO: 09/18/24 10am-6pm for The Artists March. Full street closure. *NYC DOT requires full restoration of roadway and/or sidewalk for public use as it relates to the event. Please contact DOT Special Events (SpecialEvents@dot.nyc.gov) for further information.
SE4I85,0.0001310615989515072,WORK EMBARGO: 07/17/22 8am-8pm for Broadway Summer Fair. Full street closure. *NYC DOT REQUIRES FULL RESTORATION OF ROADWAY AND/OR SIDEWALK FOR PUBLIC USE AS IT RELATES TO THE EVENT. PLEASE CONTACT DOT SPECIAL EVENTS (SPECIALEVENTS@DOT.NYC.GOV) FOR FURTHER INFORMATION
SE4L67,0.0001310615989515072,WORK EMBARGO: 09/10 7AM - 09/11/2022 7PM FOR SPECIAL EVENT Gracie Square Art Show / Production Event / Curb Lane Only *NYC DOT REQUIRES FULL RESTORATION OF ROADWAY AND/OR SIDEWALK FOR PUBLIC USE AS IT RELATES TO THE EVENT. PLEASE CONTACT DOT SPECIAL EVENTS (SPECIALEVENTS@DOT.NYC.GOV) FOR FURTHER INFORMATION
SE45U8,0.0001310615989515072,WORK EMBARGO: 08/23 06:00AM - 08/25/2026 09:00PM FOR SPECIAL EVENT Fordham University 2026 Move In / Curb Lane Only *NYC DOT REQUIRES FULL RESTORATION OF ROADWAY AND/OR SIDEWALK FOR PUBLIC USE AS IT RELATES TO THE EVENT. PLEASE CONTACT DOT SPECIAL EVENTS (SPECIALEVENTS@DOT.NYC.GOV) FOR FURTHER INFORMATION
SE45U7,0.0001310615989515072,WORK EMBARGO: 08/20/2026 06:00AM - 03:00PM FOR SPECIAL EVENT Fordham University 2026 Urban Plunge Move In 1 / Curb Lane Only *NYC DOT REQUIRES FULL RESTORATION OF ROADWAY AND/OR SIDEWALK FOR PUBLIC USE AS IT RELATES TO THE EVENT. PLEASE CONTACT DOT SPECIAL EVENTS (SPECIALEVENTS@DOT.NYC.GOV) FOR FURTHER INFORMATION
SE45U5,0.0001310615989515072,WORK EMBARGO: 08/19/2026 06:00AM - 06:00PM FOR SPECIAL EVENT Fordham University 2026 Global Transition Move In 1 / Curb Lane Only *NYC DOT REQUIRES FULL RESTORATION OF ROADWAY AND/OR SIDEWALK FOR PUBLIC USE AS IT RELATES TO THE EVENT. PLEASE CONTACT DOT SPECIAL EVENTS (SPECIALEVENTS@DOT.NYC.GOV) FOR FURTHER INFORMATION
SE45K7,0.0001310615989515072,WORK EMBARGO: 06/29/2025 12:00AM - 6:30PM FOR SPECIAL EVENT Production Parking for PrideFest 2024 / Sidewalk and Curb Lane Closure *NYC DOT REQUIRES FULL RESTORATION OF ROADWAY AND/OR SIDEWALK FOR PUBLIC USE AS IT RELATES TO THE EVENT. PLEASE CONTACT DOT SPECIAL EVENTS (SPECIALEVENTS@DOT.NYC.GOV) FOR FURTHER INFORMATION
SE4K07,0.0001310615989515072,WORK EMBARGO: 06/02 10:30AM - 06/04/2022 11:59PM FOR SPECIAL EVENT TOKENDE AFRICA TOURISM AND ROADSHOW IN AMERICA / Plaza Event / Pedestrian Plaza *NYC DOT REQUIRES FULL RESTORATION OF ROADWAY AND/OR SIDEWALK FOR PUBLIC USE AS IT RELATES TO THE EVENT. PLEASE CONTACT DOT SPECIAL EVENTS (SPECIALEVENTS@DOT.NYC.GOV) FOR FURTHER INFORMATION
SE4K36,0.0001310615989515072,WORK EMBARGO: 03/19/22 12pm-1:30pm for Worldwide Demonstration 6.0. Full street closure. *NYC DOT REQUIRES FULL RESTORATION OF ROADWAY AND/OR SIDEWALK FOR PUBLIC USE AS IT RELATES TO THE EVENT. PLEASE CONTACT DOT SPECIAL EVENTS (SPECIALEVENTS@DOT.NYC.GOV) FOR FURTHER INFORMATION
SE4K38,0.0001310615989515072,WORK EMBARGO: 03/10/22 2pm-6pm for March 10 Tibetan Uprising Day. Full street closure. *NYC DOT REQUIRES FULL RESTORATION OF ROADWAY AND/OR SIDEWALK FOR PUBLIC USE AS IT RELATES TO THE EVENT. PLEASE CONTACT DOT SPECIAL EVENTS (SPECIALEVENTS@DOT.NYC.GOV) FOR FURTHER INFORMATION
SE45J1,0.0001310615989515072,WORK EMBARGO: 05/17/2025 9AM - 6PM FOR SPECIAL EVENT TURKISH DAY PARADE / Full Street Closure *NYC DOT REQUIRES FULL RESTORATION OF ROADWAY AND/OR SIDEWALK FOR PUBLIC USE AS IT RELATES TO THE EVENT. PLEASE CONTACT DOT SPECIAL EVENTS (SPECIALEVENTS@DOT.NYC.GOV) FOR FURTHER INFORMATION
SE4V71,0.0001310615989515072,WORK EMBARGO: 06/25/2023 12:01AM - 11:30PM FOR SPECIAL EVENT GOAL ANNUAL PRIDE DAY / Curb Lane Onlyy *NYC DOT REQUIRES FULL RESTORATION OF ROADWAY AND/OR SIDEWALK FOR PUBLIC USE AS IT RELATES TO THE EVENT. PLEASE CONTACT DOT SPECIAL EVENTS (SPECIALEVENTS@DOT.NYC.GOV) FOR FURTHER INFORMATION
SE41S1,0.0001310615989515072,WORK EMBARGO:10/25/2025 6:30AM - 9:30AM for The Last 10. Full Street Closure. NYC DOT REQUIRES FULL RESTORATION OF ROADWAY AND/OR SIDEWALK FOR PUBLIC USE AS IT RELATES TO THE EVENT. PLEASE CONTACT DOT SPECIAL EVENTS (SPECIALEVENTS@DOT.NYC.GOV) FOR FURTHER INFORMATION
SE41L4,0.0001310615989515072,WORK EMBARGO: 09/26/2025 9:00AM - 11:30PM FOR SPECIAL EVENT Tunnel to Towers Dinner Reception / Curb Lane Only *NYC DOT REQUIRES FULL RESTORATION OF ROADWAY AND/OR SIDEWALK FOR PUBLIC USE AS IT RELATES TO THE EVENT. PLEASE CONTACT DOT SPECIAL EVENTS (SPECIALEVENTS@DOT.NYC.GOV) FOR FURTHER INFORMATION
SE3U44,0.0001310615989515072,WORK EMBARGO: 07/01/2023 12PM - 8PM FOR SPECIAL EVENT Sonia Gibson / Full Street Closure *NYC DOT REQUIRES FULL RESTORATION OF ROADWAY AND/OR SIDEWALK FOR PUBLIC USE AS IT RELATES TO THE EVENT. PLEASE CONTACT DOT SPECIAL EVENTS (SPECIALEVENTS@DOT.NYC.GOV) FOR FURTHER INFORMATION
SE3W89,0.0001310615989515072,WORK EMBARGO: 09/02/2023 11AM - 6PM FOR SPECIAL EVENT East 104th Street Block Party / Full Street Closure *NYC DOT REQUIRES FULL RESTORATION OF ROADWAY AND/OR SIDEWALK FOR PUBLIC USE AS IT RELATES TO THE EVENT. PLEASE CONTACT DOT SPECIAL EVENTS (SPECIALEVENTS@DOT.NYC.GOV) FOR FURTHER INFORMATION
SE51S8,0.0001310615989515072,WORK EMBARGO: 10/16/2025 11:00AM - 03:30PM FOR SPECIAL EVENT GDay Dogs / Sidewalk and Curb Lane Closure *NYC DOT REQUIRES FULL RESTORATION OF ROADWAY AND/OR SIDEWALK FOR PUBLIC USE AS IT RELATES TO THE EVENT. PLEASE CONTACT DOT SPECIAL EVENTS (SPECIALEVENTS@DOT.NYC.GOV) FOR FURTHER INFORMATION
SE51U0,0.0001310615989515072,WORK EMBARGO: 03/04 12:00AM - 03/05/2026 11:59PM FOR SPECIAL EVENT Viking Global Investors Day / Curb Lane Only *NYC DOT REQUIRES FULL RESTORATION OF ROADWAY AND/OR SIDEWALK FOR PUBLIC USE AS IT RELATES TO THE EVENT. PLEASE CONTACT DOT SPECIAL EVENTS (SPECIALEVENTS@DOT.NYC.GOV) FOR FURTHER INFORMATION
SE51U5,0.0001310615989515072,WORK EMBARGO: 05/14/2026 03:00PM - 11:00PM FOR SPECIAL EVENT American Heart Association Wall Street Run and Heart Walk / Full Street Closure / Sidewalk and Street Closure *NYC DOT REQUIRES FULL RESTORATION OF ROADWAY AND/OR SIDEWALK FOR PUBLIC USE AS IT RELATES TO THE EVENT. PLEASE CONTACT DOT SPECIAL EVENTS (SPECIALEVENTS@DOT.NYC.GOV) FOR FURTHER INFORMATION
SE51Y0,0.0001310615989515072,WORK EMBARGO: 08/08/2026 03:00AM - 12:30PM FOR SPECIAL EVENT 2026 NYRR Percy Sutton Harlem 5K / Full Street Closure *NYC DOT REQUIRES FULL RESTORATION OF ROADWAY AND/OR SIDEWALK FOR PUBLIC USE AS IT RELATES TO THE EVENT. PLEASE CONTACT DOT SPECIAL EVENTS (SPECIALEVENTS@DOT.NYC.GOV) FOR FURTHER INFORMATION
SE52J4,0.0001310615989515072,WORK EMBARGO: 04/22/205 12PM - 9:30PM FOR SPECIAL EVENT Earth Water Day / Pedestrian Plaza *NYC DOT REQUIRES FULL RESTORATION OF ROADWAY AND/OR SIDEWALK FOR PUBLIC USE AS IT RELATES TO THE EVENT. PLEASE CONTACT DOT SPECIAL EVENTS (SPECIALEVENTS@DOT.NYC.GOV) FOR FURTHER INFORMATION
SE3U97,0.0001310615989515072,WORK EMBARGO: 06/11/23 10:30am-2pm for Corpus Christi. Full street closure. *NYC DOT requires full restoration of roadway and/or sidewalk for public use as it relates to the event. Please contact DOT Special Events (specialevents@dot.nyc.gov) for further information.
SE52X9,0.0001310615989515072,WORK EMBARGO: 06/10/2026 05:00AM - 07:30PM FOR SPECIAL EVENT Lipton - National Iced Tea Day / Sidewalk and Curb Lane Closure *NYC DOT REQUIRES FULL RESTORATION OF ROADWAY AND/OR SIDEWALK FOR PUBLIC USE AS IT RELATES TO THE EVENT. PLEASE CONTACT DOT SPECIAL EVENTS (SPECIALEVENTS@DOT.NYC.GOV) FOR FURTHER INFORMATION
SE53M3,0.0001310615989515072,WORK EMBARGO: 09/24/2025 6:00AM - 11:59PM FOR SPECIAL EVENT Climate Lead Event at MOMA / Curb Lane Only *NYC DOT REQUIRES FULL RESTORATION OF ROADWAY AND/OR SIDEWALK FOR PUBLIC USE AS IT RELATES TO THE EVENT. PLEASE CONTACT DOT SPECIAL EVENTS (SPECIALEVENTS@DOT.NYC.GOV) FOR FURTHER INFORMATION
SE51F5,0.0001310615989515072,WORK EMBARGO: 10/20/2024 7AM - 7PM FOR SPECIAL EVENT Fall Fair / Full Street Closure *NYC DOT REQUIRES FULL RESTORATION OF ROADWAY AND/OR SIDEWALK FOR PUBLIC USE AS IT RELATES TO THE EVENT. PLEASE CONTACT DOT SPECIAL EVENTS (SPECIALEVENTS@DOT.NYC.GOV) FOR FURTHER INFORMATION
SE53Q2,0.0001310615989515072,WORK EMBARGO: 7/12/2026 10:00AM - 6:00PM for Carnaval Cubano. Full Street Closure. NYC DOT REQUIRES FULL RESTORATION OF ROADWAY AND/OR SIDEWALK FOR PUBLIC USE AS IT RELATES TO THE EVENT. PLEASE CONTACT DOT SPECIAL EVENTS (SPECIALEVENTS@DOT.NYC.GOV) FOR FURTHER INFORMATION
SE3T83,0.0001310615989515072,WORK EMBARGO: 05/21/2023 9:30AM - 4:00PM FOR SPECIAL EVENT WSCAH Rocks the Block / Street Event / Full Street Closure *NYC DOT REQUIRES FULL RESTORATION OF ROADWAY AND/OR SIDEWALK FOR PUBLIC USE AS IT RELATES TO THE EVENT. PLEASE CONTACT DOT SPECIAL EVENTS (SPECIALEVENTS@DOT.NYC.GOV) FOR FURTHER INFORMATION
SE54B2,0.0001310615989515072,WORK EMBARGO: 02/24/2024 8AM - 9PM FOR SPECIAL EVENT Dont Walk By / Curb Lane Only *NYC DOT REQUIRES FULL RESTORATION OF ROADWAY AND/OR SIDEWALK FOR PUBLIC USE AS IT RELATES TO THE EVENT. PLEASE CONTACT DOT SPECIAL EVENTS (SPECIALEVENTS@DOT.NYC.GOV) FOR FURTHER INFORMATION
SE54B6,0.0001310615989515072,WORK EMBARGO: 03/01/2024 12:01AM - 11:59PM FOR SPECIAL EVENT Red Bull Kumite / Pedestrian Plaza *NYC DOT REQUIRES FULL RESTORATION OF ROADWAY AND/OR SIDEWALK FOR PUBLIC USE AS IT RELATES TO THE EVENT. PLEASE CONTACT DOT SPECIAL EVENTS (SPECIALEVENTS@DOT.NYC.GOV) FOR FURTHER INFORMATION
SE3T77,0.0001310615989515072,WORK EMBARGO: 03/25 12:01AM - 04/06/2023 11:30PM FOR SPECIAL EVENT Bridgerton Production Parking / Production Event / Curb Lane Only *NYC DOT REQUIRES FULL RESTORATION OF ROADWAY AND/OR SIDEWALK FOR PUBLIC USE AS IT RELATES TO THE EVENT. PLEASE CONTACT DOT SPECIAL EVENTS (SPECIALEVENTS@DOT.NYC.GOV) FOR FURTHER INFORMATION
SE54H8,0.0001310615989515072,WORK EMBARGO: 10/25/24 6am-6pm for SIMHAT TORAH 2024. Sidewalk and curb lane closure. *NYC DOT requires full restoration of roadway and/or sidewalk for public use as it relates to the event. Please contact DOT Special Events (SpecialEvents@dot.nyc.gov) for further information.
SE3T39,0.0001310615989515072,WORK EMBARGO: 08/12/2023 8am-5pm for Back to School Rally. Full street closure. *NYC DOT requires full restoration of roadway and/or sidewalk for public use as it relates to the event. Please contact DOT Special Events (specialevents@dot.nyc.gov) for further information.
SE54J5,0.0001310615989515072,WORK EMBARGO: 01/06/25 8am-2pm for 48th Annual Three Kings Day Parade. Full street closure. *NYC DOT requires full restoration of roadway and/or sidewalk for public use as it relates to the event. Please contact DOT Special Events (SpecialEvents@dot.nyc.gov) for further information.
SE3Y27,0.0001310615989515072,WORK EMBARGO: 09/08/2023 10AM - 6:30PM FOR SPECIAL EVENT Lingua Franca Sidewalk Embroidery Event / Partial Sidewalk Closure *NYC DOT REQUIRES FULL RESTORATION OF ROADWAY AND/OR SIDEWALK FOR PUBLIC USE AS IT RELATES TO THE EVENT. PLEASE CONTACT DOT SPECIAL EVENTS (SPECIALEVENTS@DOT.NYC.GOV) FOR FURTHER INFORMATION
SE3Y72,0.0001310615989515072,WORK EMBARGO: 092323 9am-7pm for Cambodia Community UNGA 23. Full street closure. *NYC DOT requires full restoration of roadway andor sidewalk for public use as it relates to the event. Please contact DOT Special Events (SpecialEvents@dot.nyc.gov) for further information.
SE4W06,0.0001310615989515072,WORK EMBARGO: 09/02 12:01AM - 09/15/2023 11:59PM FOR SPECIAL EVENT IMG Fashion Week at Spring Studios - 2023 / Sidewalk and Curb Lane Closure *NYC DOT REQUIRES FULL RESTORATION OF ROADWAY AND/OR SIDEWALK FOR PUBLIC USE AS IT RELATES TO THE EVENT. PLEASE CONTACT DOT SPECIAL EVENTS (SPECIALEVENTS@DOT.NYC.GOV) FOR FURTHER INFORMATION
SE41B3,0.0001310615989515072,WORK EMBARGO: 10/06/24 to 10/27/24 8am-8pm for Festival de Verano 2024/Summer Festival 2024. Full street closure. *NYC DOT requires full restoration of roadway and/or sidewalk for public use as it relates to the event. Please contact DOT Special Events (SpecialEvents@dot.nyc.gov) for further information. Note: Reoccurring events on the date of 10/06/2024 (Sunday) 10/13/2024 (Sunday) 10/20/2024 (Sunday) 10/27/2024 (Sunday)
SE41J7,0.0001310615989515072,WORK EMBARGO: 10/31/202 2:00PM - 6:30PM FOR SPECIAL EVENT Independent Film Spotlight / Curb Lane Only *NYC DOT REQUIRES FULL RESTORATION OF ROADWAY AND/OR SIDEWALK FOR PUBLIC USE AS IT RELATES TO THE EVENT. PLEASE CONTACT DOT SPECIAL EVENTS (SPECIALEVENTS@DOT.NYC.GOV) FOR FURTHER INFORMATION
SE41H9,0.0001310615989515072,WORK EMBARGO: 09/08/2024 12AM - 11:59PM FOR SPECIAL EVENT Black is Beautiful Cultural Event during UNGA / Pedestrian Plaza *NYC DOT REQUIRES FULL RESTORATION OF ROADWAY AND/OR SIDEWALK FOR PUBLIC USE AS IT RELATES TO THE EVENT. PLEASE CONTACT DOT SPECIAL EVENTS (SPECIALEVENTS@DOT.NYC.GOV) FOR FURTHER INFORMATION
SE4X17,0.0001310615989515072,WORK EMBARGO: 10/15/23 3pm-9:30pm for Religious Procession of Our Lord of Miracles. Full street closure. *NYC DOT requires full restoration of roadway and/or sidewalk for public use as it relates to the event. Please contact DOT Special Events (SpecialEvents@dot.nyc.gov) for further information.
SE4X18,0.0001310615989515072,"WORK EMBARGO: 03/16/24 12pm to 03/17/24 6pm for 2024 United Airlines NYC Half. Full street closure. *NYC DOT requires full restoration of roadway and/or sidewalk for public use as it relates to the event. Please contact DOT Special Events (SpecialEvents@dot.nyc.gov) for further information. Note: Includes Manhattan Bridge EB, Central Park: West Dr, East Dr bet 60-72 Sts, 72 ST Cross Drive. Prospect Park: East Dr bet Ocean Ave and Center Dr, East Dr bet Center Dr-Grand Army Plz."
SE4Y32,0.0001310615989515072,WORK EMBARGO: 09.01.2023 6AM - 5PM FOR SPECIAL EVENT Columbia University - 2023 Move-In  *NYC DOT REQUIRES FULL RESTORATION OF ROADWAY ANDOR SIDEWALK FOR PUBLIC USE AS IT RELATES TO THE EVENT. PLEASE CONTACT DOT SPECIAL EVENTS (SPECIALEVENTS@DOT.NYC.GOV) FOR FURTHER INFORMATION
SE4Y34,0.0001310615989515072,WORK EMBARGO: 09092023 10AM - 6PM FOR SPECIAL EVENT Lingua Franca Sidewalk Embroidery Event  Full Sidewalk Closure *NYC DOT REQUIRES FULL RESTORATION OF ROADWAY ANDOR SIDEWALK FOR PUBLIC USE AS IT RELATES TO THE EVENT. PLEASE CONTACT DOT SPECIAL EVENTS (SPECIALEVENTS@DOT.NYC.GOV) FOR FURTHER INFORMATION
SE4Y37,0.0001310615989515072,WORK EMBARGO: 09102023 10AM - 6PM FOR SPECIAL EVENT Lingua Franca Sidewalk Embroidery Event  Full Sidewalk Closure *NYC DOT REQUIRES FULL RESTORATION OF ROADWAY ANDOR SIDEWALK FOR PUBLIC USE AS IT RELATES TO THE EVENT. PLEASE CONTACT DOT SPECIAL EVENTS (SPECIALEVENTS@DOT.NYC.GOV) FOR FURTHER INFORMATION
SE41H0,0.0001310615989515072,WORK EMBARGO: 10/21/2024 12AM - 11PM FOR SPECIAL EVENT Get the Vote Out / Pedestrian Plaza *NYC DOT REQUIRES FULL RESTORATION OF ROADWAY AND/OR SIDEWALK FOR PUBLIC USE AS IT RELATES TO THE EVENT. PLEASE CONTACT DOT SPECIAL EVENTS (SPECIALEVENTS@DOT.NYC.GOV) FOR FURTHER INFORMATION
SE4Z31,0.0001310615989515072,WORK EMBARGO: 10/22/23 6pm-8:30pm for Dance busking in New york. Full street closure. *NYC DOT requires full restoration of roadway and-or sidewalk for public use as it relates to the event. Please contact DOT Special Events (SpecialEvents@dot.nyc.gov) for further information.
SE50U5,0.0001310615989515072,"WORK EMBARGO: 02/27/2026 02:00PM - 06:00PM FOR SPECIAL EVENT 30 Years, 30 Catches / Partial Sidewalk Closure *NYC DOT REQUIRES FULL RESTORATION OF ROADWAY AND/OR SIDEWALK FOR PUBLIC USE AS IT RELATES TO THE EVENT. PLEASE CONTACT DOT SPECIAL EVENTS (SPECIALEVENTS@DOT.NYC.GOV) FOR FURTHER INFORMATION"
SE4Z35,0.0001310615989515072,WORK EMBARGO: 10/27/2023 6AM - 11:59PM FOR SPECIAL EVENT Private Rehearsal Dinner at Loews Regency Hotel: 540 Park Ave. / Curb Lane Only *NYC DOT REQUIRES FULL RESTORATION OF ROADWAY AND/OR SIDEWALK FOR PUBLIC USE AS IT RELATES TO THE EVENT. PLEASE CONTACT DOT SPECIAL EVENTS (SPECIALEVENTS@DOT.NYC.GOV) FOR FURTHER INFORMATION
SE4Z81,0.0001310615989515072,WORK EMBARGO: 10/30 12:01AM - 11/04/2023 11:30PM FOR SPECIAL EVENT MOMA/WALL STREET JOURNAL EVENT / Sidewalk and Curb Lane Closure *NYC DOT REQUIRES FULL RESTORATION OF ROADWAY AND/OR SIDEWALK FOR PUBLIC USE AS IT RELATES TO THE EVENT. PLEASE CONTACT DOT SPECIAL EVENTS (SPECIALEVENTS@DOT.NYC.GOV) FOR FURTHER INFORMATION
SE4Z88,0.0001310615989515072,WORK EMBARGO: 11/20/2023 12AM - 11:30PM FOR SPECIAL EVENT SAKS WINDOW UNVAILING / Sidewalk and Curb Lane Closure *NYC DOT REQUIRES FULL RESTORATION OF ROADWAY AND/OR SIDEWALK FOR PUBLIC USE AS IT RELATES TO THE EVENT. PLEASE CONTACT DOT SPECIAL EVENTS (SPECIALEVENTS@DOT.NYC.GOV) FOR FURTHER INFORMATION
SE507B,0.0001310615989515072,WORK EMBARGO: 09/09/2026 5:30PM - 8:00PM for March for America. Full Street Closure.*NYC DOT REQUIRES FULL RESTORATION OF ROADWAY AND/OR SIDEWALK FOR PUBLIC USE AS IT RELATES TO THE EVENT. PLEASE CONTACT DOT SPECIAL EVENTS (SPECIALEVENTS@DOT.NYC.GOV) FOR FURTHER INFORMATION
SE413B,0.0001310615989515072,WORK EMBARGO: 09/20 05:00AM - 09/22/2026 11:30PM FOR SPECIAL EVENT Climate Group Annual Conference / Curb Lane Only *NYC DOT REQUIRES FULL RESTORATION OF ROADWAY AND/OR SIDEWALK FOR PUBLIC USE AS IT RELATES TO THE EVENT. PLEASE CONTACT DOT SPECIAL EVENTS (SPECIALEVENTS@DOT.NYC.GOV) FOR FURTHER INFORMATION
SE50B3,0.0001310615989515072,WORK EMBARGO: 03/10/2024 4PM - 9PM FOR SPECIAL EVENT RAMADAN PRAYER IN TIMES SQUARE / Pedestrian Plaza *NYC DOT REQUIRES FULL RESTORATION OF ROADWAY AND/OR SIDEWALK FOR PUBLIC USE AS IT RELATES TO THE EVENT. PLEASE CONTACT DOT SPECIAL EVENTS (SPECIALEVENTS@DOT.NYC.GOV) FOR FURTHER INFORMATION
SE40H9,0.0001310615989515072,WORK EMBARGO: 10/13 12PM - 10/16/2024 12AM FOR SPECIAL EVENT VS2024 / Pedestrian Plaza *NYC DOT REQUIRES FULL RESTORATION OF ROADWAY AND/OR SIDEWALK FOR PUBLIC USE AS IT RELATES TO THE EVENT. PLEASE CONTACT DOT SPECIAL EVENTS (SPECIALEVENTS@DOT.NYC.GOV) FOR FURTHER INFORMATION
SE40G4,0.0001310615989515072,WORK EMBARGO: 09/03/24 12am-11:59pm for Thai Trade Cultural Fest name is TBD. Pedestrian plaza. *NYC DOT requires full restoration of roadway and/or sidewalk for public use as it relates to the event. Please contact DOT Special Events (SpecialEvents@dot.nyc.gov) for further information.
SE623A,0.0001310615989515072,WORK EMBARGO: 11/02/2026 03:00 AM - 11:30 PM FOR SPECIAL EVENT Latinos In Times Square Dia de Los Muertos. Pedestrian Plaza. *NYC DOT REQUIRES FULL RESTORATION OF ROADWAY AND/OR SIDEWALK FOR PUBLIC USE AS IT RELATES TO THE EVENT. PLEASE CONTACT DOT SPECIAL EVENTS (SPECIALEVENTS@DOT.NYC.GOV) FOR FURTHER INFORMATION
SE627A,0.0001310615989515072,WORK EMBARGO: 10/21/2026 09:00 AM - 10/22/2026 08:00 PM FOR SPECIAL EVENT RevenueCat Times Square Demo Day. Pedestrian Plaza. *NYC DOT REQUIRES FULL RESTORATION OF ROADWAY AND/OR SIDEWALK FOR PUBLIC USE AS IT RELATES TO THE EVENT. PLEASE CONTACT DOT SPECIAL EVENTS (SPECIALEVENTS@DOT.NYC.GOV) FOR FURTHER INFORMATION
SE31L2,0.0001310615989515072,WORK EMBARGO: 11/08/25 4am-1pm for Breathe Deep NYC. Full street closure. *NYC DOT requires full restoration of roadway and/or sidewalk for public use as it relates to the event. Please contact DOT Special Events (SpecialEvents@dot.nyc.gov) for further information.
SE31K1,0.0001310615989515072,WORK EMBARGO: 05/15/2025 8:00AM - 6:30PM FOR SPECIAL EVENT Family Day / Full Street Closure *NYC DOT REQUIRES FULL RESTORATION OF ROADWAY AND/OR SIDEWALK FOR PUBLIC USE AS IT RELATES TO THE EVENT. PLEASE CONTACT DOT SPECIAL EVENTS (SPECIALEVENTS@DOT.NYC.GOV) FOR FURTHER INFORMATION
SE6W14,0.0001310615989515072,WORK EMBARGO: 09/10/2023 9AM -3PM FOR SPECIAL EVENT St. James Church Fall Picnic / Full Street Closure *NYC DOT REQUIRES FULL RESTORATION OF ROADWAY AND/OR SIDEWALK FOR PUBLIC USE AS IT RELATES TO THE EVENT. PLEASE CONTACT DOT SPECIAL EVENTS (SPECIALEVENTS@DOT.NYC.GOV) FOR FURTHER INFORMATION
SE25S8,0.0001310615989515072,WORK EMBARGO: 10.25 10:00AM - 10/26/2025 07:00PM FOR SPECIAL EVENT Monos / Partial Sidewalk Closure *NYC DOT REQUIRES FULL RESTORATION OF ROADWAY AND/OR SIDEWALK FOR PUBLIC USE AS IT RELATES TO THE EVENT. PLEASE CONTACT DOT SPECIAL EVENTS (SPECIALEVENTS@DOT.NYC.GOV) FOR FURTHER INFORMATION
SE6Y73,0.0001310615989515072,WORK EMBARGO: 09-24-23 1:30pm-7pm for Blessed Sacrament Procession. Full street closure. *NYC DOT requires full restoration of roadway and-or sidewalk for public use as it relates to the event. Please contact DOT Special Events (SpecialEvents@dot.nyc.gov) for further information.
SE25M5,0.0001310615989515072,WORK EMBARGO: 04/04 6:00AM - 04/05/2025 9:15AM FOR SPECIAL EVENT MESHKI Bridal Salon Pop-up / Partial Sidewalk Closure *NYC DOT REQUIRES FULL RESTORATION OF ROADWAY AND/OR SIDEWALK FOR PUBLIC USE AS IT RELATES TO THE EVENT. PLEASE CONTACT DOT SPECIAL EVENTS (SPECIALEVENTS@DOT.NYC.GOV) FOR FURTHER INFORMATION
SE24Z4,0.0001310615989515072,WORK EMBARGO: 09/19/2026 10:00AM - 11:00AM for Ahmed Syed Wedding. Full Street Closure. *NYC DOT REQUIRES FULL RESTORATION OF ROADWAY AND/OR SIDEWALK FOR PUBLIC USE AS IT RELATES TO THE EVENT. PLEASE CONTACT DOT SPECIAL EVENTS (SPECIALEVENTS@DOT.NYC.GOV) FOR FURTHER INFORMATION
SE24Y9,0.0001310615989515072,"WORK EMBARGO: 00/00 - 00/00/2016 FOR SPECIAL EVENT NAME TIME: 12:01 AM - 6 PM *NYC DOT REQUIRES FULL RESTORATION OF ROADWAY AND/OR SIDEWALK FOR PUBLIC USE AS IT RELATES TO THE EVENT. PLEASE CONTACT DOT SPECIAL EVENTS (SPECIALEVENTS@DOT.NYC.GOV) FOR FURTHER INFORMATION. Note: Includes Henry Hudson Pkwy between 12 avenue and West 158 Street, Brooklyn Battery Tunnel/ Hugh L Carey Tunnel Between Hamilton avenue and West St, West Street between Tunnel and 11 avenue, 11 avenue between West street and 12 avenue"
SE6Z69,0.0001310615989515072,WORK EMBARGO: 08/17/24 5pm-8pm for Marcus Garvey Day Parade. Full street closure. *NYC DOT requires full restoration of roadway and/or sidewalk for public use as it relates to the event. Please contact DOT Special Events (SpecialEvents@dot.nyc.gov) for further information.
SE24W8,0.0001310615989515072,WORK EMBARGO: 04/19/2026 08:00AM - 07:00PM FOR SPECIAL EVENT Spring Down Madison Avenue / Curb Lane Only *NYC DOT REQUIRES FULL RESTORATION OF ROADWAY AND/OR SIDEWALK FOR PUBLIC USE AS IT RELATES TO THE EVENT. PLEASE CONTACT DOT SPECIAL EVENTS (SPECIALEVENTS@DOT.NYC.GOV) FOR FURTHER INFORMATION
SE70A9,0.0001310615989515072,"WORK EMBARGO: 02/22/2024 12AM - 11:59PM FOR SPECIAL EVENT International cricket prop / Pedestrian Plaza -Bwy / Curb Lane Only -West 43 Str *NYC DOT REQUIRES FULL RESTORATION OF ROADWAY AND/OR SIDEWALK FOR PUBLIC USE AS IT RELATES TO THE EVENT. PLEASE CONTACT DOT SPECIAL EVENTS (SPECIALEVENTS@DOT.NYC.GOV) FOR FURTHER INFORMATION ** Recurring Dates: 01/17/2024,01/18/2024,01/19/2024"
SE70G6,0.0001310615989515072,WORK EMBARGO: 09/06 6AM - 09/08/2024 9PM FOR SPECIAL EVENT Prada Floral Market - Truck / Curb Lane Only *NYC DOT REQUIRES FULL RESTORATION OF ROADWAY AND/OR SIDEWALK FOR PUBLIC USE AS IT RELATES TO THE EVENT. PLEASE CONTACT DOT SPECIAL EVENTS (SPECIALEVENTS@DOT.NYC.GOV) FOR FURTHER INFORMATION
SE70H4,0.0001310615989515072,WORK EMBARGO: 09/15/2024 6AM - 11:59PM FOR SPECIAL EVENT Mexican Independence Day 2024 / Pedestrian Plaza / Curb Lane Only *NYC DOT REQUIRES FULL RESTORATION OF ROADWAY AND/OR SIDEWALK FOR PUBLIC USE AS IT RELATES TO THE EVENT. PLEASE CONTACT DOT SPECIAL EVENTS (SPECIALEVENTS@DOT.NYC.GOV) FOR FURTHER INFORMATION
SE70H9,0.0001310615989515072,WORK EMBARGO: 09/16/2024 10:00AM - 6:30PM FOR SPECIAL EVENT Vote For Abortion / Pedestrian Plaza *NYC DOT REQUIRES FULL RESTORATION OF ROADWAY AND/OR SIDEWALK FOR PUBLIC USE AS IT RELATES TO THE EVENT. PLEASE CONTACT DOT SPECIAL EVENTS (SPECIALEVENTS@DOT.NYC.GOV) FOR FURTHER INFORMATION
SE70O7,0.0001310615989515072,WORK EMBARGO: 08/30/2025 11:00AM - 8:00PM FOR SPECIAL EVENT 123rd Youth Day program Block Party / Full Street Closure *NYC DOT REQUIRES FULL RESTORATION OF ROADWAY AND/OR SIDEWALK FOR PUBLIC USE AS IT RELATES TO THE EVENT. PLEASE CONTACT DOT SPECIAL EVENTS (SPECIALEVENTS@DOT.NYC.GOV) FOR FURTHER INFORMATION
SE24S9,0.0001310615989515072,WORK EMBARGO: 10/09/2025 08:00AM - 06:00PM FOR SPECIAL EVENT Purina Cat Chow / Curb Lane Only *NYC DOT REQUIRES FULL RESTORATION OF ROADWAY AND/OR SIDEWALK FOR PUBLIC USE AS IT RELATES TO THE EVENT. PLEASE CONTACT DOT SPECIAL EVENTS (SPECIALEVENTS@DOT.NYC.GOV) FOR FURTHER INFORMATION
SE70T3,0.0001310615989515072,"WORK EMBARGO: 04/03/2026 9:30AM - 2:15 PM for Way of the Cross over the Brooklyn Bridge. Full Street Closure, Sidewalk and Curb Lane Closure. *NYC DOT REQUIRES FULL RESTORATION OF ROADWAY AND/OR SIDEWALK FOR PUBLIC USE AS IT RELATES TO THE EVENT. PLEASE CONTACT DOT SPECIAL EVENTS (SPECIALEVENTS@DOT.NYC.GOV) FOR FURTHER INFORMATION. Note: Includes Brooklyn Bridge: Brooklyn Bridge Pedestrian: 2"
SE70T5,0.0001310615989515072,WORK EMBARGO: 04/11/2026 12:00PM - 5:00PM for NYC Tartan Day Parade. Full Street Closure. *NYC DOT REQUIRES FULL RESTORATION OF ROADWAY AND/OR SIDEWALK FOR PUBLIC USE AS IT RELATES TO THE EVENT. PLEASE CONTACT DOT SPECIAL EVENTS (SPECIALEVENTS@DOT.NYC.GOV) FOR FURTHER INFORMATION
SE24G0,0.0001310615989515072,WORK EMBARGO: 10/04 5AM - 10/06/2024 11PM FOR SPECIAL EVENT Times Square Durga Puja 2024 / Pedestrian Plaza *NYC DOT REQUIRES FULL RESTORATION OF ROADWAY AND/OR SIDEWALK FOR PUBLIC USE AS IT RELATES TO THE EVENT. PLEASE CONTACT DOT SPECIAL EVENTS (SPECIALEVENTS@DOT.NYC.GOV) FOR FURTHER INFORMATION
SE24B4,0.0001310615989515072,WORK EMBARGO: 05/26/24 8am-8pm for Washington Sq Spring Fair. Full street closure. *NYC DOT requires full restoration of roadway and/or sidewalk for public use as it relates to the event. Please contact DOT Special Events (SpecialEvents@dot.nyc.gov) for further information.
SE249A,0.0001310615989515072,WORK EMBARGO: 09/05/2026 11:00AM - 07:00PM for NYC FOUTA CULTURAL DAY. Pedestrian Plaza. *NYC DOT REQUIRES FULL RESTORATION OF ROADWAY AND/OR SIDEWALK FOR PUBLIC USE AS IT RELATES TO THE EVENT. PLEASE CONTACT DOT SPECIAL EVENTS (SPECIALEVENTS@DOT.NYC.GOV) FOR FURTHER INFORMATION
SE6V96,0.0001310615989515072,Work Embargo: 08/20/23 7am-12pm for Americas 911 Ride. Rolling street closure. *NYC DOT requires full restoration of roadway and/or sidewalk for public use as it relates to the event. Please contact DOT Special Events (specialevents@dot.nyc.gov) for further information.
SE25Z0,0.0001310615989515072,WORK EMBARGO: 08/01/2026 8:00AM - 12:00PM for 25th Anniversary Celebrations of Shree Swaminarayan Temple in Secaucus New Jersey. Full Street Closure. *NYC DOT REQUIRES FULL RESTORATION OF ROADWAY AND/OR SIDEWALK FOR PUBLIC USE AS IT RELATES TO THE EVENT. PLEASE CONTACT DOT SPECIAL EVENTS (SPECIALEVENTS@DOT.NYC.GOV) FOR FURTHER INFORMATION. Note: Includes Bryant Park
SE267B,0.0001310615989515072,WORK EMBARGO: 10/05 12:00AM - 09/15/2026 11:59PM FOR SPECIAL EVENT CIPRIANI EVENTS / Curb Lane Only *NYC DOT REQUIRES FULL RESTORATION OF ROADWAY AND/OR SIDEWALK FOR PUBLIC USE AS IT RELATES TO THE EVENT. PLEASE CONTACT DOT SPECIAL EVENTS (SPECIALEVENTS@DOT.NYC.GOV) FOR FURTHER INFORMATION
SE6R77,0.0001310615989515072,WORK EMBARGO: 12/06/2022 FOR SPECIAL EVENT Sandy Hook Benefit at Ziegfeld Ballroom / Production Event ** TIME: 6AM - 11:50PM / Curb Lane Only *NYC DOT REQUIRES FULL RESTORATION OF ROADWAY AND/OR SIDEWALK FOR PUBLIC USE AS IT RELATES TO THE EVENT. PLEASE CONTACT DOT SPECIAL EVENTS (SPECIALEVENTS@DOT.NYC.GOV) FOR FURTHER INFORMATION
SE6L99,0.0001310615989515072,WORK EMBARGO: 06/02/22 to 06/30/22 4pm-9pm for Arts and Culture on East 4th Street OPEN STREET. Full street closure. *NYC DOT REQUIRES FULL RESTORATION OF ROADWAY AND/OR SIDEWALK FOR PUBLIC USE AS IT RELATES TO THE EVENT. PLEASE CONTACT DOT SPECIAL EVENTS (SPECIALEVENTS@DOT.NYC.GOV) FOR FURTHER INFORMATION. Recurring Days Notes: 06/02/2022 (Thursday) 06/09/2022 (Thursday) 06/16/2022 (Thursday) 06/23/2022 (Thursday) 06/30/2022 (Thursday)
SE6M35,0.0001310615989515072,WORK EMBARGO: 06/23/2022 FOR SPECIAL EVENT Peter Thomas Roth / Street Event ** TIME: 12AM - 9PM / Partial Sidewalk Closure *NYC DOT REQUIRES FULL RESTORATION OF ROADWAY AND/OR SIDEWALK FOR PUBLIC USE AS IT RELATES TO THE EVENT. PLEASE CONTACT DOT SPECIAL EVENTS (SPECIALEVENTS@DOT.NYC.GOV) FOR FURTHER INFORMATION
SE27K3,0.0001310615989515072,WORK EMBARGO: 05/01/25 8am-8pm for FINANCIAL COMMUNITY LUNCHFEST. Full street closure. *NYC DOT requires full restoration of roadway and/or sidewalk for public use as it relates to the event. Please contact DOT Special Events (SpecialEvents@dot.nyc.gov) for further information.
SE27J1,0.0001310615989515072,WORK EMBARGO: 02/14/2025 12:00AM - 11:59PM FOR SPECIAL EVENT Love in Times Square / Pedestrian Plaza *NYC DOT REQUIRES FULL RESTORATION OF ROADWAY AND/OR SIDEWALK FOR PUBLIC USE AS IT RELATES TO THE EVENT. PLEASE CONTACT DOT SPECIAL EVENTS (SPECIALEVENTS@DOT.NYC.GOV) FOR FURTHER INFORMATION
SE6N77,0.0001310615989515072,WORK EMBARGO: 06/08/22 to 09/29/22 4pm-9pm for Arts and Culture on East 4th Street OPEN STREET. Full street closure. *NYC DOT REQUIRES FULL RESTORATION OF ROADWAY AND/OR SIDEWALK FOR PUBLIC USE AS IT RELATES TO THE EVENT. PLEASE CONTACT DOT SPECIAL EVENTS (SPECIALEVENTS@DOT.NYC.GOV) FOR FURTHER INFORMATION. Recurring Dates: Thu 09/08/2022 04:00 PM - 09:00 PM Thu 09/15/2022 04:00 PM - 09:00 PM Thu 09/22/2022 04:00 PM - 09:00 PM Thu 09/29/2022 04:00 PM - 09:00 PM
SE26S0,0.0001310615989515072,WORK EMBARGO: 10/27 12:00AM - 11/03/2025 09:00AM FOR SPECIAL EVENT Dia De Muertos / Pedestrian Plaza / Curb Lane Only *NYC DOT REQUIRES FULL RESTORATION OF ROADWAY AND/OR SIDEWALK FOR PUBLIC USE AS IT RELATES TO THE EVENT. PLEASE CONTACT DOT SPECIAL EVENTS (SPECIALEVENTS@DOT.NYC.GOV) FOR FURTHER INFORMATION
SE6P97,0.0001310615989515072,WORK EMBARGO: 11/05/22 7:30AM-12PM FOR Witness for Life. Full street closure. *NYC DOT REQUIRES FULL RESTORATION OF ROADWAY AND/OR SIDEWALK FOR PUBLIC USE AS IT RELATES TO THE EVENT. PLEASE CONTACT DOT SPECIAL EVENTS (SPECIALEVENTS@DOT.NYC.GOV) FOR FURTHER INFORMATION
SE26Q1,0.0001310615989515072,WORK EMBARGO: 6/28/2025 6:00AM - 8:00PM for The 56th annual NYC Pride March. Full Street Closure. NYC DOT REQUIRES FULL RESTORATION OF ROADWAY AND/OR SIDEWALK FOR PUBLIC USE AS IT RELATES TO THE EVENT. PLEASE CONTACT DOT SPECIAL EVENTS (SPECIALEVENTS@DOT.NYC.GOV) FOR FURTHER INFORMATION
SE26K9,0.0001310615989515072,WORK EMBARGO: 10/04/25 9am-3pm for Nigeria Independence Day Parade. Full street closure. *NYC DOT requires full restoration of roadway and/or sidewalk for public use as it relates to the event. Please contact DOT Special Events (SpecialEvents@dot.nyc.gov) for further information.
SE26B0,0.0001310615989515072,WORK EMBARGO: 06/22/24 8am-8pm for Washington Sq North Fair. Full street closure. *NYC DOT requires full restoration of roadway and/or sidewalk for public use as it relates to the event. Please contact DOT Special Events (SpecialEvents@dot.nyc.gov) for further information.
SE6S50,0.0001310615989515072,WORK EMBARGO: 09/03/23 8AM- PM FOR SPECIAL EVENT THE 38TH ANNUAL BRAZILIAN DAY FESTIVAL. Full Street Closure *NYC DOT REQUIRES FULL RESTORATION OF ROADWAY AND/OR SIDEWALK FOR PUBLIC USE AS IT RELATES TO THE EVENT. PLEASE CONTACT DOT SPECIAL EVENTS (SPECIALEVENTS@DOT.NYC.GOV) FOR FURTHER INFORMATION
SE26I1,0.0001310615989515072,WORK EMBARGO: 09/23/24 12:30pm-8pm for Unlock The Everyday public mobilization. Pedestrian plaza. *NYC DOT requires full restoration of roadway and/or sidewalk for public use as it relates to the event. Please contact DOT Special Events (SpecialEvents@dot.nyc.gov) for further information.
SE26E5,0.0001310615989515072,WORK EMBARGO: 08/06/2024 8AM - 5:30PM FOR SPECIAL EVENT Outsiders Writing Initiative / Pedestrian Plaza *NYC DOT REQUIRES FULL RESTORATION OF ROADWAY AND/OR SIDEWALK FOR PUBLIC USE AS IT RELATES TO THE EVENT. PLEASE CONTACT DOT SPECIAL EVENTS (SPECIALEVENTS@DOT.NYC.GOV) FOR FURTHER INFORMATION
SE6T77,0.0001310615989515072,WORK EMBARGO: 05/15 12AM - 05/22/2023 11:30PM FOR SPECIAL EVENT Focus Art Fair Production Parking / Curb Lane Only *NYC DOT REQUIRES FULL RESTORATION OF ROADWAY AND/OR SIDEWALK FOR PUBLIC USE AS IT RELATES TO THE EVENT. PLEASE CONTACT DOT SPECIAL EVENTS (SPECIALEVENTS@DOT.NYC.GOV) FOR FURTHER INFORMATION
SE6T92,0.0001310615989515072,WORK EMBARGO: 00/00 - 00/00/2016 FOR SPECIAL EVENT NAME TIME: 12:01 AM - 6 PM *NYC DOT REQUIRES FULL RESTORATION OF ROADWAY AND/OR SIDEWALK FOR PUBLIC USE AS IT RELATES TO THE EVENT. PLEASE CONTACT DOT SPECIAL EVENTS (SPECIALEVENTS@DOT.NYC.GOV) FOR FURTHER INFORMATION
SE26D6,0.0001310615989515072,WORK EMBARGO: 00/00 - 00/00/2016 FOR SPECIAL EVENT NAME TIME: 12:01 AM - 6 PM *NYC DOT REQUIRES FULL RESTORATION OF ROADWAY AND/OR SIDEWALK FOR PUBLIC USE AS IT RELATES TO THE EVENT. PLEASE CONTACT DOT SPECIAL EVENTS (SPECIALEVENTS@DOT.NYC.GOV) FOR FURTHER INFORMATION
SE6U85,0.0001310615989515072,WORK EMBARGO: 07/06/23 to 07/27/23 4pm-9pm for Arts and Culture on East 4th Street OPEN STREET. Full street closure. *NYC DOT requires full restoration of roadway and/or sidewalk for public use as it relates to the event. Please contact DOT Special Events (specialevents@dot.nyc.gov) for further information.
SE6U90,0.0001310615989515072,WORK EMBARGO: 00/00 - 00/00/2016 FOR SPECIAL EVENT NAME TIME: 12:01 AM - 6 PM *NYC DOT REQUIRES FULL RESTORATION OF ROADWAY AND/OR SIDEWALK FOR PUBLIC USE AS IT RELATES TO THE EVENT. PLEASE CONTACT DOT SPECIAL EVENTS (SPECIALEVENTS@DOT.NYC.GOV) FOR FURTHER INFORMATION
SE71H0,0.0001310615989515072,WORK EMBARGO: 09/16/2024 1:00PM - 11:30PM FOR SPECIAL EVENT Latino Heritage Month Celebration / Pedestrian Plaza / Curb Lane Only *NYC DOT REQUIRES FULL RESTORATION OF ROADWAY AND/OR SIDEWALK FOR PUBLIC USE AS IT RELATES TO THE EVENT. PLEASE CONTACT DOT SPECIAL EVENTS (SPECIALEVENTS@DOT.NYC.GOV) FOR FURTHER INFORMATION
SE71T6,0.0001310615989515072,WORK EMBARGO: 03/02/2026 07:00AM - 04:00PM FOR SPECIAL EVENT Beazley Van / Partial Sidewalk Closure / Pedestrian Plaza *NYC DOT REQUIRES FULL RESTORATION OF ROADWAY AND/OR SIDEWALK FOR PUBLIC USE AS IT RELATES TO THE EVENT. PLEASE CONTACT DOT SPECIAL EVENTS (SPECIALEVENTS@DOT.NYC.GOV) FOR FURTHER INFORMATION
SE23N8,0.0001310615989515072,WORK EMBARGO: 04/26/25 to 12/31/25 10:30am-11:30pm for MULBERRY STREET Open Street. Full street closure. *NYC DOT requires full restoration of roadway and/or sidewalk for public use as it relates to the event. Please contact DOT Special Events (SpecialEvents@dot.nyc.gov) for further information.
SE77B6,0.0001310615989515072,WORK EMBARGO: 09/09/24 10am to 09/23/24 11:59am for 98th annual Religious Feast of San Gennaro. Sidewalk and street closure. *NYC DOT requires full restoration of roadway and/or sidewalk for public use as it relates to the event. Please contact DOT Special Events (SpecialEvents@dot.nyc.gov) for further information.
SE76B3,0.0001310615989515072,"WORK EMBARGO: 03/10/24 6am-6pm for Tibetan National Uprising Day. Full street closure. *NYC DOT requires full restoration of roadway and/or sidewalk for public use as it relates to the event. Please contact DOT Special Events (SpecialEvents@dot.nyc.gov) for further information. Note: Includes Korean War Veterans Plaza, Brooklyn Bridge : Brooklyn Bridge Pedestrian: 1 Note: Between Park Row and Tillary St."
SE76H1,0.0001310615989515072,WORK EMBARGO: 10/16/2024 12AM - 11:59PM FOR SPECIAL EVENT BOYS AND GIRLS CLUB GALA / Partial Sidewalk Closure *NYC DOT REQUIRES FULL RESTORATION OF ROADWAY AND/OR SIDEWALK FOR PUBLIC USE AS IT RELATES TO THE EVENT. PLEASE CONTACT DOT SPECIAL EVENTS (SPECIALEVENTS@DOT.NYC.GOV) FOR FURTHER INFORMATION
SE214C,0.0001310615989515072,WORK EMBARGO: 11/03 12:00AM - 11/08/2026 11:59PM FOR SPECIAL EVENT PR Stunt in TSQ - PLAZA TBD - as available / Pedestrian Plaza *NYC DOT REQUIRES FULL RESTORATION OF ROADWAY AND/OR SIDEWALK FOR PUBLIC USE AS IT RELATES TO THE EVENT. PLEASE CONTACT DOT SPECIAL EVENTS (SPECIALEVENTS@DOT.NYC.GOV) FOR FURTHER INFORMATION
SE20R3,0.0001310615989515072,WORK EMBARGO: 09/16 05:00PM - 09/18/2025 10:00AM FOR SPECIAL EVENT Artemest x Eccentrica / Curb Lane Only *NYC DOT REQUIRES FULL RESTORATION OF ROADWAY AND/OR SIDEWALK FOR PUBLIC USE AS IT RELATES TO THE EVENT. PLEASE CONTACT DOT SPECIAL EVENTS (SPECIALEVENTS@DOT.NYC.GOV) FOR FURTHER INFORMATION
SE20Q4,0.0001310615989515072,WORK EMBARGO: 08/30/2025 4:30PM - 11:30PM FOR SPECIAL EVENT Adelphic Union Lodge Annual Cigar Affair / Sidewalk and Curb Lane Closure *NYC DOT REQUIRES FULL RESTORATION OF ROADWAY AND/OR SIDEWALK FOR PUBLIC USE AS IT RELATES TO THE EVENT. PLEASE CONTACT DOT SPECIAL EVENTS (SPECIALEVENTS@DOT.NYC.GOV) FOR FURTHER INFORMATION
SE76U9,0.0001310615989515072,"WORK EMBARGO: 03/10/2026 6:00AM - 6:00PM for Tibetan National Uprising Day. Full Street, Partial Sidewalk, Sidewalk and Curb Lane Closure. Full Street Closure. *NYC DOT REQUIRES FULL RESTORATION OF ROADWAY AND/OR SIDEWALK FOR PUBLIC USE AS IT RELATES TO THE EVENT. PLEASE CONTACT DOT SPECIAL EVENTS (SPECIALEVENTS@DOT.NYC.GOV) FOR FURTHER INFORMATION. Note: Includes Korean War Veterans Plaza"
SE20B8,0.0001310615989515072,WORK EMBARGO: 02/12/2024 1PM - 11:30PM FOR SPECIAL EVENT Apple TV - THE FIRST LOOK PRODUCTION / Curb Lane Only *NYC DOT REQUIRES FULL RESTORATION OF ROADWAY AND/OR SIDEWALK FOR PUBLIC USE AS IT RELATES TO THE EVENT. PLEASE CONTACT DOT SPECIAL EVENTS (SPECIALEVENTS@DOT.NYC.GOV) FOR FURTHER INFORMATION
SE77A9,0.0001310615989515072,WORK EMBARGO: 06/01/24 8am-7pm for Dragon Fest. Full street closure. *NYC DOT requires full restoration of roadway and/or sidewalk for public use as it relates to the event. Please contact DOT Special Events (SpecialEvents@dot.nyc.gov) for further information.
SE77G0,0.0001310615989515072,WORK EMBARGO: 09/19/2024 12:01AM - 11:59PM FOR SPECIAL EVENT Production Parking - Load-in Load-out / Curb Lane Only *NYC DOT REQUIRES FULL RESTORATION OF ROADWAY AND/OR SIDEWALK FOR PUBLIC USE AS IT RELATES TO THE EVENT. PLEASE CONTACT DOT SPECIAL EVENTS (SPECIALEVENTS@DOT.NYC.GOV) FOR FURTHER INFORMATION
SE219A,0.0001310615989515072,WORK EMBARGO: 07/29 07:30AM - 07/30/2026 11:59PM FOR SPECIAL EVENT Haddad Brands Iron23 Event / Curb Lane Only / Partial Sidewalk Closure *NYC DOT REQUIRES FULL RESTORATION OF ROADWAY AND/OR SIDEWALK FOR PUBLIC USE AS IT RELATES TO THE EVENT. PLEASE CONTACT DOT SPECIAL EVENTS (SPECIALEVENTS@DOT.NYC.GOV) FOR FURTHER INFORMATION
SE1V07,0.0001310615989515072,WORK EMBARGO: 05/08 12:01AM - 05/22/2023 11:59PM FOR SPECIAL EVENT Tribeca Rooftop - 5/8 - 5/22 / Curb Lane Only *NYC DOT REQUIRES FULL RESTORATION OF ROADWAY AND/OR SIDEWALK FOR PUBLIC USE AS IT RELATES TO THE EVENT. PLEASE CONTACT DOT SPECIAL EVENTS (SPECIALEVENTS@DOT.NYC.GOV) FOR FURTHER INFORMATION
SE77H5,0.0001310615989515072,WORK EMBARGO: 10/23 12AM - 10/28/2024 11PM FOR SPECIAL EVENT MetroPlus Gold Open Enrollment / Curb Lane Only *NYC DOT REQUIRES FULL RESTORATION OF ROADWAY AND/OR SIDEWALK FOR PUBLIC USE AS IT RELATES TO THE EVENT. PLEASE CONTACT DOT SPECIAL EVENTS (SPECIALEVENTS@DOT.NYC.GOV) FOR FURTHER INFORMATION
SE77J3,0.0001310615989515072,WORK EMBARGO: 07/05/25 8am-8pm for 3rd Avenue Cooper Square Fair. Full street closure. *NYC DOT requires full restoration of roadway and/or sidewalk for public use as it relates to the event. Please contact DOT Special Events (SpecialEvents@dot.nyc.gov) for further information.
SE1U56,0.0001310615989515072,WORK EMBARGO: 09/10/23 9am-8pm for SHM Fundraiser. Full Street Closure *NYC DOT REQUIRES FULL RESTORATION OF ROADWAY AND/OR SIDEWALK FOR PUBLIC USE AS IT RELATES TO THE EVENT. PLEASE CONTACT DOT SPECIAL EVENTS (SPECIALEVENTS@DOT.NYC.GOV) FOR FURTHER INFORMATION
SE1T51,0.0001310615989515072,WORK EMBARGO: 04/20/23 8am-3pm for Paws and Give Thanks Day. Pedestrian plaza. *NYC DOT requires full restoration of roadway and/or sidewalk for public use as it relates to the event. Please contact DOT Special Events (specialevents@dot.nyc.gov) for further information.
SE1T06,0.0001310615989515072,WORK EMBARGO: 04/12/23 6am to 04/14/23 7pm for Beverage Giveaway. Curb lane only. *NYC DOT requires full restoration of roadway and/or sidewalk for public use as it relates to the event. Please contact DOT Special Events (specialevents@dot.nyc.gov) for further information.
SE1T04,0.0001310615989515072,WORK EMBARGO: 04/22/23 to 04/25/23 6am-11:59pm for BNEF Conference at The Intercontinental Barclays Hotel: 111 E. 48th St. Curb lane only. *NYC DOT requires full restoration of roadway and/or sidewalk for public use as it relates to the event. Please contact DOT Special Events (specialevents@dot.nyc.gov) for further information.
SE1S78,0.0001310615989515072,WORK EMBARGO: 06/03/23 8am-8pm for Lenox Hill Neighborhood House 1st Avenue Festival. Full street closure. *NYC DOT REQUIRES FULL RESTORATION OF ROADWAY AND/OR SIDEWALK FOR PUBLIC USE AS IT RELATES TO THE EVENT. PLEASE CONTACT DOT SPECIAL EVENTS (SPECIALEVENTS@DOT.NYC.GOV) FOR FURTHER INFORMATION
SE75D4,0.0001310615989515072,WORK EMBARGO: 05/15/2024 6AM - 11:59PM FOR SPECIAL EVENT Reach Out and Read at Scholastic / Curb Lane Only *NYC DOT REQUIRES FULL RESTORATION OF ROADWAY AND/OR SIDEWALK FOR PUBLIC USE AS IT RELATES TO THE EVENT. PLEASE CONTACT DOT SPECIAL EVENTS (SPECIALEVENTS@DOT.NYC.GOV) FOR FURTHER INFORMATION
SE74U1,0.0001310615989515072,WORK EMBARGO: 10/16/2026 12:01AM - 10/18/2026 11:59PM for 2026 Embargo Annual Disability Pride Parade. Full Street Closure. *NYC DOT REQUIRES FULL RESTORATION OF ROADWAY AND/OR SIDEWALK FOR PUBLIC USE AS IT RELATES TO THE EVENT. PLEASE CONTACT DOT SPECIAL EVENTS (SPECIALEVENTS@DOT.NYC.GOV) FOR FURTHER INFORMATION. Note: Includes 5th Avenue between 27th street and 24th street
SE23C8,0.0001310615989515072,WORK EMBARGO: 05/19/24 8am-6pm for ANNUAL NEPAL DAY PARADE. Full street closure. *NYC DOT requires full restoration of roadway and/or sidewalk for public use as it relates to the event. Please contact DOT Special Events (SpecialEvents@dot.nyc.gov) for further information.
SE73H5,0.0001310615989515072,WORK EMBARGO: 09/06/2024 10AM - 9PM FOR SPECIAL EVENT Body Freedom for EveryBody NYC / Sidewalk and Curb Lane Closure *NYC DOT REQUIRES FULL RESTORATION OF ROADWAY AND/OR SIDEWALK FOR PUBLIC USE AS IT RELATES TO THE EVENT. PLEASE CONTACT DOT SPECIAL EVENTS (SPECIALEVENTS@DOT.NYC.GOV) FOR FURTHER INFORMATION
SE72D5,0.0001310615989515072,WORK EMBARGO: 08/10/2024 9AM - 5PM FOR SPECIAL EVENT Manhattanville Family Day / Full Street Closure *NYC DOT REQUIRES FULL RESTORATION OF ROADWAY AND/OR SIDEWALK FOR PUBLIC USE AS IT RELATES TO THE EVENT. PLEASE CONTACT DOT SPECIAL EVENTS (SPECIALEVENTS@DOT.NYC.GOV) FOR FURTHER INFORMATION
SE23B0,0.0001310615989515072,WORK EMBARGO: 05/05/24 8am-8pm for 46th Annual Plantathon Festival. Full street closure. *NYC DOT requires full restoration of roadway and/or sidewalk for public use as it relates to the event. Please contact DOT Special Events (SpecialEvents@dot.nyc.gov) for further information.
SE239A,0.0001310615989515072,WORK EMBARGO: 09/06/2026 08:00AM - 04:30PM FOR SPECIAL EVENT Legacy Church Block Party / Full Street Closure *NYC DOT REQUIRES FULL RESTORATION OF ROADWAY AND/OR SIDEWALK FOR PUBLIC USE AS IT RELATES TO THE EVENT. PLEASE CONTACT DOT SPECIAL EVENTS (SPECIALEVENTS@DOT.NYC.GOV) FOR FURTHER INFORMATION
SE22U2,0.0001310615989515072,WORK EMBARGO: 06/05/2026 12:00PM - 08:00PM FOR SPECIAL EVENT Red White Blue Block Party / Full Street Closure *NYC DOT REQUIRES FULL RESTORATION OF ROADWAY AND/OR SIDEWALK FOR PUBLIC USE AS IT RELATES TO THE EVENT. PLEASE CONTACT DOT SPECIAL EVENTS (SPECIALEVENTS@DOT.NYC.GOV) FOR FURTHER INFORMATION
SE22U1,0.0001310615989515072,WORK EMBARGO: 05/23/2026 12:00AM - 08:30PM FOR SPECIAL EVENT Urban Hope - NYC Celebration / Curb Lane Only / Pedestrian Plaza *NYC DOT REQUIRES FULL RESTORATION OF ROADWAY AND/OR SIDEWALK FOR PUBLIC USE AS IT RELATES TO THE EVENT. PLEASE CONTACT DOT SPECIAL EVENTS (SPECIALEVENTS@DOT.NYC.GOV) FOR FURTHER INFORMATION
SE22S8,0.0001310615989515072,WORK EMBARGO: 09/28 06:00AM - 10/05/2025 11:59PM FOR SPECIAL EVENT illy Activation at Hudson Yards Plaza / Curb Lane Only *NYC DOT REQUIRES FULL RESTORATION OF ROADWAY AND/OR SIDEWALK FOR PUBLIC USE AS IT RELATES TO THE EVENT. PLEASE CONTACT DOT SPECIAL EVENTS (SPECIALEVENTS@DOT.NYC.GOV) FOR FURTHER INFORMATION
SE22Q8,0.0001310615989515072,WORK EMBARGO: 07/30/2025 06:30AM - 09:00PM FOR SPECIAL EVENT Digital Dept - Crocs NYC Launch Day 2 / Sidewalk and Curb Lane Closure *NYC DOT REQUIRES FULL RESTORATION OF ROADWAY AND/OR SIDEWALK FOR PUBLIC USE AS IT RELATES TO THE EVENT. PLEASE CONTACT DOT SPECIAL EVENTS (SPECIALEVENTS@DOT.NYC.GOV) FOR FURTHER INFORMATION
SE22N0,0.0001310615989515072,WORK EMBARGO: 08/10/2025 9AM - 5PM FOR SPECIAL EVENT Calvary Picnic / Full Street Closure *NYC DOT REQUIRES FULL RESTORATION OF ROADWAY AND/OR SIDEWALK FOR PUBLIC USE AS IT RELATES TO THE EVENT. PLEASE CONTACT DOT SPECIAL EVENTS (SPECIALEVENTS@DOT.NYC.GOV) FOR FURTHER INFORMATION
SE48I4,0.0001310615989515072,WORK EMBARGO: 10/31 2AM - 11/01/024 5AM FOR SPECIAL EVENT Heidi Klum Halloween Event / Sidewalk and Curb Lane Closure *NYC DOT REQUIRES FULL RESTORATION OF ROADWAY AND/OR SIDEWALK FOR PUBLIC USE AS IT RELATES TO THE EVENT. PLEASE CONTACT DOT SPECIAL EVENTS (SPECIALEVENTS@DOT.NYC.GOV) FOR FURTHER INFORMATION
SE21S3,0.0001310615989515072,WORK EMBARGO: 11/01 12:01AM - 11/11/2025 11:00PM FOR SPECIAL EVENT The Salon Art and Design / Curb Lane Only *NYC DOT REQUIRES FULL RESTORATION OF ROADWAY AND/OR SIDEWALK FOR PUBLIC USE AS IT RELATES TO THE EVENT. PLEASE CONTACT DOT SPECIAL EVENTS (SPECIALEVENTS@DOT.NYC.GOV) FOR FURTHER INFORMATION
SE22I5,0.0001310615989515072,WORK EMBARGO: 09/11 6AM - 09/13/2024 11:59PM FOR SPECIAL EVENT Birthday Celebration at The Metropolitan Club: 1 E. 60th St. / Curb Lane Only *NYC DOT REQUIRES FULL RESTORATION OF ROADWAY AND/OR SIDEWALK FOR PUBLIC USE AS IT RELATES TO THE EVENT. PLEASE CONTACT DOT SPECIAL EVENTS (SPECIALEVENTS@DOT.NYC.GOV) FOR FURTHER INFORMATION
SE22C0,0.0001310615989515072,WORK EMBARGO: 00/00 - 00/00/2016 FOR SPECIAL EVENT NAME TIME: 12:01 AM - 6 PM *NYC DOT REQUIRES FULL RESTORATION OF ROADWAY AND/OR SIDEWALK FOR PUBLIC USE AS IT RELATES TO THE EVENT. PLEASE CONTACT DOT SPECIAL EVENTS (SPECIALEVENTS@DOT.NYC.GOV) FOR FURTHER INFORMATION
SE22B5,0.0001310615989515072,WORK EMBARGO: 04/21/24 8am-8pm for 2nd Avenue Fair. Full street closure. *NYC DOT requires full restoration of roadway and/or sidewalk for public use as it relates to the event. Please contact DOT Special Events (SpecialEvents@dot.nyc.gov) for further information.
SE223A,0.0001310615989515072,WORK EMBARGO: 08/05/2026 08:00AM - 06:00PM FOR SPECIAL EVENT Delivery/Collection / Curb Lane Only *NYC DOT REQUIRES FULL RESTORATION OF ROADWAY AND/OR SIDEWALK FOR PUBLIC USE AS IT RELATES TO THE EVENT. PLEASE CONTACT DOT SPECIAL EVENTS (SPECIALEVENTS@DOT.NYC.GOV) FOR FURTHER INFORMATION
SE745A,0.0001310615989515072,WORK EMBARGO: 09/20/2026 09:00AM - 04:00PM FOR SPECIAL EVENT Longest Table Flatiron / Full Street Closure *NYC DOT REQUIRES FULL RESTORATION OF ROADWAY AND/OR SIDEWALK FOR PUBLIC USE AS IT RELATES TO THE EVENT. PLEASE CONTACT DOT SPECIAL EVENTS (SPECIALEVENTS@DOT.NYC.GOV) FOR FURTHER INFORMATION
SE747B,0.0001310615989515072,WORK EMBARGO: 10/17/2026 12:30PM - 7:30PM for Octoberfest. Sidewalk and Street Closure. *NYC DOT REQUIRES FULL RESTORATION OF ROADWAY AND/OR SIDEWALK FOR PUBLIC USE AS IT RELATES TO THE EVENT. PLEASE CONTACT DOT SPECIAL EVENTS (SPECIALEVENTS@DOT.NYC.GOV) FOR FURTHER INFORMATION
SE74A5,0.0001310615989515072,WORK EMBARGO: 03/16 12:01AM - 03/17/2023 11:59PM FOR SPECIAL EVENT ST PATRICKS COUNTDOWN / Pedestrian Plaza *NYC DOT REQUIRES FULL RESTORATION OF ROADWAY AND/OR SIDEWALK FOR PUBLIC USE AS IT RELATES TO THE EVENT. PLEASE CONTACT DOT SPECIAL EVENTS (SPECIALEVENTS@DOT.NYC.GOV) FOR FURTHER INFORMATION
SE74A7,0.0001310615989515072,WORK EMBARGO: 05/16/2024 10:00AM - 6:30PM FOR SPECIAL EVENT Family Day / Full Street Closure *NYC DOT REQUIRES FULL RESTORATION OF ROADWAY AND/OR SIDEWALK FOR PUBLIC USE AS IT RELATES TO THE EVENT. PLEASE CONTACT DOT SPECIAL EVENTS (SPECIALEVENTS@DOT.NYC.GOV) FOR FURTHER INFORMATION
SE6L18,0.0001310615989515072,WORK EMBARGO: 06/08/22 5am to 06/14/22 10pm for LEAF Festival of Flowers Street Event. Full street closure. *NYC DOT REQUIRES FULL RESTORATION OF ROADWAY AND/OR SIDEWALK FOR PUBLIC USE AS IT RELATES TO THE EVENT. PLEASE CONTACT DOT SPECIAL EVENTS (SPECIALEVENTS@DOT.NYC.GOV) FOR FURTHER INFORMATION. Also includes: NINTH AVENUE between WEST 13 STREET and WEST 15 STREE
SE6K84,0.0001310615989515072,WORK EMBARGO: 11/19/22 8am-8pm for NYC TOURIST DAY. Full street closure. *NYC DOT REQUIRES FULL RESTORATION OF ROADWAY AND/OR SIDEWALK FOR PUBLIC USE AS IT RELATES TO THE EVENT. PLEASE CONTACT DOT SPECIAL EVENTS (SPECIALEVENTS@DOT.NYC.GOV) FOR FURTHER INFORMATION
SE27R4,0.0001310615989515072,WORK EMBARGO: 09/08/2025 12:00AM - 08:00PM FOR SPECIAL EVENT MAJOR FOOD PRODUCTION EVENT / Sidewalk and Curb Lane Closure *NYC DOT REQUIRES FULL RESTORATION OF ROADWAY AND/OR SIDEWALK FOR PUBLIC USE AS IT RELATES TO THE EVENT. PLEASE CONTACT DOT SPECIAL EVENTS (SPECIALEVENTS@DOT.NYC.GOV) FOR FURTHER INFORMATION
SE2S62,0.0001310615989515072,WORK EMBARGO: 06/17/23 8am-8pm for Bleecker Street Fair. Full street closure. *NYC DOT REQUIRES FULL RESTORATION OF ROADWAY AND/OR SIDEWALK FOR PUBLIC USE AS IT RELATES TO THE EVENT. PLEASE CONTACT DOT SPECIAL EVENTS (SPECIALEVENTS@DOT.NYC.GOV) FOR FURTHER INFORMATION
SE2U56,0.0001310615989515072,WORK EMBARGO: 08/19/23 3pm to 08/20/23 12pm for Americas 9/11 Ride. Full street closure. *NYC DOT requires full restoration of roadway and/or sidewalk for public use as it relates to the event. Please contact DOT Special Events (specialevents@dot.nyc.gov) for further information.
SE64Z6,0.0001310615989515072,WORK EMBARGO: 07/29 12:00AM - 07/30/2026 11:59PM FOR SPECIAL EVENT TSQ PLAZA EVENT with Digital Screens / Pedestrian Plaza *NYC DOT REQUIRES FULL RESTORATION OF ROADWAY AND/OR SIDEWALK FOR PUBLIC USE AS IT RELATES TO THE EVENT. PLEASE CONTACT DOT SPECIAL EVENTS (SPECIALEVENTS@DOT.NYC.GOV) FOR FURTHER INFORMATION
SE2U07,0.0001310615989515072,WORK EMBARGO: 04/04 12:01AM - 04/05/2023 11:59PM FOR SPECIAL EVENT Vacheron Store Install at 28 E. 57th St. / Curb Lane Only *NYC DOT REQUIRES FULL RESTORATION OF ROADWAY AND/OR SIDEWALK FOR PUBLIC USE AS IT RELATES TO THE EVENT. PLEASE CONTACT DOT SPECIAL EVENTS (SPECIALEVENTS@DOT.NYC.GOV) FOR FURTHER INFORMATION
SE65B4,0.0001310615989515072,WORK EMBARGO: 03/192/2024 12AM - 7PM FOR SPECIAL EVENT From NYC to Caribbean Blue / Pedestrian Plaza *NYC DOT REQUIRES FULL RESTORATION OF ROADWAY AND/OR SIDEWALK FOR PUBLIC USE AS IT RELATES TO THE EVENT. PLEASE CONTACT DOT SPECIAL EVENTS (SPECIALEVENTS@DOT.NYC.GOV) FOR FURTHER INFORMATION
SE2T82,0.0001310615989515072,WORK EMBARGO: 10/07/23 9am-3pm for Nigeria Independence Day Parade. Full street closure. *NYC DOT requires full restoration of roadway and/or sidewalk for public use as it relates to the event. Please contact DOT Special Events (specialevents@dot.nyc.gov) for further information.
SE2S96,0.0001310615989515072,WORK EMBARGO: 07/04/23 8am-8pm for THE GREAT JULY 4TH FESTIVAL. Full street closure. *NYC DOT REQUIRES FULL RESTORATION OF ROADWAY AND/OR SIDEWALK FOR PUBLIC USE AS IT RELATES TO THE EVENT. PLEASE CONTACT DOT SPECIAL EVENTS (SPECIALEVENTS@DOT.NYC.GOV) FOR FURTHER INFORMATION
SE2S83,0.0001310615989515072,WORK EMBARGO: 07/01/23 8am-8pm for MURRAY HILL MERCHANDISE FAIR. Full street closure. *NYC DOT REQUIRES FULL RESTORATION OF ROADWAY AND/OR SIDEWALK FOR PUBLIC USE AS IT RELATES TO THE EVENT. PLEASE CONTACT DOT SPECIAL EVENTS (SPECIALEVENTS@DOT.NYC.GOV) FOR FURTHER INFORMATION
SE65R6,0.0001310615989515072,WORK EMBARGO: 09/19 12:01AM - 09/30/2025 11:59PM FOR SPECIAL EVENT Ryder Cup Live Activation at Rockefeller Plaza / Curb Lane Only *NYC DOT REQUIRES FULL RESTORATION OF ROADWAY AND/OR SIDEWALK FOR PUBLIC USE AS IT RELATES TO THE EVENT. PLEASE CONTACT DOT SPECIAL EVENTS (SPECIALEVENTS@DOT.NYC.GOV) FOR FURTHER INFORMATION
SE2S25,0.0001310615989515072,WORK EMBARGO: 01/27//2023 FOR SPECIAL EVENT COFFEENCLOTHES EVENT / Production Event ** TIME: 12PM - 11:59PM / Curb Lane Only *NYC DOT REQUIRES FULL RESTORATION OF ROADWAY AND/OR SIDEWALK FOR PUBLIC USE AS IT RELATES TO THE EVENT. PLEASE CONTACT DOT SPECIAL EVENTS (SPECIALEVENTS@DOT.NYC.GOV) FOR FURTHER INFORMATION
SE300A,0.0001310615989515072,WORK EMBARGO: 09/26/2026 10:00AM - 6:30PM for The San Gennaro Grand Procession Parade. Full Street Closure. *NYC DOT REQUIRES FULL RESTORATION OF ROADWAY AND/OR SIDEWALK FOR PUBLIC USE AS IT RELATES TO THE EVENT. PLEASE CONTACT DOT SPECIAL EVENTS (SPECIALEVENTS@DOT.NYC.GOV) FOR FURTHER INFORMATION
SE65S9,0.0001310615989515072,WORK EMBARGO: 06/21/2026 1:00PM - 8:00PM for Jana Parade. Full Street Closure. NYC DOT REQUIRES FULL RESTORATION OF ROADWAY AND/OR SIDEWALK FOR PUBLIC USE AS IT RELATES TO THE EVENT. PLEASE CONTACT DOT SPECIAL EVENTS (SPECIALEVENTS@DOT.NYC.GOV) FOR FURTHER INFORMATION
SE65T9,0.0001310615989515072,WORK EMBARGO: 09/14 09:00AM - 09/27/2026 11:30PM FOR SPECIAL EVENT 100th Annual Festival of San Gennaro / Full Sidewalk Closure / Sidewalk and Curb Lane Closure / Curb Lane Only *NYC DOT REQUIRES FULL RESTORATION OF ROADWAY AND/OR SIDEWALK FOR PUBLIC USE AS IT RELATES TO THE EVENT. PLEASE CONTACT DOT SPECIAL EVENTS (SPECIALEVENTS@DOT.NYC.GOV) FOR FURTHER INFORMATION
SE66A4,0.0001310615989515072,WORK EMBARGO: 09/23 12AM - 09/24/2023 2AM FOR SPECIAL EVENT NNUAL Met Opera Opening Night Gala Simulcast 2024 / Pedestrian Plaza *NYC DOT REQUIRES FULL RESTORATION OF ROADWAY AND/OR SIDEWALK FOR PUBLIC USE AS IT RELATES TO THE EVENT. PLEASE CONTACT DOT SPECIAL EVENTS (SPECIALEVENTS@DOT.NYC.GOV) FOR FURTHER INFORMATION
SE66B1,0.0001310615989515072,WORK EMBARGO: 05/06/2024 4:00PM - 11:30PM FOR SPECIAL EVENT Metropolitan Museum Costume Gala / Full Street Closure -86 St / Sidewalk and Street Closure -5th Av *NYC DOT REQUIRES FULL RESTORATION OF ROADWAY AND/OR SIDEWALK FOR PUBLIC USE AS IT RELATES TO THE EVENT. PLEASE CONTACT DOT SPECIAL EVENTS (SPECIALEVENTS@DOT.NYC.GOV) FOR FURTHER INFORMATION
SE2Q96,0.0001310615989515072,WORK EMBARGO: 09/15/2022 FOR SPECIAL EVENT CEWs Beauty Bazaar at Chelsea Industrial Studios: 535-549 W.28th St. / Production Event ** TIME: 6AM - 11:59PM / Curb Lane Only *NYC DOT REQUIRES FULL RESTORATION OF ROADWAY AND/OR SIDEWALK FOR PUBLIC USE AS IT RELATES TO THE EVENT. PLEASE CONTACT DOT SPECIAL EVENTS (SPECIALEVENTS@DOT.NYC.GOV) FOR FURTHER INFORMATION
SE66G2,0.0001310615989515072,WORK EMBARGO: 10/10/24 3:30pm-6:30pm for The 113th Anniversary of Double Ten Celebration. Full street closure. *NYC DOT requires full restoration of roadway and/or sidewalk for public use as it relates to the event. Please contact DOT Special Events (SpecialEvents@dot.nyc.gov) for further information.
SE2Q51,0.0001310615989515072,WORK EMBARGO: 00/00 - 00/00/2016 FOR SPECIAL EVENT NAME TIME: 12:01 AM - 6 PM *NYC DOT REQUIRES FULL RESTORATION OF ROADWAY AND/OR SIDEWALK FOR PUBLIC USE AS IT RELATES TO THE EVENT. PLEASE CONTACT DOT SPECIAL EVENTS (SPECIALEVENTS@DOT.NYC.GOV) FOR FURTHER INFORMATION
SE66R3,0.0001310615989515072,WORK EMBARGO: 10/07 12:01AM - 10/10/2025 11:59PM FOR SPECIAL EVENT Production Launch Inside Venue / Curb Lane Only *NYC DOT REQUIRES FULL RESTORATION OF ROADWAY AND/OR SIDEWALK FOR PUBLIC USE AS IT RELATES TO THE EVENT. PLEASE CONTACT DOT SPECIAL EVENTS (SPECIALEVENTS@DOT.NYC.GOV) FOR FURTHER INFORMATION
SE2Y92,0.0001310615989515072,WORK EMBARGO: 09/16/23 7am-8pm for The Artists March. Full street closure. *NYC DOT requires full restoration of roadway and/or sidewalk for public use as it relates to the event. Please contact DOT Special Events (SpecialEvents@dot.nyc.gov) for further information.
SE64M2,0.0001310615989515072,WORK EMBARGO: 06/28/25 9am-6pm for Bikers for Babie. Rolling street closure. *NYC DOT requires full restoration of roadway and/or sidewalk for public use as it relates to the event. Please contact DOT Special Events (SpecialEvents@dot.nyc.gov) for further information.
SE2Q10,0.0001310615989515072,WORK EMBARGO: 09/22/2022 FOR SPECIAL EVENT ZEGNA OESI EVENT / Street Event ** TIME: 8AM - 11:30PM / Sidewalk and Curb Lane Closure *NYC DOT REQUIRES FULL RESTORATION OF ROADWAY AND/OR SIDEWALK FOR PUBLIC USE AS IT RELATES TO THE EVENT. PLEASE CONTACT DOT SPECIAL EVENTS (SPECIALEVENTS@DOT.NYC.GOV) FOR FURTHER INFORMATION
SE63B9,0.0001310615989515072,WORK EMBARGO: 09/09/24 12:01am to 09/23/24 11:59pm for 2024 Embargo San Gennaro Feast (Sept 19-23). Full street closure. *NYC DOT requires full restoration of roadway and/or sidewalk for public use as it relates to the event. Please contact DOT Special Events (SpecialEvents@dot.nyc.gov) for further information.
SE31E6,0.0001310615989515072,WORK EMBARGO: 09/07/2024 6AM - 12:30PM FOR SPECIAL EVENT 2024 New York City Buddy Walk / Curb Lane Only *NYC DOT REQUIRES FULL RESTORATION OF ROADWAY AND/OR SIDEWALK FOR PUBLIC USE AS IT RELATES TO THE EVENT. PLEASE CONTACT DOT SPECIAL EVENTS (SPECIALEVENTS@DOT.NYC.GOV) FOR FURTHER INFORMATION
SE62I7,0.0001310615989515072,WORK EMBARGO: 10/23 12PM - 10/24/2024 9PM FOR SPECIAL EVENT Grand Opening of Commodity Fragrances / Sidewalk and Curb Lane Closure *NYC DOT REQUIRES FULL RESTORATION OF ROADWAY AND/OR SIDEWALK FOR PUBLIC USE AS IT RELATES TO THE EVENT. PLEASE CONTACT DOT SPECIAL EVENTS (SPECIALEVENTS@DOT.NYC.GOV) FOR FURTHER INFORMATION
SE30U8,0.0001310615989515072,WORK EMBARGO: 06/20/2026 8:00AM - 8:00PM for Juneteenth Celebration. Full Street Closure. *NYC DOT REQUIRES FULL RESTORATION OF ROADWAY AND/OR SIDEWALK FOR PUBLIC USE AS IT RELATES TO THE EVENT. PLEASE CONTACT DOT SPECIAL EVENTS (SPECIALEVENTS@DOT.NYC.GOV) FOR FURTHER INFORMATION
SE62Q5,0.0001310615989515072,WORK EMBARGO: 10/31/2025 04:00PM - 09:00PM FOR SPECIAL EVENT Halloween / Full Street Closure *NYC DOT REQUIRES FULL RESTORATION OF ROADWAY AND/OR SIDEWALK FOR PUBLIC USE AS IT RELATES TO THE EVENT. PLEASE CONTACT DOT SPECIAL EVENTS (SPECIALEVENTS@DOT.NYC.GOV) FOR FURTHER INFORMATION
SE62X6,0.0001310615989515072,WORK EMBARGO: 06/07/2026 1:00PM - 4:30PM for Corpus Christi Feast Day Procession. Full Street Closure. *NYC DOT REQUIRES FULL RESTORATION OF ROADWAY AND/OR SIDEWALK FOR PUBLIC USE AS IT RELATES TO THE EVENT. PLEASE CONTACT DOT SPECIAL EVENTS (SPECIALEVENTS@DOT.NYC.GOV) FOR FURTHER INFORMATION
SE637B,0.0001310615989515072,WORK EMBARGO: 09/08 06:00AM - 09/12/2026 11:59PM FOR SPECIAL EVENT Michal Kors Fashion Show at Museum of Modern Art: 11 W. 53rd St. / Curb Lane Only *NYC DOT REQUIRES FULL RESTORATION OF ROADWAY AND/OR SIDEWALK FOR PUBLIC USE AS IT RELATES TO THE EVENT. PLEASE CONTACT DOT SPECIAL EVENTS (SPECIALEVENTS@DOT.NYC.GOV) FOR FURTHER INFORMATION
SE63B4,0.0001310615989515072,WORK EMBARGO: 09/09/24 12:01am to 09/23/24 11:59pm for 2024 Embargo San Gennaro Feast (Sept 9-13). Full street closure. *NYC DOT requires full restoration of roadway and/or sidewalk for public use as it relates to the event. Please contact DOT Special Events (SpecialEvents@dot.nyc.gov) for further information.
SE63B7,0.0001310615989515072,WORK EMBARGO: 09/09/24 12:01am to 09/23/24 11:59pm for 2024 Embargo San Gennaro Feast (Sept 14-18). Full street closure. *NYC DOT requires full restoration of roadway and/or sidewalk for public use as it relates to the event. Please contact DOT Special Events (SpecialEvents@dot.nyc.gov) for further information.
SE63D2,0.0001310615989515072,WORK EMBARGO: 05/08 3PM - 05/09/2024 11:59PM FOR SPECIAL EVENT Moonlight Studios - McLaren Event / *NYC DOT REQUIRES FULL RESTORATION OF ROADWAY AND/OR SIDEWALK FOR PUBLIC USE AS IT RELATES TO THE EVENT. PLEASE CONTACT DOT SPECIAL EVENTS (SPECIALEVENTS@DOT.NYC.GOV) FOR FURTHER INFORMATION
SE64I9,0.0001310615989515072,WORK EMBARGO: 07/26/25 12pm to 07/27/25 1:30pm for Empire State Ride. Full street closure. *NYC DOT requires full restoration of roadway and/or sidewalk for public use as it relates to the event. Please contact DOT Special Events (SpecialEvents@dot.nyc.gov) for further information.
SE63I7,0.0001310615989515072,WORK EMBARGO: 11/08/2024 12AM - 9:30PM FOR SPECIAL EVENT Battle Champs / Pedestrian Plaza *NYC DOT REQUIRES FULL RESTORATION OF ROADWAY AND/OR SIDEWALK FOR PUBLIC USE AS IT RELATES TO THE EVENT. PLEASE CONTACT DOT SPECIAL EVENTS (SPECIALEVENTS@DOT.NYC.GOV) FOR FURTHER INFORMATION
SE63K5,0.0001310615989515072,WORK EMBARGO: 06/01/25 8am-8pm for Philippine Independence Day Celebration. Full street closure. *NYC DOT requires full restoration of roadway and/or sidewalk for public use as it relates to the event. Please contact DOT Special Events (SpecialEvents@dot.nyc.gov) for further information.
SE63M1,0.0001310615989515072,WORK EMBARGO: 05/18/25 4am-4pm for 23rd Annual NYPD Memorial 5k Run. Full street closure. *NYC DOT requires full restoration of roadway and/or sidewalk for public use as it relates to the event. Please contact DOT Special Events (SpecialEvents@dot.nyc.gov) for further information.
SE30B6,0.0001310615989515072,WORK EMBARGO: 08/25/24 10am-8pm for NOHO COMMUNITY EXPO. Full street closure. *NYC DOT requires full restoration of roadway and/or sidewalk for public use as it relates to the event. Please contact DOT Special Events (SpecialEvents@dot.nyc.gov) for further information.
SE64B2,0.0001310615989515072,WORK EMBARGO: 04/21/2024 FOR SPECIAL 10AM - 5PM EVENT Armenian Genocide Commemoration 109th Anniversary / *NYC DOT REQUIRES FULL RESTORATION OF ROADWAY AND/OR SIDEWALK FOR PUBLIC USE AS IT RELATES TO THE EVENT. PLEASE CONTACT DOT SPECIAL EVENTS (SPECIALEVENTS@DOT.NYC.GOV) FOR FURTHER INFORMATION
SE306B,0.0001310615989515072,WORK EMBARGO: 09/17/2026 12:01AM - 11:59PM FOR SPECIAL EVENT DGA/NOBU LOAD IN/OUT GUEST DROP OFF / Curb Lane Only *NYC DOT REQUIRES FULL RESTORATION OF ROADWAY AND/OR SIDEWALK FOR PUBLIC USE AS IT RELATES TO THE EVENT. PLEASE CONTACT DOT SPECIAL EVENTS (SPECIALEVENTS@DOT.NYC.GOV) FOR FURTHER INFORMATION
SE64G1,0.0001310615989515072,WORK EMBARGO: 09/16 6AM - 09/17/2024 7:30PM FOR SPECIAL EVENT TSX EVENT / Pedestrian Plaza *NYC DOT REQUIRES FULL RESTORATION OF ROADWAY AND/OR SIDEWALK FOR PUBLIC USE AS IT RELATES TO THE EVENT. PLEASE CONTACT DOT SPECIAL EVENTS (SPECIALEVENTS@DOT.NYC.GOV) FOR FURTHER INFORMATION
SE64I0,0.0001310615989515072,WORK EMBARGO: 11/11/2024 12AM - 11:30PM FOR SPECIAL EVENT Race Car Event and Announce / Pedestrian Plaza *NYC DOT REQUIRES FULL RESTORATION OF ROADWAY AND/OR SIDEWALK FOR PUBLIC USE AS IT RELATES TO THE EVENT. PLEASE CONTACT DOT SPECIAL EVENTS (SPECIALEVENTS@DOT.NYC.GOV) FOR FURTHER INFORMATION
SE66S0,0.0001310615989515072,WORK EMBARGO: 09/27/2026 3:00AM - 5:00PM for Annual Broadway Flea Market and Grand Auction. Pedestrian Plaza and Sidewalk and Curb Lane Closure. NYC DOT REQUIRES FULL RESTORATION OF ROADWAY AND/OR SIDEWALK FOR PUBLIC USE AS IT RELATES TO THE EVENT. PLEASE CONTACT DOT SPECIAL EVENTS (SPECIALEVENTS@DOT.NYC.GOV) FOR FURTHER INFORMATION
SE66T2,0.0001310615989515072,WORK EMBARGO: 04/25/2026 06:00AM - 06:30PM FOR SPECIAL EVENT Open Streets: Car-Free Earth Day - Manhattan / Pedestrian Plaza *NYC DOT REQUIRES FULL RESTORATION OF ROADWAY AND/OR SIDEWALK FOR PUBLIC USE AS IT RELATES TO THE EVENT. PLEASE CONTACT DOT SPECIAL EVENTS (SPECIALEVENTS@DOT.NYC.GOV) FOR FURTHER INFORMATION
SE6K71,0.0001310615989515072,WORK EMBARGO: 06/15 8:30AM - 06/16/2022 9PM FOR SPECIAL EVENT BEVNET / Production Event / Curb Lane Only *NYC DOT REQUIRES FULL RESTORATION OF ROADWAY AND/OR SIDEWALK FOR PUBLIC USE AS IT RELATES TO THE EVENT. PLEASE CONTACT DOT SPECIAL EVENTS (SPECIALEVENTS@DOT.NYC.GOV) FOR FURTHER INFORMATION
SE6I66,0.0001310615989515072,WORK EMBARGO: 09/24/22 8am-8pm for BIG APPLE PERFORMING ARTS FAIR. Full street closure. *NYC DOT REQUIRES FULL RESTORATION OF ROADWAY AND/OR SIDEWALK FOR PUBLIC USE AS IT RELATES TO THE EVENT. PLEASE CONTACT DOT SPECIAL EVENTS (SPECIALEVENTS@DOT.NYC.GOV) FOR FURTHER INFORMATION
SE2J73,0.0001310615989515072,"WORK EMBARGO: 001/21 10AM - 02/28/2022 7PM FOR SPECIAL EVENT Testing Station / Street Event / Partial Sidewalk Closure *NYC DOT REQUIRES FULL RESTORATION OF ROADWAY AND/OR SIDEWALK FOR PUBLIC USE AS IT RELATES TO THE EVENT. PLEASE CONTACT DOT SPECIAL EVENTS (SPECIALEVENTS@DOT.NYC.GOV) FOR FURTHER INFORMATION ** Recurring Dates: 01/21/2022,01/22/2022,01/23/2022,01/24/2022,01/25/2022,01/26/2022,01/27/2022,01/28/2022,01/29/2022,01/30/2022,01/31/2022,02/01/2022,02/02/2022,02/03/2022,02/04/2022,02/05/2022,02/06/2022,02/07/2022,02/08/2022,02/09/2022,02/10/2022,02/11/2022,02/12/2022,02/13/2022,02/14/2022,02/15/2022,02/16/2022,02/17/2022,02/18/2022,02/19/2022,02/20/2022,02/21/2022,02/22/2022,02/23/2022,02/24/2022,02/25/2022,02/26/2022,02/27/2022,02/28/2022"
SE69U8,0.0001310615989515072,WORK EMBARGO: 05/19/2026 11:00AM - 5:00PM for Celebrating Birth of Malcolm X. Full Street Closure. *NYC DOT REQUIRES FULL RESTORATION OF ROADWAY AND/OR SIDEWALK FOR PUBLIC USE AS IT RELATES TO THE EVENT. PLEASE CONTACT DOT SPECIAL EVENTS (SPECIALEVENTS@DOT.NYC.GOV) FOR FURTHER INFORMATION
SE2I80,0.0001310615989515072,WORK EMBARGO: 06/11/22 3am-3pm for Hare Krishna Festival 2022. Full street closure. *NYC DOT REQUIRES FULL RESTORATION OF ROADWAY AND/OR SIDEWALK FOR PUBLIC USE AS IT RELATES TO THE EVENT. PLEASE CONTACT DOT SPECIAL EVENTS (SPECIALEVENTS@DOT.NYC.GOV) FOR FURTHER INFORMATION
SE29W7,0.0001310615989515072,WORK EMBARGO: 06t/20/2026 7:00AM - 4:30PM for Christian Family Parade. Full Street Closure. *NYC DOT REQUIRES FULL RESTORATION OF ROADWAY AND/OR SIDEWALK FOR PUBLIC USE AS IT RELATES TO THE EVENT. PLEASE CONTACT DOT SPECIAL EVENTS (SPECIALEVENTS@DOT.NYC.GOV) FOR FURTHER INFORMATION
SE29J5,0.0001310615989515072,WORK EMBARGO: 12/28/2024 6AM - 5PM FOR SPECIAL EVENT Good Riddance Day / Pedestrian Plaza *NYC DOT REQUIRES FULL RESTORATION OF ROADWAY AND/OR SIDEWALK FOR PUBLIC USE AS IT RELATES TO THE EVENT. PLEASE CONTACT DOT SPECIAL EVENTS (SPECIALEVENTS@DOT.NYC.GOV) FOR FURTHER INFORMATION
SE6H66,0.0001310615989515072,"WORK EMBARGO: 00/00 - 00/00/2016 FOR SPECIAL EVENT NAME TIME: 12:01 AM - 6 PM *NYC DOT REQUIRES FULL RESTORATION OF ROADWAY AND/OR SIDEWALK FOR PUBLIC USE AS IT RELATES TO THE EVENT. PLEASE CONTACT DOT SPECIAL EVENTS (SPECIALEVENTS@DOT.NYC.GOV) FOR FURTHER INFORMATION ** Trinity Pl is intersected with Rector St - Pine is not on the list - Batterly Pl intersected with West St, State St is not on the List. / FRANKFORT -Looks like its Dover - ST BET PEAR & SOUTH does ot pintersect"
SE29J0,0.0001310615989515072,WORK EMBARGO: 11/23/2024 12:00PM - 6:00PM FOR SPECIAL EVENT Falun Dafa Exercises / Pedestrian Plaza *NYC DOT REQUIRES FULL RESTORATION OF ROADWAY AND/OR SIDEWALK FOR PUBLIC USE AS IT RELATES TO THE EVENT. PLEASE CONTACT DOT SPECIAL EVENTS (SPECIALEVENTS@DOT.NYC.GOV) FOR FURTHER INFORMATION
SE6I43,0.0001310615989515072,WORK EMBARGO: 10/15/22 8am-8pm for USO - AVENUE OF THE AMERICAS AUTUMNFEST. Full street closure. *NYC DOT REQUIRES FULL RESTORATION OF ROADWAY AND/OR SIDEWALK FOR PUBLIC USE AS IT RELATES TO THE EVENT. PLEASE CONTACT DOT SPECIAL EVENTS (SPECIALEVENTS@DOT.NYC.GOV) FOR FURTHER INFORMATION
SE29B7,0.0001310615989515072,WORK EMBARGO: 08/18/24 6am-9pm for HARLEM DAY. Full street closure. *NYC DOT requires full restoration of roadway and/or sidewalk for public use as it relates to the event. Please contact DOT Special Events (SpecialEvents@dot.nyc.gov) for further information.
SE2J81,0.0001310615989515072,WORK EMBARGO: 03/27/22 8am-8pm for Astor Place Spring Fair. Full street closure. *NYC DOT REQUIRES FULL RESTORATION OF ROADWAY AND/OR SIDEWALK FOR PUBLIC USE AS IT RELATES TO THE EVENT. PLEASE CONTACT DOT SPECIAL EVENTS (SPECIALEVENTS@DOT.NYC.GOV) FOR FURTHER INFORMATION
SE29B1,0.0001310615989515072,WORK EMBARGO: 08/17/24 6am-9pm for Summer in The City. Full street closure. *NYC DOT requires full restoration of roadway and/or sidewalk for public use as it relates to the event. Please contact DOT Special Events (SpecialEvents@dot.nyc.gov) for further information.
SE28V1,0.0001310615989515072,WORK EMBARGO: 05/01 10:00AM - 05/04/2026 06:00PM FOR SPECIAL EVENT TD Five Boro Bike Tour / Full Street Closure / Sidewalk and Street Closure *NYC DOT REQUIRES FULL RESTORATION OF ROADWAY AND/OR SIDEWALK FOR PUBLIC USE AS IT RELATES TO THE EVENT. PLEASE CONTACT DOT SPECIAL EVENTS (SPECIALEVENTS@DOT.NYC.GOV) FOR FURTHER INFORMATION
SE28N6,0.0001310615989515072,WORK EMBARGO: 05/16 12:01AM - 05/22/20215 11:59PM FOR SPECIAL EVENT 2025 Macys Flower Show - Production Parking / Curb Lane Only *NYC DOT REQUIRES FULL RESTORATION OF ROADWAY AND/OR SIDEWALK FOR PUBLIC USE AS IT RELATES TO THE EVENT. PLEASE CONTACT DOT SPECIAL EVENTS (SPECIALEVENTS@DOT.NYC.GOV) FOR FURTHER INFORMATION
SE28B5,0.0001310615989515072,WORK EMBARGO: 08/10/24 8am-8pm for Washington Sq Summer Fair. Full street closure. *NYC DOT requires full restoration of roadway and/or sidewalk for public use as it relates to the event. Please contact DOT Special Events (SpecialEvents@dot.nyc.gov) for further information.
SE6J09,0.0001310615989515072,WORK EMBARGO: 05/04/22 9am-4pm for Strawberry Fest. Full street closure. *NYC DOT REQUIRES FULL RESTORATION OF ROADWAY AND/OR SIDEWALK FOR PUBLIC USE AS IT RELATES TO THE EVENT. PLEASE CONTACT DOT SPECIAL EVENTS (SPECIALEVENTS@DOT.NYC.GOV) FOR FURTHER INFORMATION
SE281A,0.0001310615989515072,WORK EMBARGO: 09/12/2026 06:30AM - 06:00PM FOR SPECIAL EVENT NYC BUDDY WALK / Curb Lane Only *NYC DOT REQUIRES FULL RESTORATION OF ROADWAY AND/OR SIDEWALK FOR PUBLIC USE AS IT RELATES TO THE EVENT. PLEASE CONTACT DOT SPECIAL EVENTS (SPECIALEVENTS@DOT.NYC.GOV) FOR FURTHER INFORMATION
SE6J98,0.0001310615989515072,WORK EMBARGO: 03/06 12:01AM - 03/20/2022 11:59PM FOR SPECIAL EVENT Winter Village / Production Event / Curb Lane Only *NYC DOT REQUIRES FULL RESTORATION OF ROADWAY AND/OR SIDEWALK FOR PUBLIC USE AS IT RELATES TO THE EVENT. PLEASE CONTACT DOT SPECIAL EVENTS (SPECIALEVENTS@DOT.NYC.GOV) FOR FURTHER INFORMATION
SE6K67,0.0001310615989515072,WORK EMBARGO: 09/03/2022 FOR SPECIAL EVENT El Barrio Old Timers / Block Party ** TIME: 1PM - 7PM / Full Street Closure *NYC DOT REQUIRES FULL RESTORATION OF ROADWAY AND/OR SIDEWALK FOR PUBLIC USE AS IT RELATES TO THE EVENT. PLEASE CONTACT DOT SPECIAL EVENTS (SPECIALEVENTS@DOT.NYC.GOV) FOR FURTHER INFORMATION
SE69U4,0.0001310615989515072,WORK EMBARGO: 05/02/2026 10:00AM - 3:00PM for 54th Annual NYC Cannabis Parade. Full Street Closure. *NYC DOT REQUIRES FULL RESTORATION OF ROADWAY AND/OR SIDEWALK FOR PUBLIC USE AS IT RELATES TO THE EVENT. PLEASE CONTACT DOT SPECIAL EVENTS (SPECIALEVENTS@DOT.NYC.GOV) FOR FURTHER INFORMATION
SE2K17,0.0001310615989515072,WORK EMBARGO: 05/18/2022 FOR SPECIAL EVENT HARD ROCK BUS PARKING AND PRODUCTION LOAD IN / Production Event ** TIME: 12AM - 11:59PM / Curb Lane Only *NYC DOT REQUIRES FULL RESTORATION OF ROADWAY AND/OR SIDEWALK FOR PUBLIC USE AS IT RELATES TO THE EVENT. PLEASE CONTACT DOT SPECIAL EVENTS (SPECIALEVENTS@DOT.NYC.GOV) FOR FURTHER INFORMATION
SE66U3,0.0001310615989515072,WORK EMBARGO: 04/28 12:01AM - 04/29/2026 11:59PM FOR SPECIAL EVENT Hudson Yards Plaza - Screen Install / Curb Lane Only *NYC DOT REQUIRES FULL RESTORATION OF ROADWAY AND/OR SIDEWALK FOR PUBLIC USE AS IT RELATES TO THE EVENT. PLEASE CONTACT DOT SPECIAL EVENTS (SPECIALEVENTS@DOT.NYC.GOV) FOR FURTHER INFORMATION
SE2M22,0.0001310615989515072,WORK EMBARGO: 07/17/22 10am-4pm for carnaval cubano. Full street closure. *NYC DOT REQUIRES FULL RESTORATION OF ROADWAY AND/OR SIDEWALK FOR PUBLIC USE AS IT RELATES TO THE EVENT. PLEASE CONTACT DOT SPECIAL EVENTS (SPECIALEVENTS@DOT.NYC.GOV) FOR FURTHER INFORMATION
SE6738,0.0001310615989515072,Template for Brooklyn Bridge for cloning stips only NYC DOT MAY REQUIRE FULL RESTORATION OF ROADWAY AND/OR SIDEWALK FOR PUBLIC USE AS IT RELATES TO THE EVENT
SE2P91,0.0001310615989515072,WORK EMBARGO: 09/04/22 to 09/25/22 2pm-7pm for SALSA STORIES - SUFFOLK STREET- SEP. Full street closure. *NYC DOT REQUIRES FULL RESTORATION OF ROADWAY AND/OR SIDEWALK FOR PUBLIC USE AS IT RELATES TO THE EVENT. PLEASE CONTACT DOT SPECIAL EVENTS (SPECIALEVENTS@DOT.NYC.GOV) FOR FURTHER INFORMATION. Recurring Days Notes: 09/04/2022 (Sunday) 09/11/2022 (Sunday) 09/18/2022 (Sunday) 09/25/2022 (Sunday)
SE2P90,0.0001310615989515072,WORK EMBARGO: 10/02/22 to 10/16/22 2pm-7pm for SALSA STORIES - SUFFOLK STREET- OCT. Full street closure. *NYC DOT REQUIRES FULL RESTORATION OF ROADWAY AND/OR SIDEWALK FOR PUBLIC USE AS IT RELATES TO THE EVENT. PLEASE CONTACT DOT SPECIAL EVENTS (SPECIALEVENTS@DOT.NYC.GOV) FOR FURTHER INFORMATION. Recurring Days Notes: 10/02/2022 (Sunday) 10/09/2022 (Sunday) 10/16/2022 (Sunday)
SE2P89,0.0001310615989515072,WORK EMBARGO: 08/08/22 2pm-7pm for SALSA STORIES - SUFFOLK STREET- AUG. Full street closure. *NYC DOT REQUIRES FULL RESTORATION OF ROADWAY AND/OR SIDEWALK FOR PUBLIC USE AS IT RELATES TO THE EVENT. PLEASE CONTACT DOT SPECIAL EVENTS (SPECIALEVENTS@DOT.NYC.GOV) FOR FURTHER INFORMATION
SE2P56,0.0001310615989515072,WORK EMBARGO: 07/31/22 11am-8:30pm for Dior please apologize to Chinese culture. Full street closure. *NYC DOT REQUIRES FULL RESTORATION OF ROADWAY AND/OR SIDEWALK FOR PUBLIC USE AS IT RELATES TO THE EVENT. PLEASE CONTACT DOT SPECIAL EVENTS (SPECIALEVENTS@DOT.NYC.GOV) FOR FURTHER INFORMATION
SE67Y2,0.0001310615989515072,"WORK EMBARGO: 07/26/2026 9:00AM - 2:00PM for Annual Rolling Thunder Motorcycle Ride. Full Street Closure. *NYC DOT REQUIRES FULL RESTORATION OF ROADWAY AND/OR SIDEWALK FOR PUBLIC USE AS IT RELATES TO THE EVENT. PLEASE CONTACT DOT SPECIAL EVENTS (SPECIALEVENTS@DOT.NYC.GOV) FOR FURTHER INFORMATION. Note: Includes Hugh L Carey Tunnel, Verrazano Bridge, Brooklyn Queens Expressway between Brooklyn Bridge and Gowanus Expressway, Brooklyn Bridge between Brooklyn Queens Expressway and FDR North, FDR North between Brooklyn Bridge FDR North Exit E 42 St, Staten Island Expressway between Verrazano Narrows Bridge and SIE Exit 9 Westbound, Gowanus Expressway between Verrazona Narrows Bridge and Brooklyn Queens Expressway"
SE67Y5,0.0001310615989515072,WORK EMBARGO: 06/10/2026 12:01AM - 06/16/2026 11:59PM for 2026 Embargo FIFA World Cup: Game Day. Full Street Closure. *NYC DOT REQUIRES FULL RESTORATION OF ROADWAY AND/OR SIDEWALK FOR PUBLIC USE AS IT RELATES TO THE EVENT. PLEASE CONTACT DOT SPECIAL EVENTS (SPECIALEVENTS@DOT.NYC.GOV) FOR FURTHER INFORMATION
SE2M81,0.0001310615989515072,WORK EMBARGO: 05/12/2022 FOR SPECIAL EVENT Hard Rock Hotel Grand Opening at- 159 W. 48th St. / Street Event ** TIME: 7AM - 11:59PM / Sidewalk and Curb Lane Closure *NYC DOT REQUIRES FULL RESTORATION OF ROADWAY AND/OR SIDEWALK FOR PUBLIC USE AS IT RELATES TO THE EVENT. PLEASE CONTACT DOT SPECIAL EVENTS (SPECIALEVENTS@DOT.NYC.GOV) FOR FURTHER INFORMATION
SE68J1,0.0001310615989515072,WORK EMBARGO: 05/17/2025 8AM - 5PM FOR SPECIAL EVENT Parsons School of Design: The Peoples Runway / Full Street Closure *NYC DOT REQUIRES FULL RESTORATION OF ROADWAY AND/OR SIDEWALK FOR PUBLIC USE AS IT RELATES TO THE EVENT. PLEASE CONTACT DOT SPECIAL EVENTS (SPECIALEVENTS@DOT.NYC.GOV) FOR FURTHER INFORMATION
SE2K21,0.0001310615989515072,WORK EMBARGO: 03/12/22 12pm-3pm for Jason Tata Rivera Memorial Walk. Full street closure. *NYC DOT REQUIRES FULL RESTORATION OF ROADWAY AND/OR SIDEWALK FOR PUBLIC USE AS IT RELATES TO THE EVENT. PLEASE CONTACT DOT SPECIAL EVENTS (SPECIALEVENTS@DOT.NYC.GOV) FOR FURTHER INFORMATION
SE2M20,0.0001310615989515072,WORK EMBARGO: 07/12/22 10am-2:30pm for Spring Thing on the Green. / Block Party / Full street closure. *NYC DOT REQUIRES FULL RESTORATION OF ROADWAY AND/OR SIDEWALK FOR PUBLIC USE AS IT RELATES TO THE EVENT. PLEASE CONTACT DOT SPECIAL EVENTS (SPECIALEVENTS@DOT.NYC.GOV) FOR FURTHER INFORMATION
SE68V8,0.0001310615989515072,WORK EMBARGO: 05/07 12:00AM - 05/08/2026 10:00PM FOR SPECIAL EVENT Beauty of Joseon / Pedestrian Plaza / Curb Lane Only *NYC DOT REQUIRES FULL RESTORATION OF ROADWAY AND/OR SIDEWALK FOR PUBLIC USE AS IT RELATES TO THE EVENT. PLEASE CONTACT DOT SPECIAL EVENTS (SPECIALEVENTS@DOT.NYC.GOV) FOR FURTHER INFORMATION
SE2L83,0.0001310615989515072,WORK EMBARGO: 06/15 12AM - 06/19/2022 12:30AM FOR SPECIAL EVENT Frites Artois / Plaza Event / Pedestrian Plaza *NYC DOT REQUIRES FULL RESTORATION OF ROADWAY AND/OR SIDEWALK FOR PUBLIC USE AS IT RELATES TO THE EVENT. PLEASE CONTACT DOT SPECIAL EVENTS (SPECIALEVENTS@DOT.NYC.GOV) FOR FURTHER INFORMATION
SE69A2,0.0001310615989515072,WORK EMBARGO: 05/19/24 8am-4pm for The 3rd Asian Pacific American Cultural Heritage Parade. Full street closure. *NYC DOT requires full restoration of roadway and/or sidewalk for public use as it relates to the event. Please contact DOT Special Events (SpecialEvents@dot.nyc.gov) for further information.
SE69F4,0.0001310615989515072,WORK EMBARGO: 08/03/2024 10AM - 7PM FOR SPECIAL EVENT Halloran - Kahn Wedding / Curb Lane Only *NYC DOT REQUIRES FULL RESTORATION OF ROADWAY AND/OR SIDEWALK FOR PUBLIC USE AS IT RELATES TO THE EVENT. PLEASE CONTACT DOT SPECIAL EVENTS (SPECIALEVENTS@DOT.NYC.GOV) FOR FURTHER INFORMATION
SE69J3,0.0001310615989515072,WORK EMBARGO: 04/12/25 8am-8pm for 2nd Avenue Fair. Full street closure. *NYC DOT requires full restoration of roadway and/or sidewalk for public use as it relates to the event. Please contact DOT Special Events (SpecialEvents@dot.nyc.gov) for further information.
SE69N8,0.0001310615989515072,WORK EMBARGO: 05/14/2025 8:00AM - 2:00PM FOR SPECIAL EVENT Circle Taxi Stand / Curb Lane Only *NYC DOT REQUIRES FULL RESTORATION OF ROADWAY AND/OR SIDEWALK FOR PUBLIC USE AS IT RELATES TO THE EVENT. PLEASE CONTACT DOT SPECIAL EVENTS (SPECIALEVENTS@DOT.NYC.GOV) FOR FURTHER INFORMATION
SE2K35,0.0001310615989515072,WORK EMBARGO: 05/22/22 9am-6pm for PS 59 International Festival Block Party. Full street closure. *NYC DOT REQUIRES FULL RESTORATION OF ROADWAY AND/OR SIDEWALK FOR PUBLIC USE AS IT RELATES TO THE EVENT. PLEASE CONTACT DOT SPECIAL EVENTS (SPECIALEVENTS@DOT.NYC.GOV) FOR FURTHER INFORMATION
SE49X1,0.0001310615989515072,WORK EMBARGO: 06/02 12:00AM - 06/09/2026 11:30PM FOR SPECIAL EVENT ANUA EVENT / Curb Lane Only *NYC DOT REQUIRES FULL RESTORATION OF ROADWAY AND/OR SIDEWALK FOR PUBLIC USE AS IT RELATES TO THE EVENT. PLEASE CONTACT DOT SPECIAL EVENTS (SPECIALEVENTS@DOT.NYC.GOV) FOR FURTHER INFORMATION
